# Tube mesh generated by tube_mesh_sweeper.py
v 0.08595523 0.21334857 2.00000000
v 0.03149661 -0.30141687 1.93185165
v -0.01925074 -0.78110189 1.73205081
v -0.06282848 -1.19301675 1.41421356
v -0.09626686 -1.50909014 1.00000000
v -0.11728710 -1.70778218 0.51763809
v -0.12445672 -1.77555234 0.00000000
v -0.11728710 -1.70778218 -0.51763809
v -0.09626686 -1.50909014 -1.00000000
v -0.06282848 -1.19301675 -1.41421356
v -0.01925074 -0.78110189 -1.73205081
v 0.03149661 -0.30141687 -1.93185165
v 0.08595523 0.21334857 -2.00000000
v 0.14041384 0.72811400 -1.93185165
v 0.19116120 1.20779902 -1.73205081
v 0.23473894 1.61971389 -1.41421356
v 0.26817731 1.93578728 -1.00000000
v 0.28919755 2.13447932 -0.51763809
v 0.29636717 2.20224947 -0.00000000
v 0.28919755 2.13447932 0.51763809
v 0.26817731 1.93578728 1.00000000
v 0.23473894 1.61971389 1.41421356
v 0.19116120 1.20779902 1.73205081
v 0.14041384 0.72811400 1.93185165
v 0.38173690 0.18205691 2.00000000
v 0.32567954 -0.33253687 1.93185165
v 0.27344240 -0.81206194 1.73205081
v 0.22858535 -1.22383946 1.41421356
v 0.19416533 -1.53980745 1.00000000
v 0.17252800 -1.73843324 0.51763809
v 0.16514791 -1.80618080 0.00000000
v 0.17252800 -1.73843324 -0.51763809
v 0.19416533 -1.53980745 -1.00000000
v 0.22858535 -1.22383946 -1.41421356
v 0.27344240 -0.81206194 -1.73205081
v 0.32567954 -0.33253687 -1.93185165
v 0.38173690 0.18205691 -2.00000000
v 0.43779426 0.69665070 -1.93185165
v 0.49003140 1.17617577 -1.73205081
v 0.53488845 1.58795328 -1.41421356
v 0.56930847 1.90392128 -1.00000000
v 0.59094580 2.10254707 -0.51763809
v 0.59832590 2.17029463 -0.00000000
v 0.59094580 2.10254707 0.51763809
v 0.56930847 1.90392128 1.00000000
v 0.53488845 1.58795328 1.41421356
v 0.49003140 1.17617577 1.73205081
v 0.43779426 0.69665070 1.93185165
v 0.68327014 0.14827997 2.00000000
v 0.62444254 -0.36600449 1.93185165
v 0.56962394 -0.84524131 1.73205081
v 0.52255015 -1.25677130 1.41421356
v 0.48642915 -1.57254937 1.00000000
v 0.46372255 -1.77105576 0.51763809
v 0.45597775 -1.83876260 0.00000000
v 0.46372255 -1.77105576 -0.51763809
v 0.48642915 -1.57254937 -1.00000000
v 0.52255015 -1.25677130 -1.41421356
v 0.56962394 -0.84524131 -1.73205081
v 0.62444254 -0.36600449 -1.93185165
v 0.68327014 0.14827997 -2.00000000
v 0.74209773 0.66256443 -1.93185165
v 0.79691633 1.14180126 -1.73205081
v 0.84399012 1.55333125 -1.41421356
v 0.88011112 1.86910931 -1.00000000
v 0.90281772 2.06761571 -0.51763809
v 0.91056252 2.13532254 -0.00000000
v 0.90281772 2.06761571 0.51763809
v 0.88011112 1.86910931 1.00000000
v 0.84399012 1.55333125 1.41421356
v 0.79691633 1.14180126 1.73205081
v 0.74209773 0.66256443 1.93185165
v 0.99021382 0.11245490 2.00000000
v 0.92936972 -0.40159489 1.93185165
v 0.87267205 -0.88061304 1.73205081
v 0.82398465 -1.29195525 1.41421356
v 0.78662549 -1.60758923 1.00000000
v 0.76314055 -1.80600504 0.51763809
v 0.75513027 -1.87368098 0.00000000
v 0.76314055 -1.80600504 -0.51763809
v 0.78662549 -1.60758923 -1.00000000
v 0.82398465 -1.29195525 -1.41421356
v 0.87267205 -0.88061304 -1.73205081
v 0.92936972 -0.40159489 -1.93185165
v 0.99021382 0.11245490 -2.00000000
v 1.05105792 0.62650469 -1.93185165
v 1.10775560 1.10552284 -1.73205081
v 1.15644299 1.51686504 -1.41421356
v 1.19380215 1.83249902 -1.00000000
v 1.21728710 2.03091484 -0.51763809
v 1.22529737 2.09859077 -0.00000000
v 1.21728710 2.03091484 0.51763809
v 1.19380215 1.83249902 1.00000000
v 1.15644299 1.51686504 1.41421356
v 1.10775560 1.10552284 1.73205081
v 1.05105792 0.62650469 1.93185165
v 1.30222685 0.07501885 2.00000000
v 1.24007305 -0.43887423 1.93185165
v 1.18215494 -0.91774635 1.73205081
v 1.13241952 -1.32896316 1.41421356
v 1.09425620 -1.64450091 1.00000000
v 1.07026573 -1.84285624 0.51763809
v 1.06208302 -1.91051154 0.00000000
v 1.07026573 -1.84285624 -0.51763809
v 1.09425620 -1.64450091 -1.00000000
v 1.13241952 -1.32896316 -1.41421356
v 1.18215494 -0.91774635 -1.73205081
v 1.24007305 -0.43887423 -1.93185165
v 1.30222685 0.07501885 -2.00000000
v 1.36438065 0.58891193 -1.93185165
v 1.42229876 1.06778405 -1.73205081
v 1.47203418 1.47900085 -1.41421356
v 1.51019751 1.79453861 -1.00000000
v 1.53418798 1.99289394 -0.51763809
v 1.54237068 2.06054924 -0.00000000
v 1.53418798 1.99289394 0.51763809
v 1.51019751 1.79453861 1.00000000
v 1.47203418 1.47900085 1.41421356
v 1.42229876 1.06778405 1.73205081
v 1.36438065 0.58891193 1.93185165
v 1.61896811 0.03640899 2.00000000
v 1.55617290 -0.47740611 1.93185165
v 1.49765707 -0.95620555 1.73205081
v 1.44740839 -1.36735996 1.41421356
v 1.40885122 -1.68284983 1.00000000
v 1.38461317 -1.88117506 0.51763809
v 1.37634603 -1.94882010 0.00000000
v 1.38461317 -1.88117506 -0.51763809
v 1.40885122 -1.68284983 -1.00000000
v 1.44740839 -1.36735996 -1.41421356
v 1.49765707 -0.95620555 -1.73205081
v 1.55617290 -0.47740611 -1.93185165
v 1.61896811 0.03640899 -2.00000000
v 1.68176333 0.55022409 -1.93185165
v 1.74027916 1.02902353 -1.73205081
v 1.79052784 1.44017794 -1.41421356
v 1.82908500 1.75566781 -1.00000000
v 1.85332305 1.95399303 -0.51763809
v 1.86159020 2.02163807 -0.00000000
v 1.85332305 1.95399303 0.51763809
v 1.82908500 1.75566781 1.00000000
v 1.79052784 1.44017794 1.41421356
v 1.74027916 1.02902353 1.73205081
v 1.68176333 0.55022409 1.93185165
v 1.94009650 -0.00293753 2.00000000
v 1.87729697 -0.51675210 1.93185165
v 1.81877713 -0.99555105 1.73205081
v 1.76852500 -1.40670504 1.41421356
v 1.72996518 -1.72219458 1.00000000
v 1.70572547 -1.92051960 0.51763809
v 1.69745775 -1.98816458 0.00000000
v 1.70572547 -1.92051960 -0.51763809
v 1.72996518 -1.72219458 -1.00000000
v 1.76852500 -1.40670504 -1.41421356
v 1.81877713 -0.99555105 -1.73205081
v 1.87729697 -0.51675210 -1.93185165
v 1.94009650 -0.00293753 -2.00000000
v 2.00289603 0.51087704 -1.93185165
v 2.06141588 0.98967600 -1.73205081
v 2.11166801 1.40082998 -1.41421356
v 2.15022782 1.71631953 -1.00000000
v 2.17446754 1.91464455 -0.51763809
v 2.18273525 1.98228952 -0.00000000
v 2.17446754 1.91464455 0.51763809
v 2.15022782 1.71631953 1.00000000
v 2.11166801 1.40082998 1.41421356
v 2.06141588 0.98967600 1.73205081
v 2.00289603 0.51087704 1.93185165
v 2.26527090 -0.04258354 2.00000000
v 2.20307950 -0.55647207 1.93185165
v 2.14512634 -1.03533995 1.73205081
v 2.09536083 -1.44655311 1.41421356
v 2.05717442 -1.76208807 1.00000000
v 2.03316943 -1.96044164 0.51763809
v 2.02498178 -2.02809635 0.00000000
v 2.03316943 -1.96044164 -0.51763809
v 2.05717442 -1.76208807 -1.00000000
v 2.09536083 -1.44655311 -1.41421356
v 2.14512634 -1.03533995 -1.73205081
v 2.20307950 -0.55647207 -1.93185165
v 2.26527090 -0.04258354 -2.00000000
v 2.32746231 0.47130499 -1.93185165
v 2.38541547 0.95017287 -1.73205081
v 2.43518097 1.36138604 -1.41421356
v 2.47336739 1.67692100 -1.00000000
v 2.49737238 1.87527457 -0.51763809
v 2.50556003 1.94292928 -0.00000000
v 2.49737238 1.87527457 0.51763809
v 2.47336739 1.67692100 1.00000000
v 2.43518097 1.36138604 1.41421356
v 2.38541547 0.95017287 1.73205081
v 2.32746231 0.47130499 1.93185165
v 2.59415021 -0.08209189 2.00000000
v 2.53316049 -0.59612442 1.93185165
v 2.47632711 -1.07512649 1.73205081
v 2.42752318 -1.48645488 1.41421356
v 2.39007461 -1.80207827 1.00000000
v 2.36653346 -2.00048742 0.51763809
v 2.35850401 -2.06816109 0.00000000
v 2.36653346 -2.00048742 -0.51763809
v 2.39007461 -1.80207827 -1.00000000
v 2.42752318 -1.48645488 -1.41421356
v 2.47632711 -1.07512649 -1.73205081
v 2.53316049 -0.59612442 -1.93185165
v 2.59415021 -0.08209189 -2.00000000
v 2.65513994 0.43194065 -1.93185165
v 2.71197332 0.91094271 -1.73205081
v 2.76077724 1.32227111 -1.41421356
v 2.79822581 1.63789449 -1.00000000
v 2.82176697 1.83630365 -0.51763809
v 2.82979642 1.90397731 -0.00000000
v 2.82176697 1.83630365 0.51763809
v 2.79822581 1.63789449 1.00000000
v 2.76077724 1.32227111 1.41421356
v 2.71197332 0.91094271 1.73205081
v 2.65513994 0.43194065 1.93185165
v 2.92639332 -0.12102541 2.00000000
v 2.86718510 -0.63526619 1.93185165
v 2.81201183 -1.11446231 1.73205081
v 2.76463346 -1.52595735 1.41421356
v 2.72827877 -1.84170860 1.00000000
v 2.70542525 -2.04019813 0.51763809
v 2.69763034 -2.10789921 0.00000000
v 2.70542525 -2.04019813 -0.51763809
v 2.72827877 -1.84170860 -1.00000000
v 2.76463346 -1.52595735 -1.41421356
v 2.81201183 -1.11446231 -1.73205081
v 2.86718510 -0.63526619 -1.93185165
v 2.92639332 -0.12102541 -2.00000000
v 2.98560154 0.39321537 -1.93185165
v 3.04077481 0.87241149 -1.73205081
v 3.08815317 1.28390653 -1.41421356
v 3.12450787 1.59965777 -1.00000000
v 3.14736139 1.79814731 -0.51763809
v 3.15515630 1.86584839 -0.00000000
v 3.14736139 1.79814731 0.51763809
v 3.12450787 1.59965777 1.00000000
v 3.08815317 1.28390653 1.41421356
v 3.04077481 0.87241149 1.73205081
v 2.98560154 0.39321537 1.93185165
v 3.26165911 -0.15894696 2.00000000
v 3.20480321 -0.67345313 1.93185165
v 3.15182193 -1.15289655 1.73205081
v 3.10632589 -1.56460395 1.41421356
v 3.07141554 -1.88051815 1.00000000
v 3.04946998 -2.07911012 0.51763809
v 3.04198476 -2.14684614 0.00000000
v 3.04946998 -2.07911012 -0.51763809
v 3.07141554 -1.88051815 -1.00000000
v 3.10632589 -1.56460395 -1.41421356
v 3.15182193 -1.15289655 -1.73205081
v 3.20480321 -0.67345313 -1.93185165
v 3.26165911 -0.15894696 -2.00000000
v 3.31851502 0.35555921 -1.93185165
v 3.37149629 0.83500264 -1.73205081
v 3.41699234 1.24671004 -1.41421356
v 3.45190269 1.56262424 -1.00000000
v 3.47384825 1.76121621 -0.51763809
v 3.48133347 1.82895223 -0.00000000
v 3.47384825 1.76121621 0.51763809
v 3.45190269 1.56262424 1.00000000
v 3.41699234 1.24671004 1.41421356
v 3.37149629 0.83500264 1.73205081
v 3.31851502 0.35555921 1.93185165
v 3.59960649 -0.19541936 2.00000000
v 3.54566891 -0.71023965 1.93185165
v 3.49540710 -1.18997579 1.73205081
v 3.45224629 -1.60193455 1.41421356
v 3.41912785 -1.91804162 1.00000000
v 3.39830872 -2.11675484 0.51763809
v 3.39120770 -2.18453222 0.00000000
v 3.39830872 -2.11675484 -0.51763809
v 3.41912785 -1.91804162 -1.00000000
v 3.45224629 -1.60193455 -1.41421356
v 3.49540710 -1.18997579 -1.73205081
v 3.54566891 -0.71023965 -1.93185165
v 3.59960649 -0.19541936 -2.00000000
v 3.65354406 0.31940093 -1.93185165
v 3.70380588 0.79913707 -1.73205081
v 3.74696668 1.21109583 -1.41421356
v 3.78008513 1.52720290 -1.00000000
v 3.80090426 1.72591612 -0.51763809
v 3.80800527 1.79369349 -0.00000000
v 3.80090426 1.72591612 0.51763809
v 3.78008513 1.52720290 1.00000000
v 3.74696668 1.21109583 1.41421356
v 3.70380588 0.79913707 1.73205081
v 3.65354406 0.31940093 1.93185165
v 3.93989433 -0.23000547 2.00000000
v 3.88944025 -0.74517881 1.93185165
v 3.84242454 -1.22524395 1.73205081
v 3.80205122 -1.63748523 1.41421356
v 3.77107169 -1.95380909 1.00000000
v 3.75159714 -2.15265858 0.51763809
v 3.74495474 -2.22048243 0.00000000
v 3.75159714 -2.15265858 -0.51763809
v 3.77107169 -1.95380909 -1.00000000
v 3.80205122 -1.63748523 -1.41421356
v 3.84242454 -1.22524395 -1.73205081
v 3.88944025 -0.74517881 -1.93185165
v 3.93989433 -0.23000547 -2.00000000
v 3.99034841 0.28516788 -1.93185165
v 4.03736413 0.76523302 -1.73205081
v 4.07773744 1.17747429 -1.41421356
v 4.10871697 1.49379815 -1.00000000
v 4.12819152 1.69264764 -0.51763809
v 4.13483392 1.76047150 -0.00000000
v 4.12819152 1.69264764 0.51763809
v 4.10871697 1.49379815 1.00000000
v 4.07773744 1.17747429 1.41421356
v 4.03736413 0.76523302 1.73205081
v 3.99034841 0.28516788 1.93185165
v 4.28218154 -0.26226811 2.00000000
v 4.23577886 -0.77782217 1.93185165
v 4.19253846 -1.25824207 1.73205081
v 4.15540708 -1.67078799 1.41421356
v 4.12691517 -1.98734561 1.00000000
v 4.10900440 -2.18634204 0.51763809
v 4.10289537 -2.25421602 0.00000000
v 4.10900440 -2.18634204 -0.51763809
v 4.12691517 -1.98734561 -1.00000000
v 4.15540708 -1.67078799 -1.41421356
v 4.19253846 -1.25824207 -1.73205081
v 4.23577886 -0.77782217 -1.93185165
v 4.28218154 -0.26226811 -2.00000000
v 4.32858421 0.25328594 -1.93185165
v 4.37182462 0.73370584 -1.73205081
v 4.40895600 1.14625176 -1.41421356
v 4.43744791 1.46280938 -1.00000000
v 4.45535867 1.66180582 -0.51763809
v 4.46146770 1.72967980 -0.00000000
v 4.45535867 1.66180582 0.51763809
v 4.43744791 1.46280938 1.00000000
v 4.40895600 1.14625176 1.41421356
v 4.37182462 0.73370584 1.73205081
v 4.32858421 0.25328594 1.93185165
v 4.62612699 -0.29177014 2.00000000
v 4.58434974 -0.80771961 1.93185165
v 4.54541953 -1.28850798 1.73205081
v 4.51198940 -1.70137030 1.41421356
v 4.48633756 -2.01817071 1.00000000
v 4.47021215 -2.21731977 0.51763809
v 4.46471206 -2.28524581 0.00000000
v 4.47021215 -2.21731977 -0.51763809
v 4.48633756 -2.01817071 -1.00000000
v 4.51198940 -1.70137030 -1.41421356
v 4.54541953 -1.28850798 -1.73205081
v 4.58434974 -0.80771961 -1.93185165
v 4.62612699 -0.29177014 -2.00000000
v 4.66790425 0.22417932 -1.93185165
v 4.70683446 0.70496769 -1.73205081
v 4.74026459 1.11783002 -1.41421356
v 4.76591642 1.43463042 -1.00000000
v 4.78204184 1.63377948 -0.51763809
v 4.78754192 1.70170552 -0.00000000
v 4.78204184 1.63377948 0.51763809
v 4.76591642 1.43463042 1.00000000
v 4.74026459 1.11783002 1.41421356
v 4.70683446 0.70496769 1.73205081
v 4.66790425 0.22417932 1.93185165
v 4.97138959 -0.31807440 2.00000000
v 4.93482097 -0.83441917 1.93185165
v 4.90074444 -1.31557591 1.73205081
v 4.87148225 -1.72875456 1.41421356
v 4.84902859 -2.04579769 1.00000000
v 4.83491363 -2.24509934 0.51763809
v 4.83009928 -2.31307742 0.00000000
v 4.83491363 -2.24509934 -0.51763809
v 4.84902859 -2.04579769 -1.00000000
v 4.87148225 -1.72875456 -1.41421356
v 4.90074444 -1.31557591 -1.73205081
v 4.93482097 -0.83441917 -1.93185165
v 4.97138959 -0.31807440 -2.00000000
v 5.00795822 0.19827038 -1.93185165
v 5.04203475 0.67942711 -1.73205081
v 5.07129693 1.09260577 -1.41421356
v 5.09375060 1.40964890 -1.00000000
v 5.10786556 1.60895054 -0.51763809
v 5.11267991 1.67692862 -0.00000000
v 5.10786556 1.60895054 0.51763809
v 5.09375060 1.40964890 1.00000000
v 5.07129693 1.09260577 1.41421356
v 5.04203475 0.67942711 1.73205081
v 5.00795822 0.19827038 1.93185165
v 5.31762823 -0.34074372 2.00000000
v 5.28686355 -0.85746678 1.93185165
v 5.25819543 -1.33897603 1.73205081
v 5.23357756 -1.75245739 1.41421356
v 5.21468760 -2.06973279 1.00000000
v 5.20281288 -2.26918045 0.51763809
v 5.19876263 -2.33720834 0.00000000
v 5.20281288 -2.26918045 -0.51763809
v 5.21468760 -2.06973279 -1.00000000
v 5.23357756 -1.75245739 -1.41421356
v 5.25819543 -1.33897603 -1.73205081
v 5.28686355 -0.85746678 -1.93185165
v 5.31762823 -0.34074372 -2.00000000
v 5.34839291 0.17597935 -1.93185165
v 5.37706103 0.65748859 -1.73205081
v 5.40167890 1.07096995 -1.41421356
v 5.42056886 1.38824536 -1.00000000
v 5.43244358 1.58769302 -0.51763809
v 5.43649383 1.65572090 -0.00000000
v 5.43244358 1.58769302 0.51763809
v 5.42056886 1.38824536 1.00000000
v 5.40167890 1.07096995 1.41421356
v 5.37706103 0.65748859 1.73205081
v 5.34839291 0.17597935 1.93185165
v 5.66450179 -0.35934094 2.00000000
v 5.64015110 -0.87640596 1.93185165
v 5.61745988 -1.35823386 1.73205081
v 5.59797448 -1.77198885 1.41421356
v 5.58302281 -2.08947423 1.00000000
v 5.57362379 -2.28905387 0.51763809
v 5.57041796 -2.35712678 0.00000000
v 5.57362379 -2.28905387 -0.51763809
v 5.58302281 -2.08947423 -1.00000000
v 5.59797448 -1.77198885 -1.41421356
v 5.61745988 -1.35823386 -1.73205081
v 5.64015110 -0.87640596 -1.93185165
v 5.66450179 -0.35934094 -2.00000000
v 5.68885247 0.15772408 -1.93185165
v 5.71154370 0.63955197 -1.73205081
v 5.73102910 1.05330697 -1.41421356
v 5.74598077 1.37079234 -1.00000000
v 5.75537978 1.57037199 -0.51763809
v 5.75858561 1.63844489 -0.00000000
v 5.75537978 1.57037199 0.51763809
v 5.74598077 1.37079234 1.00000000
v 5.73102910 1.05330697 1.41421356
v 5.71154370 0.63955197 1.73205081
v 5.68885247 0.15772408 1.93185165
v 6.01166916 -0.37342892 2.00000000
v 5.99435967 -0.89077752 1.93185165
v 5.97822978 -1.37286966 1.73205081
v 5.96437874 -1.78685158 1.41421356
v 5.95375046 -2.10451107 1.00000000
v 5.94706924 -2.30420018 0.51763809
v 5.94479040 -2.37231041 0.00000000
v 5.94706924 -2.30420018 -0.51763809
v 5.95375046 -2.10451107 -1.00000000
v 5.96437874 -1.78685158 -1.41421356
v 5.97822978 -1.37286966 -1.73205081
v 5.99435967 -0.89077752 -1.93185165
v 6.01166916 -0.37342892 -2.00000000
v 6.02897866 0.14391968 -1.93185165
v 6.04510854 0.62601183 -1.73205081
v 6.05895959 1.03999374 -1.41421356
v 6.06958787 1.35765324 -1.00000000
v 6.07626909 1.55734234 -0.51763809
v 6.07854792 1.62545258 -0.00000000
v 6.07626909 1.55734234 0.51763809
v 6.06958787 1.35765324 1.00000000
v 6.05895959 1.03999374 1.41421356
v 6.04510854 0.62601183 1.73205081
v 6.02897866 0.14391968 1.93185165
v 6.35878925 -0.38257048 2.00000000
v 6.34916738 -0.90011913 1.93185165
v 6.34020124 -1.38239770 1.73205081
v 6.33250183 -1.79653970 1.41421356
v 6.32659387 -2.11432203 1.00000000
v 6.32287997 -2.31408836 0.51763809
v 6.32161323 -2.38222493 0.00000000
v 6.32287997 -2.31408836 -0.51763809
v 6.32659387 -2.11432203 -1.00000000
v 6.33250183 -1.79653970 -1.41421356
v 6.34020124 -1.38239770 -1.73205081
v 6.34916738 -0.90011913 -1.93185165
v 6.35878925 -0.38257048 -2.00000000
v 6.36841111 0.13497818 -1.93185165
v 6.37737725 0.61725675 -1.73205081
v 6.38507666 1.03139875 -1.41421356
v 6.39098462 1.34918108 -1.00000000
v 6.39469852 1.54894741 -0.51763809
v 6.39596526 1.61708398 -0.00000000
v 6.39469852 1.54894741 0.51763809
v 6.39098462 1.34918108 1.00000000
v 6.38507666 1.03139875 1.41421356
v 6.37737725 0.61725675 1.73205081
v 6.36841111 0.13497818 1.93185165
v 6.70552093 -0.38632847 2.00000000
v 6.70425417 -0.90396501 1.93185165
v 6.70307374 -1.38632547 1.73205081
v 6.70206009 -1.80053779 1.41421356
v 6.70128228 -2.11837409 1.00000000
v 6.70079334 -2.31817433 0.51763809
v 6.70062656 -2.38632248 0.00000000
v 6.70079334 -2.31817433 -0.51763809
v 6.70128228 -2.11837409 -1.00000000
v 6.70206009 -1.80053779 -1.41421356
v 6.70307374 -1.38632547 -1.73205081
v 6.70425417 -0.90396501 -1.93185165
v 6.70552093 -0.38632847 -2.00000000
v 6.70678768 0.13130807 -1.93185165
v 6.70796811 0.61366854 -1.73205081
v 6.70898176 1.02788086 -1.41421356
v 6.70975957 1.34571716 -1.00000000
v 6.71024852 1.54551740 -0.51763809
v 6.71041529 1.61366555 -0.00000000
v 6.71024852 1.54551740 0.51763809
v 6.70975957 1.34571716 1.00000000
v 6.70898176 1.02788086 1.41421356
v 6.70796811 0.61366854 1.73205081
v 6.70678768 0.13130807 1.93185165
v 7.05152309 -0.38426573 2.00000000
v 7.05930129 -0.90184537 1.93185165
v 7.06654942 -1.38415282 1.73205081
v 7.07277353 -1.79831962 1.41421356
v 7.07754946 -2.11612098 1.00000000
v 7.08055173 -2.31589927 0.51763809
v 7.08157575 -2.38403992 0.00000000
v 7.08055173 -2.31589927 -0.51763809
v 7.07754946 -2.11612098 -1.00000000
v 7.07277353 -1.79831962 -1.41421356
v 7.06654942 -1.38415282 -1.73205081
v 7.05930129 -0.90184537 -1.93185165
v 7.05152309 -0.38426573 -2.00000000
v 7.04374489 0.13331392 -1.93185165
v 7.03649677 0.61562137 -1.73205081
v 7.03027266 1.02978817 -1.41421356
v 7.02549673 1.34758953 -1.00000000
v 7.02249446 1.54736782 -0.51763809
v 7.02147044 1.61550847 -0.00000000
v 7.02249446 1.54736782 0.51763809
v 7.02549673 1.34758953 1.00000000
v 7.03027266 1.02978817 1.41421356
v 7.03649677 0.61562137 1.73205081
v 7.04374489 0.13331392 1.93185165
v 7.39645464 -0.37594510 2.00000000
v 7.41399085 -0.89328606 1.93185165
v 7.43033200 -1.37537110 1.73205081
v 7.44436445 -1.78934690 1.41421356
v 7.45513194 -2.10700170 1.00000000
v 7.46190066 -2.30668786 0.51763809
v 7.46420935 -2.37479709 0.00000000
v 7.46190066 -2.30668786 -0.51763809
v 7.45513194 -2.10700170 -1.00000000
v 7.44436445 -1.78934690 -1.41421356
v 7.43033200 -1.37537110 -1.73205081
v 7.41399085 -0.89328606 -1.93185165
v 7.39645464 -0.37594510 -2.00000000
v 7.37891843 0.14139587 -1.93185165
v 7.36257729 0.62348090 -1.73205081
v 7.34854483 1.03745670 -1.41421356
v 7.33777735 1.35511151 -1.00000000
v 7.33100862 1.55479767 -0.51763809
v 7.32869994 1.62290690 -0.00000000
v 7.33100862 1.55479767 0.51763809
v 7.33777735 1.35511151 1.00000000
v 7.34854483 1.03745670 1.41421356
v 7.36257729 0.62348090 1.73205081
v 7.37891843 0.14139587 1.93185165
v 7.73997446 -0.36092942 2.00000000
v 7.76800513 -0.87780801 1.93185165
v 7.79412556 -1.35946217 1.73205081
v 7.81655568 -1.77306798 1.41421356
v 7.83376691 -2.09043888 1.00000000
v 7.84458635 -2.28994657 0.51763809
v 7.84827665 -2.35799493 0.00000000
v 7.84458635 -2.28994657 -0.51763809
v 7.83376691 -2.09043888 -1.00000000
v 7.81655568 -1.77306798 -1.41421356
v 7.79412556 -1.35946217 -1.73205081
v 7.76800513 -0.87780801 -1.93185165
v 7.73997446 -0.36092942 -2.00000000
v 7.71194379 0.15594917 -1.93185165
v 7.68582337 0.63760333 -1.73205081
v 7.66339325 1.05120914 -1.41421356
v 7.64618201 1.36858004 -1.00000000
v 7.63536258 1.56808773 -0.51763809
v 7.63167227 1.63613608 -0.00000000
v 7.63536258 1.56808773 0.51763809
v 7.64618201 1.36858004 1.00000000
v 7.66339325 1.05120914 1.41421356
v 7.68582337 0.63760333 1.73205081
v 7.71194379 0.15594917 1.93185165
v 8.08174144 -0.33878154 2.00000000
v 8.12102581 -0.85492680 1.93185165
v 8.15763302 -1.33589761 1.73205081
v 8.18906834 -1.74891662 1.41421356
v 8.21318951 -2.06583724 1.00000000
v 8.22835271 -2.26506188 0.51763809
v 8.23352459 -2.33301369 0.00000000
v 8.22835271 -2.26506188 -0.51763809
v 8.21318951 -2.06583724 -1.00000000
v 8.18906834 -1.74891662 -1.41421356
v 8.15763302 -1.33589761 -1.73205081
v 8.12102581 -0.85492680 -1.93185165
v 8.08174144 -0.33878154 -2.00000000
v 8.04245707 0.17736372 -1.93185165
v 8.00584987 0.65833454 -1.73205081
v 7.97441455 1.07135354 -1.41421356
v 7.95029338 1.38827417 -1.00000000
v 7.93513018 1.58749880 -0.51763809
v 7.92995829 1.65545061 -0.00000000
v 7.93513018 1.58749880 0.51763809
v 7.95029338 1.38827417 1.00000000
v 7.97441455 1.07135354 1.41421356
v 8.00584987 0.65833454 1.73205081
v 8.04245707 0.17736372 1.93185165
v 8.42141448 -0.30906429 2.00000000
v 8.47273298 -0.82415225 1.93185165
v 8.52055421 -1.30413781 1.73205081
v 8.56161923 -1.71631076 1.41421356
v 8.59312953 -2.03258219 1.00000000
v 8.61293773 -2.23139872 0.51763809
v 8.61969394 -2.29921133 0.00000000
v 8.61293773 -2.23139872 -0.51763809
v 8.59312953 -2.03258219 -1.00000000
v 8.56161923 -1.71631076 -1.41421356
v 8.52055421 -1.30413781 -1.73205081
v 8.47273298 -0.82415225 -1.93185165
v 8.42141448 -0.30906429 -2.00000000
v 8.37009597 0.20602367 -1.93185165
v 8.32227474 0.68600923 -1.73205081
v 8.28120972 1.09818218 -1.41421356
v 8.24969942 1.41445361 -1.00000000
v 8.22989122 1.61327014 -0.51763809
v 8.22313501 1.68108275 -0.00000000
v 8.22989122 1.61327014 0.51763809
v 8.24969942 1.41445361 1.00000000
v 8.28120972 1.09818218 1.41421356
v 8.32227474 0.68600923 1.73205081
v 8.37009597 0.20602367 1.93185165
v 8.75865245 -0.27134052 2.00000000
v 8.82280391 -0.78498804 1.93185165
v 8.88258356 -1.26363134 1.73205081
v 8.93391750 -1.67465166 1.41421356
v 8.97330742 -1.99003864 1.00000000
v 8.99806896 -2.18829919 0.51763809
v 9.00651466 -2.25592217 0.00000000
v 8.99806896 -2.18829919 -0.51763809
v 8.97330742 -1.99003864 -1.00000000
v 8.93391750 -1.67465166 -1.41421356
v 8.88258356 -1.26363134 -1.73205081
v 8.82280391 -0.78498804 -1.93185165
v 8.75865245 -0.27134052 -2.00000000
v 8.69450099 0.24230701 -1.93185165
v 8.63472135 0.72095031 -1.73205081
v 8.58338740 1.13197063 -1.41421356
v 8.54399748 1.44735761 -1.00000000
v 8.51923594 1.64561815 -0.51763809
v 8.51079024 1.71324113 -0.00000000
v 8.51923594 1.64561815 0.51763809
v 8.54399748 1.44735761 1.00000000
v 8.58338740 1.13197063 1.41421356
v 8.63472135 0.72095031 1.73205081
v 8.69450099 0.24230701 1.93185165
v 9.09311426 -0.22517306 2.00000000
v 9.17091169 -0.73693155 1.93185165
v 9.24340736 -1.21381455 1.73205081
v 9.30566079 -1.62332326 1.41421356
v 9.35342954 -1.93755034 1.00000000
v 9.38345822 -2.13508175 0.51763809
v 9.39370045 -2.20245603 0.00000000
v 9.38345822 -2.13508175 -0.51763809
v 9.35342954 -1.93755034 -1.00000000
v 9.30566079 -1.62332326 -1.41421356
v 9.24340736 -1.21381455 -1.73205081
v 9.17091169 -0.73693155 -1.93185165
v 9.09311426 -0.22517306 -2.00000000
v 9.01531683 0.28658543 -1.93185165
v 8.94282117 0.76346843 -1.73205081
v 8.88056773 1.17297714 -1.41421356
v 8.83279899 1.48720422 -1.00000000
v 8.80277030 1.68473563 -0.51763809
v 8.79252808 1.75210991 -0.00000000
v 8.80277030 1.68473563 0.51763809
v 8.83279899 1.48720422 1.00000000
v 8.88056773 1.17297714 1.41421356
v 8.94282117 0.76346843 1.73205081
v 9.01531683 0.28658543 1.93185165
v 9.42445880 -0.17012476 2.00000000
v 9.51672348 -0.67947378 1.93185165
v 9.60270047 -1.15411150 1.73205081
v 9.67653059 -1.56169215 1.41421356
v 9.73318244 -1.87443979 1.00000000
v 9.76879527 -2.07104117 0.51763809
v 9.78094215 -2.13809824 0.00000000
v 9.76879527 -2.07104117 -0.51763809
v 9.73318244 -1.87443979 -1.00000000
v 9.67653059 -1.56169215 -1.41421356
v 9.60270047 -1.15411150 -1.73205081
v 9.51672348 -0.67947378 -1.93185165
v 9.42445880 -0.17012476 -2.00000000
v 9.33219412 0.33922426 -1.93185165
v 9.24621712 0.81386198 -1.73205081
v 9.17238700 1.22144263 -1.41421356
v 9.11573516 1.53419027 -1.00000000
v 9.08012232 1.73079165 -0.51763809
v 9.06797545 1.79784872 -0.00000000
v 9.08012232 1.73079165 0.51763809
v 9.11573516 1.53419027 1.00000000
v 9.17238700 1.22144263 1.41421356
v 9.24621712 0.81386198 1.73205081
v 9.33219412 0.33922426 1.93185165
v 9.75234495 -0.10575846 2.00000000
v 9.85989861 -0.61209965 1.93185165
v 9.96012266 -1.08393453 1.73205081
v 10.04618700 -1.48910833 1.41421356
v 10.11222649 -1.80000911 1.00000000
v 10.15374065 -1.99544952 0.51763809
v 10.16790036 -2.06211060 0.00000000
v 10.15374065 -1.99544952 -0.51763809
v 10.11222649 -1.80000911 -1.00000000
v 10.04618700 -1.48910833 -1.41421356
v 9.96012266 -1.08393453 -1.73205081
v 9.85989861 -0.61209965 -1.93185165
v 9.75234495 -0.10575846 -2.00000000
v 9.64479130 0.40058273 -1.93185165
v 9.54456725 0.87241761 -1.73205081
v 9.45850290 1.27759141 -1.41421356
v 9.39246341 1.58849219 -1.00000000
v 9.35094925 1.78393260 -0.51763809
v 9.33678954 1.85059368 -0.00000000
v 9.35094925 1.78393260 0.51763809
v 9.39246341 1.58849219 1.00000000
v 9.45850290 1.27759141 1.41421356
v 9.54456725 0.87241761 1.73205081
v 9.64479130 0.40058273 1.93185165
v 10.07643161 -0.03163700 2.00000000
v 10.20008641 -0.53428865 1.93185165
v 10.31531434 -1.00268542 1.73205081
v 10.41426280 -1.40490685 1.41421356
v 10.49018863 -1.71354221 1.00000000
v 10.53791760 -1.90755850 0.51763809
v 10.55419706 -1.97373385 0.00000000
v 10.53791760 -1.90755850 -0.51763809
v 10.49018863 -1.71354221 -1.00000000
v 10.41426280 -1.40490685 -1.41421356
v 10.31531434 -1.00268542 -1.73205081
v 10.20008641 -0.53428865 -1.93185165
v 10.07643161 -0.03163700 -2.00000000
v 9.95277681 0.47101465 -1.93185165
v 9.83754888 0.93941143 -1.73205081
v 9.73860042 1.34163285 -1.41421356
v 9.66267459 1.65026821 -1.00000000
v 9.61494562 1.84428450 -0.51763809
v 9.59866616 1.91045985 -0.00000000
v 9.61494562 1.84428450 0.51763809
v 9.66267459 1.65026821 1.00000000
v 9.73860042 1.34163285 1.41421356
v 9.83754888 0.93941143 1.73205081
v 9.95277681 0.47101465 1.93185165
v 10.39637767 0.05267678 2.00000000
v 10.53692391 -0.44551590 1.93185165
v 10.66789216 -0.90975757 1.73205081
v 10.78035714 -1.30841093 1.41421356
v 10.86665456 -1.61430841 1.00000000
v 10.92090339 -1.80660361 0.51763809
v 10.93940665 -1.87219192 0.00000000
v 10.92090339 -1.80660361 -0.51763809
v 10.86665456 -1.61430841 -1.00000000
v 10.78035714 -1.30841093 -1.41421356
v 10.66789216 -0.90975757 -1.73205081
v 10.53692391 -0.44551590 -1.93185165
v 10.39637767 0.05267678 -2.00000000
v 10.25583143 0.55086946 -1.93185165
v 10.12486318 1.01511113 -1.73205081
v 10.01239820 1.41376449 -1.41421356
v 9.92610078 1.71966198 -1.00000000
v 9.87185195 1.91195717 -0.51763809
v 9.85334869 1.97754549 -0.00000000
v 9.87185195 1.91195717 0.51763809
v 9.92610078 1.71966198 1.00000000
v 10.01239820 1.41376449 1.41421356
v 10.12486318 1.01511113 1.73205081
v 10.25583143 0.55086946 1.93185165
v 10.71184202 0.14762004 2.00000000
v 10.87003342 -0.34525385 1.93185165
v 11.01744433 -0.80453920 1.73205081
v 11.14402895 -1.19893648 1.41421356
v 11.24116075 -1.50156815 1.00000000
v 11.30222035 -1.69181037 0.51763809
v 11.32304664 -1.75669845 0.00000000
v 11.30222035 -1.69181037 -0.51763809
v 11.24116075 -1.50156815 -1.00000000
v 11.14402895 -1.19893648 -1.41421356
v 11.01744433 -0.80453920 -1.73205081
v 10.87003342 -0.34525385 -1.93185165
v 10.71184202 0.14762004 -2.00000000
v 10.55365062 0.64049393 -1.93185165
v 10.40623970 1.09977928 -1.73205081
v 10.27965508 1.49417656 -1.41421356
v 10.18252328 1.79680823 -1.00000000
v 10.12146368 1.98705045 -0.51763809
v 10.10063739 2.05193853 -0.00000000
v 10.12146368 1.98705045 0.51763809
v 10.18252328 1.79680823 1.00000000
v 10.27965508 1.49417656 1.41421356
v 10.40623970 1.09977928 1.73205081
v 10.55365062 0.64049393 1.93185165
v 11.02248354 0.25362994 2.00000000
v 11.19902018 -0.23297463 1.93185165
v 11.36352614 -0.68641791 1.73205081
v 11.50479061 -1.07579847 1.41421356
v 11.61318665 -1.37458069 1.00000000
v 11.68132725 -1.56240304 0.51763809
v 11.70456874 -1.62646575 0.00000000
v 11.68132725 -1.56240304 -0.51763809
v 11.61318665 -1.37458069 -1.00000000
v 11.50479061 -1.07579847 -1.41421356
v 11.36352614 -0.68641791 -1.73205081
v 11.19902018 -0.23297463 -1.93185165
v 11.02248354 0.25362994 -2.00000000
v 10.84594691 0.74023451 -1.93185165
v 10.68144095 1.19367778 -1.73205081
v 10.54017648 1.58305834 -1.41421356
v 10.43178044 1.88184056 -1.00000000
v 10.36363984 2.06966291 -0.51763809
v 10.34039835 2.13372562 -0.00000000
v 10.36363984 2.06966291 0.51763809
v 10.43178044 1.88184056 1.00000000
v 10.54017648 1.58305834 1.41421356
v 10.68144095 1.19367778 1.73205081
v 10.84594691 0.74023451 1.93185165
v 11.32796114 0.37114363 2.00000000
v 11.52347040 -0.10815307 1.93185165
v 11.70565602 -0.55478649 1.73205081
v 11.86210236 -0.93831930 1.41421356
v 11.98214786 -1.23261438 1.00000000
v 12.05761162 -1.41761600 0.51763809
v 12.08335090 -1.48071660 0.00000000
v 12.05761162 -1.41761600 -0.51763809
v 11.98214786 -1.23261438 -1.00000000
v 11.86210236 -0.93831930 -1.41421356
v 11.70565602 -0.55478649 -1.73205081
v 11.52347040 -0.10815307 -1.93185165
v 11.32796114 0.37114363 -2.00000000
v 11.13245189 0.85044033 -1.93185165
v 10.95026627 1.29707374 -1.73205081
v 10.79381992 1.68060656 -1.41421356
v 10.67377443 1.97490163 -1.00000000
v 10.59831067 2.15990325 -0.51763809
v 10.57257139 2.22300386 -0.00000000
v 10.59831067 2.15990325 0.51763809
v 10.67377443 1.97490163 1.00000000
v 10.79381992 1.68060656 1.41421356
v 10.95026627 1.29707374 1.73205081
v 11.13245189 0.85044033 1.93185165
v 11.62793370 0.50059828 2.00000000
v 11.84294965 0.02972957 1.93185165
v 12.04331261 -0.40905021 1.73205081
v 12.21536818 -0.78583895 1.41421356
v 12.34739107 -1.07495912 1.00000000
v 12.43038413 -1.25670765 0.51763809
v 12.45869151 -1.31869869 0.00000000
v 12.43038413 -1.25670765 -0.51763809
v 12.34739107 -1.07495912 -1.00000000
v 12.21536818 -0.78583895 -1.41421356
v 12.04331261 -0.40905021 -1.73205081
v 11.84294965 0.02972957 -1.93185165
v 11.62793370 0.50059828 -2.00000000
v 11.41291776 0.97146698 -1.93185165
v 11.21255480 1.41024676 -1.73205081
v 11.04049922 1.78703550 -1.41421356
v 10.90847634 2.07615567 -1.00000000
v 10.82548328 2.25790420 -0.51763809
v 10.79717589 2.31989525 -0.00000000
v 10.82548328 2.25790420 0.51763809
v 10.90847634 2.07615567 1.00000000
v 11.04049922 1.78703550 1.41421356
v 11.21255480 1.41024676 1.73205081
v 11.41291776 0.97146698 1.93185165
v 11.92206012 0.64243104 2.00000000
v 12.15700223 0.18118122 1.93185165
v 12.37593342 -0.24863519 1.73205081
v 12.56393390 -0.61772691 1.41421356
v 12.70819174 -0.90094094 1.00000000
v 12.79887601 -1.07897673 0.51763809
v 12.82980673 -1.13970142 0.00000000
v 12.79887601 -1.07897673 -0.51763809
v 12.70819174 -0.90094094 -1.00000000
v 12.56393390 -0.61772691 -1.41421356
v 12.37593342 -0.24863519 -1.73205081
v 12.15700223 0.18118122 -1.93185165
v 11.92206012 0.64243104 -2.00000000
v 11.68711801 1.10368086 -1.93185165
v 11.46818681 1.53349727 -1.73205081
v 11.28018633 1.90258898 -1.41421356
v 11.13592849 2.18580302 -1.00000000
v 11.04524422 2.36383880 -0.51763809
v 11.01431350 2.42456349 -0.00000000
v 11.04524422 2.36383880 0.51763809
v 11.13592849 2.18580302 1.00000000
v 11.28018633 1.90258898 1.41421356
v 11.46818681 1.53349727 1.73205081
v 11.68711801 1.10368086 1.93185165
v 12.20999927 0.79707907 2.00000000
v 12.46515158 0.34669424 1.93185165
v 12.70291568 -0.07299760 1.73205081
v 12.90708833 -0.43339516 1.41421356
v 13.06375553 -0.70993794 1.00000000
v 13.16224064 -0.88377999 0.51763809
v 13.19583208 -0.94307428 0.00000000
v 13.16224064 -0.88377999 -0.51763809
v 13.06375553 -0.70993794 -1.00000000
v 12.90708833 -0.43339516 -1.41421356
v 12.70291568 -0.07299760 -1.73205081
v 12.46515158 0.34669424 -1.93185165
v 12.20999927 0.79707907 -2.00000000
v 11.95484697 1.24746390 -1.93185165
v 11.71708287 1.66715575 -1.73205081
v 11.51291021 2.02755331 -1.41421356
v 11.35624302 2.30409608 -1.00000000
v 11.25775791 2.47793814 -0.51763809
v 11.22416647 2.53723242 -0.00000000
v 11.25775791 2.47793814 0.51763809
v 11.35624302 2.30409608 1.00000000
v 11.51291021 2.02755331 1.41421356
v 11.71708287 1.66715575 1.73205081
v 11.95484697 1.24746390 1.93185165
v 12.49141007 0.96497954 2.00000000
v 12.76690206 0.52674061 1.93185165
v 13.02361972 0.11836695 1.73205081
v 13.24406818 -0.23231147 1.41421356
v 13.41322423 -0.50139649 1.00000000
v 13.51956017 -0.67055040 0.51763809
v 13.55582937 -0.72824565 0.00000000
v 13.51956017 -0.67055040 -0.51763809
v 13.41322423 -0.50139649 -1.00000000
v 13.24406818 -0.23231147 -1.41421356
v 13.02361972 0.11836695 -1.73205081
v 12.76690206 0.52674061 -1.93185165
v 12.49141007 0.96497954 -2.00000000
v 12.21591808 1.40321847 -1.93185165
v 11.95920041 1.81159213 -1.73205081
v 11.73875196 2.16227055 -1.41421356
v 11.56959591 2.43135557 -1.00000000
v 11.46325997 2.60050948 -0.51763809
v 11.42699076 2.65820473 -0.00000000
v 11.46325997 2.60050948 0.51763809
v 11.56959591 2.43135557 1.00000000
v 11.73875196 2.16227055 1.41421356
v 11.95920041 1.81159213 1.73205081
v 12.21591808 1.40321847 1.93185165
v 12.76595139 1.14656960 2.00000000
v 13.06173942 0.72176537 1.93185165
v 13.33736999 0.32591085 1.73205081
v 13.57405933 -0.01401713 1.41421356
v 13.75567745 -0.27485304 1.00000000
v 13.86984737 -0.43882135 0.51763809
v 13.90878860 -0.49474789 0.00000000
v 13.86984737 -0.43882135 -0.51763809
v 13.75567745 -0.27485304 -1.00000000
v 13.57405933 -0.01401713 -1.41421356
v 13.33736999 0.32591085 -1.73205081
v 13.06173942 0.72176537 -1.93185165
v 12.76595139 1.14656960 -2.00000000
v 12.47016335 1.57137382 -1.93185165
v 12.19453278 1.96722834 -1.73205081
v 11.95784344 2.30715632 -1.41421356
v 11.77622532 2.56799224 -1.00000000
v 11.66205540 2.73196055 -0.51763809
v 11.62311417 2.78788709 -0.00000000
v 11.66205540 2.73196055 0.51763809
v 11.77622532 2.56799224 1.00000000
v 11.95784344 2.30715632 1.41421356
v 12.19453278 1.96722834 1.73205081
v 12.47016335 1.57137382 1.93185165
v 13.03328111 1.34228034 2.00000000
v 13.34893661 0.93202334 1.93185165
v 13.64308070 0.54972468 1.73205081
v 13.89566796 0.22143738 1.41421356
v 14.08948498 -0.03046632 1.00000000
v 14.21132345 -0.18881961 0.51763809
v 14.25288029 -0.24283097 0.00000000
v 14.21132345 -0.18881961 -0.51763809
v 14.08948498 -0.03046632 -1.00000000
v 13.89566796 0.22143738 -1.41421356
v 13.64308070 0.54972468 -1.73205081
v 13.34893661 0.93202334 -1.93185165
v 13.03328111 1.34228034 -2.00000000
v 12.71762562 1.75253733 -1.93185165
v 12.42348152 2.13483599 -1.73205081
v 12.17089426 2.46312329 -1.41421356
v 11.97707724 2.71502700 -1.00000000
v 11.85523877 2.87338028 -0.51763809
v 11.81368194 2.92739164 -0.00000000
v 11.85523877 2.87338028 0.51763809
v 11.97707724 2.71502700 1.00000000
v 12.17089426 2.46312329 1.41421356
v 12.42348152 2.13483599 1.73205081
v 12.71762562 1.75253733 1.93185165
v 13.29297842 1.55206903 2.00000000
v 13.62745389 1.15700530 1.93185165
v 13.93913541 0.78886451 1.73205081
v 14.20678239 0.47273484 1.41421356
v 14.41215515 0.23016002 1.00000000
v 14.54125786 0.07767111 0.51763809
v 14.58529239 0.02565998 0.00000000
v 14.54125786 0.07767111 -0.51763809
v 14.41215515 0.23016002 -1.00000000
v 14.20678239 0.47273484 -1.41421356
v 13.93913541 0.78886451 -1.73205081
v 13.62745389 1.15700530 -1.93185165
v 13.29297842 1.55206903 -2.00000000
v 12.95850295 1.94713277 -1.93185165
v 12.64682144 2.31527356 -1.73205081
v 12.37917445 2.63140323 -1.41421356
v 12.17380169 2.87397805 -1.00000000
v 12.04469898 3.02646696 -0.51763809
v 12.00066445 3.07847809 -0.00000000
v 12.04469898 3.02646696 0.51763809
v 12.17380169 2.87397805 1.00000000
v 12.37917445 2.63140323 1.41421356
v 12.64682144 2.31527356 1.73205081
v 12.95850295 1.94713277 1.93185165
v 13.54448868 1.77508744 2.00000000
v 13.89645985 1.39552785 1.93185165
v 14.22444478 1.04183462 1.73205081
v 14.50609182 0.73811135 1.41421356
v 14.72220719 0.50505630 1.00000000
v 14.85806299 0.35855176 0.51763809
v 14.90440088 0.30858179 0.00000000
v 14.85806299 0.35855176 -0.51763809
v 14.72220719 0.50505630 -1.00000000
v 14.50609182 0.73811135 -1.41421356
v 14.22444478 1.04183462 -1.73205081
v 13.89645985 1.39552785 -1.93185165
v 13.54448868 1.77508744 -2.00000000
v 13.19251750 2.15464703 -1.93185165
v 12.86453258 2.50834026 -1.73205081
v 12.58288554 2.81206352 -1.41421356
v 12.36677016 3.04511858 -1.00000000
v 12.23091436 3.19162311 -0.51763809
v 12.18457647 3.24159308 -0.00000000
v 12.23091436 3.19162311 0.51763809
v 12.36677016 3.04511858 1.00000000
v 12.58288554 2.81206352 1.41421356
v 12.86453258 2.50834026 1.73205081
v 13.19251750 2.15464703 1.93185165
v 13.78724423 2.01040897 2.00000000
v 14.15549014 1.64661763 1.93185165
v 14.49864070 1.30761807 1.73205081
v 14.79331077 1.01651254 1.41421356
v 15.01941907 0.79313942 1.00000000
v 15.16155669 0.65272120 0.51763809
v 15.21003718 0.60482716 0.00000000
v 15.16155669 0.65272120 -0.51763809
v 15.01941907 0.79313942 -1.00000000
v 14.79331077 1.01651254 -1.41421356
v 14.49864070 1.30761807 -1.73205081
v 14.15549014 1.64661763 -1.93185165
v 13.78724423 2.01040897 -2.00000000
v 13.41899831 2.37420031 -1.93185165
v 13.07584775 2.71319987 -1.73205081
v 12.78117768 3.00430540 -1.41421356
v 12.55506939 3.22767852 -1.00000000
v 12.41293177 3.36809674 -0.51763809
v 12.36445128 3.41599078 -0.00000000
v 12.41293177 3.36809674 0.51763809
v 12.55506939 3.22767852 1.00000000
v 12.78117768 3.00430540 1.41421356
v 13.07584775 2.71319987 1.73205081
v 13.41899831 2.37420031 1.93185165
v 14.02067743 2.25710705 2.00000000
v 14.40410194 1.90935019 1.93185165
v 14.76139670 1.58529238 1.73205081
v 15.06821267 1.30701763 1.41421356
v 15.30364085 1.09348990 1.00000000
v 15.45163718 0.95926076 0.51763809
v 15.50211598 0.91347770 0.00000000
v 15.45163718 0.95926076 -0.51763809
v 15.30364085 1.09348990 -1.00000000
v 15.06821267 1.30701763 -1.41421356
v 14.76139670 1.58529238 -1.73205081
v 14.40410194 1.90935019 -1.93185165
v 14.02067743 2.25710705 -2.00000000
v 13.63725292 2.60486391 -1.93185165
v 13.27995815 2.92892172 -1.73205081
v 12.97314218 3.20719647 -1.41421356
v 12.73771401 3.42072420 -1.00000000
v 12.58971767 3.55495334 -0.51763809
v 12.53923888 3.60073640 -0.00000000
v 12.58971767 3.55495334 0.51763809
v 12.73771401 3.42072420 1.00000000
v 12.97314218 3.20719647 1.41421356
v 13.27995815 2.92892172 1.73205081
v 13.63725292 2.60486391 1.93185165
v 14.24422062 2.51425510 2.00000000
v 14.64183922 2.18282088 1.93185165
v 15.01236076 1.87397335 1.73205081
v 15.33053483 1.60875996 1.41421356
v 15.57467837 1.40525457 1.00000000
v 15.72815342 1.27732574 0.51763809
v 15.78050090 1.23369159 0.00000000
v 15.72815342 1.27732574 -0.51763809
v 15.57467837 1.40525457 -1.00000000
v 15.33053483 1.60875996 -1.41421356
v 15.01236076 1.87397335 -1.73205081
v 14.64183922 2.18282088 -1.93185165
v 14.24422062 2.51425510 -2.00000000
v 13.84660203 2.84568932 -1.93185165
v 13.47608048 3.15453685 -1.73205081
v 13.15790642 3.41975024 -1.41421356
v 12.91376287 3.62325563 -1.00000000
v 12.76028782 3.75118446 -0.51763809
v 12.70794034 3.79481861 -0.00000000
v 12.76028782 3.75118446 0.51763809
v 12.91376287 3.62325563 1.00000000
v 13.15790642 3.41975024 1.41421356
v 13.47608048 3.15453685 1.73205081
v 13.84660203 2.84568932 1.93185165
v 14.45730617 2.78092654 2.00000000
v 14.86823198 2.46614222 1.93185165
v 15.25115387 2.17280992 1.73205081
v 15.57997636 1.92091977 1.41421356
v 15.83229073 1.72763766 1.00000000
v 15.99090217 1.60613545 0.51763809
v 16.04500158 1.56469331 0.00000000
v 15.99090217 1.60613545 -0.51763809
v 15.83229073 1.72763766 -1.00000000
v 15.57997636 1.92091977 -1.41421356
v 15.25115387 2.17280992 -1.73205081
v 14.86823198 2.46614222 -1.93185165
v 14.45730617 2.78092654 -2.00000000
v 14.04638036 3.09571087 -1.93185165
v 13.66345846 3.38904316 -1.73205081
v 13.33463597 3.64093331 -1.41421356
v 13.08232161 3.83421542 -1.00000000
v 12.92371016 3.95571763 -0.51763809
v 12.86961076 3.99715977 -0.00000000
v 12.92371016 3.95571763 0.51763809
v 13.08232161 3.83421542 1.00000000
v 13.33463597 3.64093331 1.41421356
v 13.66345846 3.38904316 1.73205081
v 14.04638036 3.09571087 1.93185165
v 14.65936641 3.05619479 2.00000000
v 15.08279575 2.75844189 1.93185165
v 15.47736907 2.48098036 1.73205081
v 15.81619687 2.24271874 1.41421356
v 16.07618858 2.05989417 1.00000000
v 16.23962621 1.94496584 0.51763809
v 16.29537174 1.90576593 0.00000000
v 16.23962621 1.94496584 -0.51763809
v 16.07618858 2.05989417 -1.00000000
v 15.81619687 2.24271874 -1.41421356
v 15.47736907 2.48098036 -1.73205081
v 15.08279575 2.75844189 -1.93185165
v 14.65936641 3.05619479 -2.00000000
v 14.23593708 3.35394769 -1.93185165
v 13.84136375 3.63140923 -1.73205081
v 13.50253595 3.86967085 -1.41421356
v 13.24254424 4.05249542 -1.00000000
v 13.07910662 4.16742375 -0.51763809
v 13.02336109 4.20662366 -0.00000000
v 13.07910662 4.16742375 0.51763809
v 13.24254424 4.05249542 1.00000000
v 13.50253595 3.86967085 1.41421356
v 13.84136375 3.63140923 1.73205081
v 14.23593708 3.35394769 1.93185165
v 14.84983371 3.33913328 2.00000000
v 15.28503116 3.05886132 1.93185165
v 15.69057063 2.79768944 1.73205081
v 16.03881526 2.57341606 1.41421356
v 16.30603277 2.40132504 1.00000000
v 16.47401271 2.29314410 0.51763809
v 16.53130755 2.25624560 0.00000000
v 16.47401271 2.29314410 -0.51763809
v 16.30603277 2.40132504 -1.00000000
v 16.03881526 2.57341606 -1.41421356
v 15.69057063 2.79768944 -1.73205081
v 15.28503116 3.05886132 -1.93185165
v 14.84983371 3.33913328 -2.00000000
v 14.41463625 3.61940523 -1.93185165
v 14.00909679 3.88057712 -1.73205081
v 13.66085215 4.10485050 -1.41421356
v 13.39363465 4.27694152 -1.00000000
v 13.22565470 4.38512246 -0.51763809
v 13.16835987 4.42202096 -0.00000000
v 13.22565470 4.38512246 0.51763809
v 13.39363465 4.27694152 1.00000000
v 13.66085215 4.10485050 1.41421356
v 14.00909679 3.88057712 1.73205081
v 14.41463625 3.61940523 1.93185165
v 15.02814040 3.62881542 2.00000000
v 15.47442339 3.36655469 1.93185165
v 15.89029292 3.12216659 1.73205081
v 16.24740819 2.91230578 1.41421356
v 16.52143237 2.75127391 1.00000000
v 16.69369117 2.65004505 0.51763809
v 16.75244544 2.61551777 0.00000000
v 16.69369117 2.65004505 -0.51763809
v 16.52143237 2.75127391 -1.00000000
v 16.24740819 2.91230578 -1.41421356
v 15.89029292 3.12216659 -1.73205081
v 15.47442339 3.36655469 -1.93185165
v 15.02814040 3.62881542 -2.00000000
v 14.58185742 3.89107615 -1.93185165
v 14.16598788 4.13546424 -1.73205081
v 13.80887262 4.34532506 -1.41421356
v 13.53484843 4.50635692 -1.00000000
v 13.36258963 4.60758579 -0.51763809
v 13.30383536 4.64211307 -0.00000000
v 13.36258963 4.60758579 0.51763809
v 13.53484843 4.50635692 1.00000000
v 13.80887262 4.34532506 1.41421356
v 14.16598788 4.13546424 1.73205081
v 14.58185742 3.89107615 1.93185165
v 15.19371885 3.92431463 2.00000000
v 15.65044129 3.68068827 1.93185165
v 16.07603885 3.45366464 1.73205081
v 16.44150776 3.25871503 1.41421356
v 16.72194192 3.10912493 1.00000000
v 16.89823020 3.01508866 0.51763809
v 16.95835885 2.98301464 0.00000000
v 16.89823020 3.01508866 -0.51763809
v 16.72194192 3.10912493 -1.00000000
v 16.44150776 3.25871503 -1.41421356
v 16.07603885 3.45366464 -1.73205081
v 15.65044129 3.68068827 -1.93185165
v 15.19371885 3.92431463 -2.00000000
v 14.73699641 4.16794099 -1.93185165
v 14.31139885 4.39496462 -1.73205081
v 13.94592994 4.58991423 -1.41421356
v 13.66549578 4.73950433 -1.00000000
v 13.48920750 4.83354060 -0.51763809
v 13.42907885 4.86561462 -0.00000000
v 13.48920750 4.83354060 0.51763809
v 13.66549578 4.73950433 1.00000000
v 13.94592994 4.58991423 1.41421356
v 14.31139885 4.39496462 1.73205081
v 14.73699641 4.16794099 1.93185165
v 15.34600140 4.22470434 2.00000000
v 15.81253617 4.00043997 1.93185165
v 16.24727736 3.79145885 1.73205081
v 16.62059808 3.61200269 1.41421356
v 16.90705715 3.47430114 1.00000000
v 17.08713284 3.38773832 0.51763809
v 17.14855331 3.35821336 0.00000000
v 17.08713284 3.38773832 -0.51763809
v 16.90705715 3.47430114 -1.00000000
v 16.62059808 3.61200269 -1.41421356
v 16.24727736 3.79145885 -1.73205081
v 15.81253617 4.00043997 -1.93185165
v 15.34600140 4.22470434 -2.00000000
v 14.87946664 4.44896871 -1.93185165
v 14.44472545 4.65794983 -1.73205081
v 14.07140472 4.83740599 -1.41421356
v 13.78494566 4.97510754 -1.00000000
v 13.60486996 5.06167035 -0.51763809
v 13.54344949 5.09119532 -0.00000000
v 13.60486996 5.06167035 0.51763809
v 13.78494566 4.97510754 1.00000000
v 14.07140472 4.83740599 1.41421356
v 14.44472545 4.65794983 1.73205081
v 14.87946664 4.44896871 1.93185165
v 15.48442041 4.52905796 2.00000000
v 15.96013994 4.32499887 1.93185165
v 16.40343998 4.13484606 1.73205081
v 16.78411035 3.97155814 1.41421356
v 17.07620900 3.84626292 1.00000000
v 17.25982989 3.76749905 0.51763809
v 17.32245955 3.74063416 0.00000000
v 17.25982989 3.76749905 -0.51763809
v 17.07620900 3.84626292 -1.00000000
v 16.78411035 3.97155814 -1.41421356
v 16.40343998 4.13484606 -1.73205081
v 15.96013994 4.32499887 -1.93185165
v 15.48442041 4.52905796 -2.00000000
v 15.00870087 4.73311706 -1.93185165
v 14.56540083 4.92326987 -1.73205081
v 14.18473046 5.08655778 -1.41421356
v 13.89263181 5.21185301 -1.00000000
v 13.70901093 5.29061688 -0.51763809
v 13.64638126 5.31748177 -0.00000000
v 13.70901093 5.29061688 0.51763809
v 13.89263181 5.21185301 1.00000000
v 14.18473046 5.08655778 1.41421356
v 14.56540083 4.92326987 1.73205081
v 15.00870087 4.73311706 1.93185165
v 15.60840821 4.83644892 2.00000000
v 16.09266277 4.65356450 1.93185165
v 16.54391619 4.48314334 1.73205081
v 16.93141628 4.33679938 1.41421356
v 17.22875555 4.22450570 1.00000000
v 17.41567084 4.15391495 0.51763809
v 17.47942416 4.12983776 0.00000000
v 17.41567084 4.15391495 -0.51763809
v 17.22875555 4.22450570 -1.00000000
v 16.93141628 4.33679938 -1.41421356
v 16.54391619 4.48314334 -1.73205081
v 16.09266277 4.65356450 -1.93185165
v 15.60840821 4.83644892 -2.00000000
v 15.12415365 5.01933335 -1.93185165
v 14.67290024 5.18975451 -1.73205081
v 14.28540015 5.33609847 -1.41421356
v 13.98806088 5.44839214 -1.00000000
v 13.80114559 5.51898290 -0.51763809
v 13.73739227 5.54306009 -0.00000000
v 13.80114559 5.51898290 0.51763809
v 13.98806088 5.44839214 1.00000000
v 14.28540015 5.33609847 1.41421356
v 14.67290024 5.18975451 1.73205081
v 15.12415365 5.01933335 1.93185165
v 15.71739718 5.14595064 2.00000000
v 16.20948990 4.98534571 1.93185165
v 16.66804732 4.83568573 1.73205081
v 17.06181950 4.70716979 1.41421356
v 17.36397152 4.60855605 1.00000000
v 17.55391222 4.54656486 0.51763809
v 17.61869745 4.52542082 0.00000000
v 17.55391222 4.54656486 -0.51763809
v 17.36397152 4.60855605 -1.00000000
v 17.06181950 4.70716979 -1.41421356
v 16.66804732 4.83568573 -1.73205081
v 16.20948990 4.98534571 -1.93185165
v 15.71739718 5.14595064 -2.00000000
v 15.22530446 5.30655558 -1.93185165
v 14.76674704 5.45621556 -1.73205081
v 14.37297486 5.58473149 -1.41421356
v 14.07082284 5.68334524 -1.00000000
v 13.88088214 5.74533643 -0.51763809
v 13.81609690 5.76648047 -0.00000000
v 13.88088214 5.74533643 0.51763809
v 14.07082284 5.68334524 1.00000000
v 14.37297486 5.58473149 1.41421356
v 14.76674704 5.45621556 1.73205081
v 15.22530446 5.30655558 1.93185165
v 15.81081965 5.45663654 2.00000000
v 16.30997777 5.31955859 1.93185165
v 16.77511909 5.19182228 1.73205081
v 17.17454499 5.08213263 1.41421356
v 17.48103527 4.99796480 1.00000000
v 17.67370312 4.94505468 0.51763809
v 17.73941853 4.92700803 0.00000000
v 17.67370312 4.94505468 -0.51763809
v 17.48103527 4.99796480 -1.00000000
v 17.17454499 5.08213263 -1.41421356
v 16.77511909 5.19182228 -1.73205081
v 16.30997777 5.31955859 -1.93185165
v 15.81081965 5.45663654 -2.00000000
v 15.31166153 5.59371449 -1.93185165
v 14.84652021 5.72145080 -1.73205081
v 14.44709430 5.83114045 -1.41421356
v 14.14060402 5.91530829 -1.00000000
v 13.94793618 5.96821840 -0.51763809
v 13.88222077 5.98626505 -0.00000000
v 13.94793618 5.96821840 0.51763809
v 14.14060402 5.91530829 1.00000000
v 14.44709430 5.83114045 1.41421356
v 14.84652021 5.72145080 1.73205081
v 15.31166153 5.59371449 1.93185165
v 15.88810798 5.76758004 2.00000000
v 16.39344947 5.65542314 1.93185165
v 16.86435277 5.55090954 1.73205081
v 17.26872660 5.46116168 1.41421356
v 17.57901356 5.39229573 1.00000000
v 17.77406809 5.34900478 0.51763809
v 17.84059756 5.33423905 0.00000000
v 17.77406809 5.34900478 -0.51763809
v 17.57901356 5.39229573 -1.00000000
v 17.26872660 5.46116168 -1.41421356
v 16.86435277 5.55090954 -1.73205081
v 16.39344947 5.65542314 -1.93185165
v 15.88810798 5.76758004 -2.00000000
v 15.38276648 5.87973694 -1.93185165
v 14.91186318 5.98425053 -1.73205081
v 14.50748935 6.07399839 -1.41421356
v 14.19720239 6.14286434 -1.00000000
v 14.00214786 6.18615529 -0.51763809
v 13.93561839 6.20092103 -0.00000000
v 14.00214786 6.18615529 0.51763809
v 14.19720239 6.14286434 1.00000000
v 14.50748935 6.07399839 1.41421356
v 14.91186318 5.98425053 1.73205081
v 15.38276648 5.87973694 1.93185165
v 15.94869451 6.07785456 2.00000000
v 16.45918932 5.99215604 1.93185165
v 16.93489476 5.91229773 1.73205081
v 17.34339228 5.84372184 1.41421356
v 17.65684345 5.79110172 1.00000000
v 17.85388710 5.75802332 0.51763809
v 17.92109501 5.74674090 0.00000000
v 17.85388710 5.75802332 -0.51763809
v 17.65684345 5.79110172 -1.00000000
v 17.34339228 5.84372184 -1.41421356
v 16.93489476 5.91229773 -1.73205081
v 16.45918932 5.99215604 -1.93185165
v 15.94869451 6.07785456 -2.00000000
v 15.43819969 6.16355308 -1.93185165
v 14.96249426 6.24341139 -1.73205081
v 14.55399674 6.31198727 -1.41421356
v 14.24054557 6.36460740 -1.00000000
v 14.04350192 6.39768579 -0.51763809
v 13.97629401 6.40896822 -0.00000000
v 14.04350192 6.39768579 0.51763809
v 14.24054557 6.36460740 1.00000000
v 14.55399674 6.31198727 1.41421356
v 14.96249426 6.24341139 1.73205081
v 15.43819969 6.16355308 1.93185165
v 15.99201421 6.38653579 2.00000000
v 16.50641090 6.32869781 1.93185165
v 16.98575231 6.27480140 1.73205081
v 17.39737212 6.22851950 1.41421356
v 17.71321910 6.19300615 1.00000000
v 17.91176881 6.17068153 0.51763809
v 17.97949042 6.16306701 0.00000000
v 17.91176881 6.17068153 -0.51763809
v 17.71321910 6.19300615 -1.00000000
v 17.39737212 6.22851950 -1.41421356
v 16.98575231 6.27480140 -1.73205081
v 16.50641090 6.32869781 -1.93185165
v 15.99201421 6.38653579 -2.00000000
v 15.47761751 6.44437376 -1.93185165
v 14.99827610 6.49827018 -1.73205081
v 14.58665630 6.54455207 -1.41421356
v 14.27080931 6.58006542 -1.00000000
v 14.07225960 6.60239005 -0.51763809
v 14.00453799 6.61000456 -0.00000000
v 14.07225960 6.60239005 0.51763809
v 14.27080931 6.58006542 1.00000000
v 14.58665630 6.54455207 1.41421356
v 14.99827610 6.49827018 1.73205081
v 15.47761751 6.44437376 1.93185165
v 16.01786202 6.69301336 2.00000000
v 16.53466465 6.66361540 1.93185165
v 17.01624802 6.63622086 1.73205081
v 17.42979305 6.61269664 1.41421356
v 17.74711731 6.59464587 1.00000000
v 17.94659567 6.58329868 0.51763809
v 18.01463403 6.57942836 0.00000000
v 17.94659567 6.58329868 -0.51763809
v 17.74711731 6.59464587 -1.00000000
v 17.42979305 6.61269664 -1.41421356
v 17.01624802 6.63622086 -1.73205081
v 16.53466465 6.66361540 -1.93185165
v 16.01786202 6.69301336 -2.00000000
v 15.50105940 6.72241132 -1.93185165
v 15.01947602 6.74980585 -1.73205081
v 14.60593099 6.77333008 -1.41421356
v 14.28860674 6.79138085 -1.00000000
v 14.08912837 6.80272804 -0.51763809
v 14.02109001 6.80659835 -0.00000000
v 14.08912837 6.80272804 0.51763809
v 14.28860674 6.79138085 1.00000000
v 14.60593099 6.77333008 1.41421356
v 15.01947602 6.74980585 1.73205081
v 15.50105940 6.72241132 1.93185165
v 16.02675761 6.99730886 2.00000000
v 16.54439423 6.99607512 1.93185165
v 17.02675477 6.99492546 1.73205081
v 17.44096716 6.99393822 1.41421356
v 17.75880350 6.99318069 1.00000000
v 17.95860378 6.99270448 0.51763809
v 18.02675193 6.99254206 0.00000000
v 17.95860378 6.99270448 -0.51763809
v 17.75880350 6.99318069 -1.00000000
v 17.44096716 6.99393822 -1.41421356
v 17.02675477 6.99492546 -1.73205081
v 16.54439423 6.99607512 -1.93185165
v 16.02675761 6.99730886 -2.00000000
v 15.50912099 6.99854260 -1.93185165
v 15.02676045 6.99969227 -1.73205081
v 14.61254806 7.00067951 -1.41421356
v 14.29471172 7.00143704 -1.00000000
v 14.09491144 7.00191325 -0.51763809
v 14.02676329 7.00207567 -0.00000000
v 14.09491144 7.00191325 0.51763809
v 14.29471172 7.00143704 1.00000000
v 14.61254806 7.00067951 1.41421356
v 15.02676045 6.99969227 1.73205081
v 15.50912099 6.99854260 1.93185165
v 16.01930757 7.29951972 2.00000000
v 16.53627749 7.32581220 1.93185165
v 17.01801677 7.35031288 1.73205081
v 17.43169566 7.37135209 1.41421356
v 17.74912264 7.38749605 1.00000000
v 17.94866558 7.39764457 0.51763809
v 18.01672596 7.40110604 0.00000000
v 17.94866558 7.39764457 -0.51763809
v 17.74912264 7.38749605 -1.00000000
v 17.43169566 7.37135209 -1.41421356
v 17.01801677 7.35031288 -1.73205081
v 16.53627749 7.32581220 -1.93185165
v 16.01930757 7.29951972 -2.00000000
v 15.50233765 7.27322725 -1.93185165
v 15.02059838 7.24872657 -1.73205081
v 14.60691949 7.22768735 -1.41421356
v 14.28949251 7.21154340 -1.00000000
v 14.08994957 7.20139488 -0.51763809
v 14.02188919 7.19793341 -0.00000000
v 14.08994957 7.20139488 0.51763809
v 14.28949251 7.21154340 1.00000000
v 14.60691949 7.22768735 1.41421356
v 15.02059838 7.24872657 1.73205081
v 15.50233765 7.27322725 1.93185165
v 15.99611851 7.59974335 2.00000000
v 16.51104478 7.65265957 1.93185165
v 16.99087968 7.70196964 1.73205081
v 17.40292325 7.74431316 1.41421356
v 17.71909540 7.77680448 1.00000000
v 17.91784952 7.79722938 0.51763809
v 17.98564085 7.80419593 0.00000000
v 17.91784952 7.79722938 -0.51763809
v 17.71909540 7.77680448 -1.00000000
v 17.40292325 7.74431316 -1.41421356
v 16.99087968 7.70196964 -1.73205081
v 16.51104478 7.65265957 -1.93185165
v 15.99611851 7.59974335 -2.00000000
v 15.48119224 7.54682713 -1.93185165
v 15.00135734 7.49751706 -1.73205081
v 14.58931377 7.45517354 -1.41421356
v 14.27314162 7.42268222 -1.00000000
v 14.07438750 7.40225732 -0.51763809
v 14.00659617 7.39529077 -0.00000000
v 14.07438750 7.40225732 0.51763809
v 14.27314162 7.42268222 1.00000000
v 14.58931377 7.45517354 1.41421356
v 15.00135734 7.49751706 1.73205081
v 15.48119224 7.54682713 1.93185165
v 15.95779702 7.89807716 2.00000000
v 16.46946108 7.97649327 1.93185165
v 16.94625608 8.04956545 1.73205081
v 17.35568922 8.11231395 1.41421356
v 17.66985832 8.16046257 1.00000000
v 17.86735328 8.19073006 0.51763809
v 17.93471513 8.20105374 0.00000000
v 17.86735328 8.19073006 -0.51763809
v 17.66985832 8.16046257 -1.00000000
v 17.35568922 8.11231395 -1.41421356
v 16.94625608 8.04956545 -1.73205081
v 16.46946108 7.97649327 -1.93185165
v 15.95779702 7.89807716 -2.00000000
v 15.44613297 7.81966105 -1.93185165
v 14.96933797 7.74658887 -1.73205081
v 14.55990483 7.68384037 -1.41421356
v 14.24573572 7.63569175 -1.00000000
v 14.04824077 7.60542426 -0.51763809
v 13.98087892 7.59510058 -0.00000000
v 14.04824077 7.60542426 0.51763809
v 14.24573572 7.63569175 1.00000000
v 14.55990483 7.68384037 1.41421356
v 14.96933797 7.74658887 1.73205081
v 15.44613297 7.81966105 1.93185165
v 15.90494971 8.19461857 2.00000000
v 16.41231395 8.29723785 1.93185165
v 16.88510216 8.39286380 1.73205081
v 17.29109460 8.47497966 1.41421356
v 17.60262356 8.53798938 1.00000000
v 17.79845884 8.57759894 0.51763809
v 17.86525461 8.59110902 0.00000000
v 17.79845884 8.57759894 -0.51763809
v 17.60262356 8.53798938 -1.00000000
v 17.29109460 8.47497966 -1.41421356
v 16.88510216 8.39286380 -1.73205081
v 16.41231395 8.29723785 -1.93185165
v 15.90494971 8.19461857 -2.00000000
v 15.39758547 8.09199929 -1.93185165
v 14.92479726 7.99637334 -1.73205081
v 14.51880482 7.91425748 -1.41421356
v 14.20727586 7.85124776 -1.00000000
v 14.01144057 7.81163820 -0.51763809
v 13.94464481 7.79812811 -0.00000000
v 14.01144057 7.81163820 0.51763809
v 14.20727586 7.85124776 1.00000000
v 14.51880482 7.91425748 1.41421356
v 14.92479726 7.99637334 1.73205081
v 15.39758547 8.09199929 1.93185165
v 15.83818317 8.48946499 2.00000000
v 16.34040165 8.61486751 1.93185165
v 16.80839477 8.73172406 1.73205081
v 17.21026957 8.83207105 1.41421356
v 17.51863895 8.90907000 1.00000000
v 17.71248805 8.95747357 0.51763809
v 17.77860636 8.97398312 0.00000000
v 17.71248805 8.95747357 -0.51763809
v 17.51863895 8.90907000 -1.00000000
v 17.21026957 8.83207105 -1.41421356
v 16.80839477 8.73172406 -1.73205081
v 16.34040165 8.61486751 -1.93185165
v 15.83818317 8.48946499 -2.00000000
v 15.33596469 8.36406247 -1.93185165
v 14.86797157 8.24720592 -1.73205081
v 14.46609677 8.14685893 -1.41421356
v 14.15772739 8.06985997 -1.00000000
v 13.96387829 8.02145641 -0.51763809
v 13.89775997 8.00494685 -0.00000000
v 13.96387829 8.02145641 0.51763809
v 14.15772739 8.06985997 1.00000000
v 14.46609677 8.14685893 1.41421356
v 14.86797157 8.24720592 1.73205081
v 15.33596469 8.36406247 1.93185165
v 15.75810400 8.78271384 2.00000000
v 16.25452252 8.92940347 1.93185165
v 16.71711093 9.06609644 1.73205081
v 17.11434461 9.18347736 1.41421356
v 17.41915273 9.27354690 1.00000000
v 17.61076313 9.33016699 0.51763809
v 17.67611787 9.34947904 0.00000000
v 17.61076313 9.33016699 -0.51763809
v 17.41915273 9.27354690 -1.00000000
v 17.11434461 9.18347736 -1.41421356
v 16.71711093 9.06609644 -1.73205081
v 16.25452252 8.92940347 -1.93185165
v 15.75810400 8.78271384 -2.00000000
v 15.26168548 8.63602421 -1.93185165
v 14.79909706 8.49933123 -1.73205081
v 14.40186339 8.38195031 -1.41421356
v 14.09705526 8.29188077 -1.00000000
v 13.90544487 8.23526068 -0.51763809
v 13.84009013 8.21594863 -0.00000000
v 13.90544487 8.23526068 0.51763809
v 14.09705526 8.29188077 1.00000000
v 14.40186339 8.38195031 1.41421356
v 14.79909706 8.49933123 1.73205081
v 15.26168548 8.63602421 1.93185165
v 15.66531880 9.07446253 2.00000000
v 16.15546660 9.24090870 1.93185165
v 16.61221163 9.39601185 1.73205081
v 17.00442749 9.52920194 1.41421356
v 17.30538529 9.63140229 1.00000000
v 17.49457528 9.69564812 0.51763809
v 17.55910446 9.71756117 0.00000000
v 17.49457528 9.69564812 -0.51763809
v 17.30538529 9.63140229 -1.00000000
v 17.00442749 9.52920194 -1.41421356
v 16.61221163 9.39601185 -1.73205081
v 16.15546660 9.24090870 -1.93185165
v 15.66531880 9.07446253 -2.00000000
v 15.17517101 8.90801635 -1.93185165
v 14.71842597 8.75291320 -1.73205081
v 14.32621012 8.61972311 -1.41421356
v 14.02525231 8.51752276 -1.00000000
v 13.83606232 8.45327694 -0.51763809
v 13.77153314 8.43136388 -0.00000000
v 13.83606232 8.45327694 0.51763809
v 14.02525231 8.51752276 1.00000000
v 14.32621012 8.61972311 1.41421356
v 14.71842597 8.75291320 1.73205081
v 15.17517101 8.90801635 1.93185165
v 15.56043418 9.36480847 2.00000000
v 16.04400959 9.54948121 1.93185165
v 16.49463013 9.72156879 1.73205081
v 16.88158676 9.86934376 1.41421356
v 17.17850903 9.98273547 1.00000000
v 17.36516217 10.05401649 0.51763809
v 17.42882608 10.07832911 0.00000000
v 17.36516217 10.05401649 -0.51763809
v 17.17850903 9.98273547 -1.00000000
v 16.88158676 9.86934376 -1.41421356
v 16.49463013 9.72156879 -1.73205081
v 16.04400959 9.54948121 -1.93185165
v 15.56043418 9.36480847 -2.00000000
v 15.07685877 9.18013574 -1.93185165
v 14.62623823 9.00804816 -1.73205081
v 14.23928159 8.86027319 -1.41421356
v 13.94235933 8.74688148 -1.00000000
v 13.75570619 8.67560046 -0.51763809
v 13.69204228 8.65128784 -0.00000000
v 13.75570619 8.67560046 0.51763809
v 13.94235933 8.74688148 1.00000000
v 14.23928159 8.86027319 1.41421356
v 14.62623823 9.00804816 1.73205081
v 15.07685877 9.18013574 1.93185165
v 15.44405672 9.65384910 2.00000000
v 15.92090914 9.85524663 1.93185165
v 16.36526485 10.04291925 1.73205081
v 16.74684175 10.20407738 1.41421356
v 17.03963601 10.32773837 1.00000000
v 17.22369417 10.40547491 0.51763809
v 17.28647298 10.43198940 0.00000000
v 17.22369417 10.40547491 -0.51763809
v 17.03963601 10.32773837 -1.00000000
v 16.74684175 10.20407738 -1.41421356
v 16.36526485 10.04291925 -1.73205081
v 15.92090914 9.85524663 -1.93185165
v 15.44405672 9.65384910 -2.00000000
v 14.96720431 9.45245157 -1.93185165
v 14.52284859 9.26477894 -1.73205081
v 14.14127169 9.10362081 -1.41421356
v 13.84847744 8.97995983 -1.00000000
v 13.66441928 8.90222328 -0.51763809
v 13.60164047 8.87570879 -0.00000000
v 13.66441928 8.90222328 0.51763809
v 13.84847744 8.97995983 1.00000000
v 14.14127169 9.10362081 1.41421356
v 14.52284859 9.26477894 1.73205081
v 14.96720431 9.45245157 1.93185165
v 15.31679304 9.94168181 2.00000000
v 15.78690321 10.15835119 1.93185165
v 16.22497615 10.36025491 1.73205081
v 16.60115791 10.53363357 1.41421356
v 16.88981233 10.66667169 1.00000000
v 17.07126808 10.75030295 0.51763809
v 17.13315926 10.77882802 0.00000000
v 17.07126808 10.75030295 -0.51763809
v 16.88981233 10.66667169 -1.00000000
v 16.60115791 10.53363357 -1.41421356
v 16.22497615 10.36025491 -1.73205081
v 15.78690321 10.15835119 -1.93185165
v 15.31679304 9.94168181 -2.00000000
v 14.84668287 9.72501242 -1.93185165
v 14.40860993 9.52310870 -1.73205081
v 14.03242817 9.34973004 -1.41421356
v 13.74377376 9.21669192 -1.00000000
v 13.56231801 9.13306066 -0.51763809
v 13.50042683 9.10453560 -0.00000000
v 13.56231801 9.13306066 0.51763809
v 13.74377376 9.21669192 1.00000000
v 14.03242817 9.34973004 1.41421356
v 14.40860993 9.52310870 1.73205081
v 14.84668287 9.72501242 1.93185165
v 15.17924973 10.22840402 2.00000000
v 15.64270989 10.45895526 1.93185165
v 16.07458601 10.67379481 1.73205081
v 16.44544643 10.85828171 1.41421356
v 16.73001765 10.99984349 1.00000000
v 16.90890659 11.08883295 0.51763809
v 16.96992228 11.11918559 0.00000000
v 16.90890659 11.08883295 -0.51763809
v 16.73001765 10.99984349 -1.00000000
v 16.44544643 10.85828171 -1.41421356
v 16.07458601 10.67379481 -1.73205081
v 15.64270989 10.45895526 -1.93185165
v 15.17924973 10.22840402 -2.00000000
v 14.71578957 9.99785278 -1.93185165
v 14.28391345 9.78301323 -1.73205081
v 13.91305303 9.59852633 -1.41421356
v 13.62848181 9.45696455 -1.00000000
v 13.44959287 9.36797509 -0.51763809
v 13.38857718 9.33762245 -0.00000000
v 13.44959287 9.36797509 0.51763809
v 13.62848181 9.45696455 1.00000000
v 13.91305303 9.59852633 1.41421356
v 14.28391345 9.78301323 1.73205081
v 14.71578957 9.99785278 1.93185165
v 15.03203339 10.51411315 2.00000000
v 15.48902839 10.75722787 1.93185165
v 15.91487993 10.98377472 1.73205081
v 16.28056694 11.17831491 1.41421356
v 16.56116845 11.32759084 1.00000000
v 16.73756194 11.42142962 0.51763809
v 16.79772647 11.45343628 0.00000000
v 16.73756194 11.42142962 -0.51763809
v 16.56116845 11.32759084 -1.00000000
v 16.28056694 11.17831491 -1.41421356
v 15.91487993 10.98377472 -1.73205081
v 15.48902839 10.75722787 -1.93185165
v 15.03203339 10.51411315 -2.00000000
v 14.57503839 10.27099844 -1.93185165
v 14.14918685 10.04445159 -1.73205081
v 13.78349984 9.84991140 -1.41421356
v 13.50289832 9.70063546 -1.00000000
v 13.32650484 9.60679668 -0.51763809
v 13.26634031 9.57479002 -0.00000000
v 13.32650484 9.60679668 0.51763809
v 13.50289832 9.70063546 1.00000000
v 13.78349984 9.84991140 1.41421356
v 14.14918685 10.04445159 1.73205081
v 14.57503839 10.27099844 1.93185165
v 14.87575062 10.79890662 2.00000000
v 15.32654067 11.05334230 1.93185165
v 15.74661014 11.29043861 1.73205081
v 16.10733196 11.49403783 1.41421356
v 16.38412355 11.65026500 1.00000000
v 16.55812202 11.74847351 0.51763809
v 16.61746965 11.78197060 0.00000000
v 16.55812202 11.74847351 -0.51763809
v 16.38412355 11.65026500 -1.00000000
v 16.10733196 11.49403783 -1.41421356
v 15.74661014 11.29043861 -1.73205081
v 15.32654067 11.05334230 -1.93185165
v 14.87575062 10.79890662 -2.00000000
v 14.42496056 10.54447093 -1.93185165
v 14.00489110 10.30737462 -1.73205081
v 13.64416928 10.10377541 -1.41421356
v 13.36737769 9.94754823 -1.00000000
v 13.19337922 9.84933972 -0.51763809
v 13.13403158 9.81584263 -0.00000000
v 13.19337922 9.84933972 0.51763809
v 13.36737769 9.94754823 1.00000000
v 13.64416928 10.10377541 1.41421356
v 14.00489110 10.30737462 1.73205081
v 14.42496056 10.54447093 1.93185165
v 14.71100802 11.08288183 2.00000000
v 15.15591352 11.34747262 1.93185165
v 15.57049945 11.59403199 1.73205081
v 15.92651245 11.80575731 1.41421356
v 16.19969084 11.96821987 1.00000000
v 16.37141795 12.07034810 0.51763809
v 16.42999088 12.10518214 0.00000000
v 16.37141795 12.07034810 -0.51763809
v 16.19969084 11.96821987 -1.00000000
v 15.92651245 11.80575731 -1.41421356
v 15.57049945 11.59403199 -1.73205081
v 15.15591352 11.34747262 -1.93185165
v 14.71100802 11.08288183 -2.00000000
v 14.26610251 10.81829104 -1.93185165
v 13.85151659 10.57173167 -1.73205081
v 13.49550358 10.36000635 -1.41421356
v 13.22232519 10.19754379 -1.00000000
v 13.05059808 10.09541556 -0.51763809
v 12.99202515 10.06058152 -0.00000000
v 13.05059808 10.09541556 0.51763809
v 13.22232519 10.19754379 1.00000000
v 13.49550358 10.36000635 1.41421356
v 13.85151659 10.57173167 1.73205081
v 14.26610251 10.81829104 1.93185165
v 14.53841218 11.36613621 2.00000000
v 14.97780060 11.63979113 1.93185165
v 15.38724542 11.89479691 1.73205081
v 15.73884365 12.11377535 1.41421356
v 16.00863447 12.28180341 1.00000000
v 16.17823207 12.38743026 0.51763809
v 16.23607865 12.42345762 0.00000000
v 16.17823207 12.38743026 -0.51763809
v 16.00863447 12.28180341 -1.00000000
v 15.73884365 12.11377535 -1.41421356
v 15.38724542 11.89479691 -1.73205081
v 14.97780060 11.63979113 -1.93185165
v 14.53841218 11.36613621 -2.00000000
v 14.09902377 11.09248129 -1.93185165
v 13.68957895 10.83747550 -1.73205081
v 13.33798071 10.61849707 -1.41421356
v 13.06818989 10.45046901 -1.00000000
v 12.89859230 10.34484215 -0.51763809
v 12.84074571 10.30881480 -0.00000000
v 12.89859230 10.34484215 0.51763809
v 13.06818989 10.45046901 1.00000000
v 13.33798071 10.61849707 1.41421356
v 13.68957895 10.83747550 1.73205081
v 14.09902377 11.09248129 1.93185165
v 14.35856972 11.64876716 2.00000000
v 14.79284460 11.93046650 1.93185165
v 15.19752437 12.19296849 1.73205081
v 15.54503077 12.41838406 1.41421356
v 15.81168181 12.59135151 1.00000000
v 15.97930566 12.70008340 0.51763809
v 16.03647903 12.73716982 0.00000000
v 15.97930566 12.70008340 -0.51763809
v 15.81168181 12.59135151 -1.00000000
v 15.54503077 12.41838406 -1.41421356
v 15.19752437 12.19296849 -1.73205081
v 14.79284460 11.93046650 -1.93185165
v 14.35856972 11.64876716 -2.00000000
v 13.92429483 11.36706783 -1.93185165
v 13.51961506 11.10456584 -1.73205081
v 13.17210867 10.87915026 -1.41421356
v 12.90545763 10.70618281 -1.00000000
v 12.73783378 10.59745093 -0.51763809
v 12.68066041 10.56036451 -0.00000000
v 12.73783378 10.59745093 0.51763809
v 12.90545763 10.70618281 1.00000000
v 13.17210867 10.87915026 1.41421356
v 13.51961506 11.10456584 1.73205081
v 13.92429483 11.36706783 1.93185165
v 14.17208722 11.93087211 2.00000000
v 14.60167918 12.21966259 1.93185165
v 15.00199516 12.48877248 1.73205081
v 15.34575428 12.71986238 1.41421356
v 15.60952993 12.89718389 1.00000000
v 15.77534624 13.00865286 0.51763809
v 15.83190309 13.04667285 0.00000000
v 15.77534624 13.00865286 -0.51763809
v 15.60952993 12.89718389 -1.00000000
v 15.34575428 12.71986238 -1.41421356
v 15.00199516 12.48877248 -1.73205081
v 14.60167918 12.21966259 -1.93185165
v 14.17208722 11.93087211 -2.00000000
v 13.74249526 11.64208163 -1.93185165
v 13.34217929 11.37297175 -1.73205081
v 12.99842017 11.14188185 -1.41421356
v 12.73464451 10.96456033 -1.00000000
v 12.56882821 10.85309137 -0.51763809
v 12.51227135 10.81507138 -0.00000000
v 12.56882821 10.85309137 0.51763809
v 12.73464451 10.96456033 1.00000000
v 12.99842017 11.14188185 1.41421356
v 13.34217929 11.37297175 1.73205081
v 13.74249526 11.64208163 1.93185165
v 13.97957129 12.21254847 2.00000000
v 14.40493065 12.50753764 1.93185165
v 14.80130247 12.78242379 1.73205081
v 15.14167467 13.01847387 1.41421356
v 15.40285144 13.19960147 1.00000000
v 15.56703403 13.31346304 0.51763809
v 15.62303365 13.35229910 0.00000000
v 15.56703403 13.31346304 -0.51763809
v 15.40285144 13.19960147 -1.00000000
v 15.14167467 13.01847387 -1.41421356
v 14.80130247 12.78242379 -1.73205081
v 14.40493065 12.50753764 -1.93185165
v 13.97957129 12.21254847 -2.00000000
v 13.55421194 11.91755930 -1.93185165
v 13.15784012 11.64267316 -1.73205081
v 12.81746792 11.40662308 -1.41421356
v 12.55629115 11.22549548 -1.00000000
v 12.39210856 11.11163391 -0.51763809
v 12.33610894 11.07279785 -0.00000000
v 12.39210856 11.11163391 0.51763809
v 12.55629115 11.22549548 1.00000000
v 12.81746792 11.40662308 1.41421356
v 13.15784012 11.64267316 1.73205081
v 13.55421194 11.91755930 1.93185165
v 13.78162853 12.49389366 2.00000000
v 14.20321953 12.79424383 1.93185165
v 14.59607980 13.07412563 1.73205081
v 14.93343655 13.31446558 1.41421356
v 15.19229950 13.49888491 1.00000000
v 15.35502755 13.61481575 0.51763809
v 15.41053106 13.65435760 0.00000000
v 15.35502755 13.61481575 -0.51763809
v 15.19229950 13.49888491 -1.00000000
v 14.93343655 13.31446558 -1.41421356
v 14.59607980 13.07412563 -1.73205081
v 14.20321953 12.79424383 -1.93185165
v 13.78162853 12.49389366 -2.00000000
v 13.36003754 12.19354349 -1.93185165
v 12.96717727 11.91366168 -1.73205081
v 12.62982052 11.67332173 -1.41421356
v 12.37095757 11.48890240 -1.00000000
v 12.20822952 11.37297156 -0.51763809
v 12.15272601 11.33342971 -0.00000000
v 12.20822952 11.37297156 0.51763809
v 12.37095757 11.48890240 1.00000000
v 12.62982052 11.67332173 1.41421356
v 12.96717727 11.91366168 1.73205081
v 13.36003754 12.19354349 1.93185165
v 13.57886554 12.77500508 2.00000000
v 13.99716180 13.07992709 1.93185165
v 14.38695185 13.36406918 1.73205081
v 14.72167216 13.60806752 1.41421356
v 14.97851209 13.79529403 1.00000000
v 15.13996842 13.91298953 0.51763809
v 15.19503816 13.95313328 0.00000000
v 15.13996842 13.91298953 -0.51763809
v 14.97851209 13.79529403 -1.00000000
v 14.72167216 13.60806752 -1.41421356
v 14.38695185 13.36406918 -1.73205081
v 13.99716180 13.07992709 -1.93185165
v 13.57886554 12.77500508 -2.00000000
v 13.16056929 12.47008306 -1.93185165
v 12.77077923 12.18594098 -1.73205081
v 12.43605892 11.94194264 -1.41421356
v 12.17921899 11.75471613 -1.00000000
v 12.01776267 11.63702062 -0.51763809
v 11.96269292 11.59687688 -0.00000000
v 12.01776267 11.63702062 0.51763809
v 12.17921899 11.75471613 1.00000000
v 12.43605892 11.94194264 1.41421356
v 12.77077923 12.18594098 1.73205081
v 13.16056929 12.47008306 1.93185165
v 13.37188892 13.05598015 2.00000000
v 13.78736996 13.36472712 1.93185165
v 14.17453667 13.65243349 1.73205081
v 14.50700425 13.89949256 1.41421356
v 14.76211560 14.08906764 1.00000000
v 14.92248530 14.20823952 0.51763809
v 14.97718442 14.24888683 0.00000000
v 14.92248530 14.20823952 -0.51763809
v 14.76211560 14.08906764 -1.00000000
v 14.50700425 13.89949256 -1.41421356
v 14.17453667 13.65243349 -1.73205081
v 13.78736996 13.36472712 -1.93185165
v 13.37188892 13.05598015 -2.00000000
v 12.95640787 12.74723319 -1.93185165
v 12.56924116 12.45952681 -1.73205081
v 12.23677358 12.21246775 -1.41421356
v 11.98166223 12.02289267 -1.00000000
v 11.82129253 11.90372078 -0.51763809
v 11.76659341 11.86307347 -0.00000000
v 11.82129253 11.90372078 0.51763809
v 11.98166223 12.02289267 1.00000000
v 12.23677358 12.21246775 1.41421356
v 12.56924116 12.45952681 1.73205081
v 12.95640787 12.74723319 1.93185165
v 13.16130526 13.33691630 2.00000000
v 13.57445395 13.64877741 1.93185165
v 13.95944724 13.93938569 1.73205081
v 14.29004848 14.18893669 1.41421356
v 14.54372773 14.38042390 1.00000000
v 14.70319717 14.50079779 0.51763809
v 14.75758923 14.54185509 0.00000000
v 14.70319717 14.50079779 -0.51763809
v 14.54372773 14.38042390 -1.00000000
v 14.29004848 14.18893669 -1.41421356
v 13.95944724 13.93938569 -1.73205081
v 13.57445395 13.64877741 -1.93185165
v 13.16130526 13.33691630 -2.00000000
v 12.74815656 13.02505519 -1.93185165
v 12.36316327 12.73444691 -1.73205081
v 12.03256203 12.48489591 -1.41421356
v 11.77888278 12.29340870 -1.00000000
v 11.61941334 12.17303481 -0.51763809
v 11.56502128 12.13197751 -0.00000000
v 11.61941334 12.17303481 0.51763809
v 11.77888278 12.29340870 1.00000000
v 12.03256203 12.48489591 1.41421356
v 12.36316327 12.73444691 1.73205081
v 12.74815656 13.02505519 1.93185165
v 12.94772116 13.61791093 2.00000000
v 13.35902176 13.93220540 1.93185165
v 13.74229289 14.22508122 1.73205081
v 14.07141528 14.47657939 1.41421356
v 14.32395977 14.66956072 1.00000000
v 14.48271588 14.79087386 0.51763809
v 14.53686463 14.83225151 0.00000000
v 14.48271588 14.79087386 -0.51763809
v 14.32395977 14.66956072 -1.00000000
v 14.07141528 14.47657939 -1.41421356
v 13.74229289 14.22508122 -1.73205081
v 13.35902176 13.93220540 -1.93185165
v 12.94772116 13.61791093 -2.00000000
v 12.53642057 13.30361646 -1.93185165
v 12.15314943 13.01074064 -1.73205081
v 11.82402704 12.75924247 -1.41421356
v 11.57148255 12.56626114 -1.00000000
v 11.41272645 12.44494800 -0.51763809
v 11.35857770 12.40357035 -0.00000000
v 11.41272645 12.44494800 0.51763809
v 11.57148255 12.56626114 1.00000000
v 11.82402704 12.75924247 1.41421356
v 12.15314943 13.01074064 1.73205081
v 12.53642057 13.30361646 1.93185165
v 12.73174323 13.89906146 2.00000000
v 13.14168002 14.21513269 1.93185165
v 13.52368030 14.50966418 1.73205081
v 13.85171137 14.76258411 1.41421356
v 14.10341847 14.95665640 1.00000000
v 14.26164816 15.07865533 0.51763809
v 14.31561737 15.12026690 0.00000000
v 14.26164816 15.07865533 -0.51763809
v 14.10341847 14.95665640 -1.00000000
v 13.85171137 14.76258411 -1.41421356
v 13.52368030 14.50966418 -1.73205081
v 13.14168002 14.21513269 -1.93185165
v 12.73174323 13.89906146 -2.00000000
v 12.32180644 13.58299023 -1.93185165
v 11.93980617 13.28845874 -1.73205081
v 11.61177509 13.03553881 -1.41421356
v 11.36006800 12.84146652 -1.00000000
v 11.20183830 12.71946758 -0.51763809
v 11.14786910 12.67785602 -0.00000000
v 11.20183830 12.71946758 0.51763809
v 11.36006800 12.84146652 1.00000000
v 11.61177509 13.03553881 1.41421356
v 11.93980617 13.28845874 1.73205081
v 12.32180644 13.58299023 1.93185165
v 12.51397807 14.18046530 2.00000000
v 12.92303443 14.49767515 1.93185165
v 13.30421427 14.79326767 1.73205081
v 13.63154083 15.04709872 1.41421356
v 13.88270733 15.24187014 1.00000000
v 14.04059719 15.36430857 0.51763809
v 14.09445048 15.40607004 0.00000000
v 14.04059719 15.36430857 -0.51763809
v 13.88270733 15.24187014 -1.00000000
v 13.63154083 15.04709872 -1.41421356
v 13.30421427 14.79326767 -1.73205081
v 12.92303443 14.49767515 -1.93185165
v 12.51397807 14.18046530 -2.00000000
v 12.10492171 13.86325546 -1.93185165
v 11.72374187 13.56766294 -1.73205081
v 11.39641531 13.31383188 -1.41421356
v 11.14524882 13.11906047 -1.00000000
v 10.98735895 12.99662204 -0.51763809
v 10.93350566 12.95486057 -0.00000000
v 10.98735895 12.99662204 0.51763809
v 11.14524882 13.11906047 1.00000000
v 11.39641531 13.31383188 1.41421356
v 11.72374187 13.56766294 1.73205081
v 12.10492171 13.86325546 1.93185165
v 12.29503227 14.46221988 2.00000000
v 12.70368997 14.77994315 1.93185165
v 13.08449832 15.07601411 1.73205081
v 13.41150587 15.33025600 1.41421356
v 13.66242758 15.52534267 1.00000000
v 13.82016357 15.64797927 0.51763809
v 13.87396437 15.68980833 0.00000000
v 13.82016357 15.64797927 -0.51763809
v 13.66242758 15.52534267 -1.00000000
v 13.41150587 15.33025600 -1.41421356
v 13.08449832 15.07601411 -1.73205081
v 12.70368997 14.77994315 -1.93185165
v 12.29503227 14.46221988 -2.00000000
v 11.88637457 14.14449661 -1.93185165
v 11.50556622 13.84842565 -1.73205081
v 11.17855868 13.59418376 -1.41421356
v 10.92763696 13.39909709 -1.00000000
v 10.76990098 13.27646048 -0.51763809
v 10.71610017 13.23463142 -0.00000000
v 10.76990098 13.27646048 0.51763809
v 10.92763696 13.39909709 1.00000000
v 11.17855868 13.59418376 1.41421356
v 11.50556622 13.84842565 1.73205081
v 11.88637457 14.14449661 1.93185165
v 12.07551244 14.74442260 2.00000000
v 12.48425115 15.06204164 1.93185165
v 12.86513499 15.35801548 1.73205081
v 13.19220736 15.61217397 1.41421356
v 13.44317882 15.80719664 1.00000000
v 13.60094607 15.92979302 0.51763809
v 13.65475754 15.97160836 0.00000000
v 13.60094607 15.92979302 -0.51763809
v 13.44317882 15.80719664 -1.00000000
v 13.19220736 15.61217397 -1.41421356
v 12.86513499 15.35801548 -1.73205081
v 12.48425115 15.06204164 -1.93185165
v 12.07551244 14.74442260 -2.00000000
v 11.66677373 14.42680355 -1.93185165
v 11.28588989 14.13082972 -1.73205081
v 10.95881751 13.87667122 -1.41421356
v 10.70784606 13.68164855 -1.00000000
v 10.55007880 13.55905218 -0.51763809
v 10.49626733 13.51723683 -0.00000000
v 10.55007880 13.55905218 0.51763809
v 10.70784606 13.68164855 1.00000000
v 10.95881751 13.87667122 1.41421356
v 11.28588989 14.13082972 1.73205081
v 11.66677373 14.42680355 1.93185165
v 11.85602517 15.02717087 2.00000000
v 12.26532205 15.34407032 1.93185165
v 12.64672602 15.63937359 1.73205081
v 12.97424504 15.89295625 1.41421356
v 13.22555922 16.08753707 1.00000000
v 13.38354192 16.20985569 0.51763809
v 13.43742688 16.25157630 0.00000000
v 13.38354192 16.20985569 -0.51763809
v 13.22555922 16.08753707 -1.00000000
v 12.97424504 15.89295625 -1.41421356
v 12.64672602 15.63937359 -1.73205081
v 12.26532205 15.34407032 -1.93185165
v 11.85602517 15.02717087 -2.00000000
v 11.44672829 14.71027143 -1.93185165
v 11.06532431 14.41496816 -1.73205081
v 10.73780530 14.16138550 -1.41421356
v 10.48649112 13.96680468 -1.00000000
v 10.32850842 13.84448606 -0.51763809
v 10.27462346 13.80276545 -0.00000000
v 10.32850842 13.84448606 0.51763809
v 10.48649112 13.96680468 1.00000000
v 10.73780530 14.16138550 1.41421356
v 11.06532431 14.41496816 1.73205081
v 11.44672829 14.71027143 1.93185165
v 11.63717706 15.31056213 2.00000000
v 12.04750634 15.62612366 1.93185165
v 12.42987235 15.92018020 1.73205081
v 12.75821748 16.17269227 1.41421356
v 13.01016557 16.36645159 1.00000000
v 13.16854675 16.48825380 0.51763809
v 13.22256763 16.52979826 0.00000000
v 13.16854675 16.48825380 -0.51763809
v 13.01016557 16.36645159 -1.00000000
v 12.75821748 16.17269227 -1.41421356
v 12.42987235 15.92018020 -1.73205081
v 12.04750634 15.62612366 -1.93185165
v 11.63717706 15.31056213 -2.00000000
v 11.22684779 14.99500060 -1.93185165
v 10.84448178 14.70094406 -1.73205081
v 10.51613664 14.44843199 -1.41421356
v 10.26418856 14.25467266 -1.00000000
v 10.10580737 14.13287046 -0.51763809
v 10.05178650 14.09132599 -0.00000000
v 10.10580737 14.13287046 0.51763809
v 10.26418856 14.25467266 1.00000000
v 10.51613664 14.44843199 1.41421356
v 10.84448178 14.70094406 1.73205081
v 11.22684779 14.99500060 1.93185165
v 11.41957472 15.59469377 2.00000000
v 11.83140715 15.90829103 1.93185165
v 12.21517389 16.20051715 1.73205081
v 12.54472185 16.45145741 1.41421356
v 12.79759290 16.64401064 1.00000000
v 12.95655428 16.76505467 0.51763809
v 13.01077305 16.80634053 0.00000000
v 12.95655428 16.76505467 -0.51763809
v 12.79759290 16.64401064 -1.00000000
v 12.54472185 16.45145741 -1.41421356
v 12.21517389 16.20051715 -1.73205081
v 11.83140715 15.90829103 -1.93185165
v 11.41957472 15.59469377 -2.00000000
v 11.00774229 15.28109651 -1.93185165
v 10.62397555 14.98887039 -1.73205081
v 10.29442759 14.73793013 -1.41421356
v 10.04155654 14.54537690 -1.00000000
v 9.88259516 14.42433288 -0.51763809
v 9.82837639 14.38304701 -0.00000000
v 9.88259516 14.42433288 0.51763809
v 10.04155654 14.54537690 1.00000000
v 10.29442759 14.73793013 1.41421356
v 10.62397555 14.98887039 1.73205081
v 11.00774229 15.28109651 1.93185165
v 11.20382474 15.87966322 2.00000000
v 11.61762695 16.19065667 1.93185165
v 12.00322922 16.48045643 1.73205081
v 12.33435339 16.72931313 1.41421356
v 12.58843391 16.92026759 1.00000000
v 12.74815560 17.04030658 0.51763809
v 12.80263369 17.08124964 0.00000000
v 12.74815560 17.04030658 -0.51763809
v 12.58843391 16.92026759 -1.00000000
v 12.33435339 16.72931313 -1.41421356
v 12.00322922 16.48045643 -1.73205081
v 11.61762695 16.19065667 -1.93185165
v 11.20382474 15.87966322 -2.00000000
v 10.79002253 15.56866977 -1.93185165
v 10.40442026 15.27887001 -1.73205081
v 10.07329609 15.03001331 -1.41421356
v 9.81921557 14.83905885 -1.00000000
v 9.65949388 14.71901986 -0.51763809
v 9.60501579 14.67807680 -0.00000000
v 9.65949388 14.71901986 0.51763809
v 9.81921557 14.83905885 1.00000000
v 10.07329609 15.03001331 1.41421356
v 10.40442026 15.27887001 1.73205081
v 10.79002253 15.56866977 1.93185165
v 10.99053372 16.16556789 2.00000000
v 11.40676718 16.47329975 1.93185165
v 11.79463502 16.76006020 1.73205081
v 12.12770468 17.00630697 1.41421356
v 12.38327803 17.19525877 1.00000000
v 12.54393814 17.31403883 0.51763809
v 12.59873632 17.35455250 0.00000000
v 12.54393814 17.31403883 -0.51763809
v 12.38327803 17.19525877 -1.00000000
v 12.12770468 17.00630697 -1.41421356
v 11.79463502 16.76006020 -1.73205081
v 11.40676718 16.47329975 -1.93185165
v 10.99053372 16.16556789 -2.00000000
v 10.57430026 15.85783603 -1.93185165
v 10.18643242 15.57107558 -1.73205081
v 9.85336276 15.32482881 -1.41421356
v 9.59778942 15.13587701 -1.00000000
v 9.43712930 15.01709695 -0.51763809
v 9.38233113 14.97658328 -0.00000000
v 9.43712930 15.01709695 0.51763809
v 9.59778942 15.13587701 1.00000000
v 9.85336276 15.32482881 1.41421356
v 10.18643242 15.57107558 1.73205081
v 10.57430026 15.85783603 1.93185165
v 10.78030827 16.45250519 2.00000000
v 11.19942798 16.75629436 1.93185165
v 11.58998537 17.03938081 1.73205081
v 11.92536461 17.28247264 1.41421356
v 12.18271015 17.46900357 1.00000000
v 12.34448432 17.58626181 0.51763809
v 12.39966248 17.62625642 0.00000000
v 12.34448432 17.58626181 -0.51763809
v 12.18271015 17.46900357 -1.00000000
v 11.92536461 17.28247264 -1.41421356
v 11.58998537 17.03938081 -1.73205081
v 11.19942798 16.75629436 -1.93185165
v 10.78030827 16.45250519 -2.00000000
v 10.36118856 16.14871602 -1.93185165
v 9.97063116 15.86562958 -1.73205081
v 9.63525192 15.62253774 -1.41421356
v 9.37790638 15.43600682 -1.00000000
v 9.21613221 15.31874857 -0.51763809
v 9.16095406 15.27875397 -0.00000000
v 9.21613221 15.31874857 0.51763809
v 9.37790638 15.43600682 1.00000000
v 9.63525192 15.62253774 1.41421356
v 9.97063116 15.86562958 1.73205081
v 10.36118856 16.14871602 1.93185165
v 10.57375497 16.74057255 2.00000000
v 10.99620762 17.03970956 1.93185165
v 11.38987082 17.31846088 1.73205081
v 11.72791707 17.55783007 1.41421356
v 11.98730908 17.74150451 1.00000000
v 12.15036972 17.85696708 0.51763809
v 12.20598666 17.89634922 0.00000000
v 12.15036972 17.85696708 -0.51763809
v 11.98730908 17.74150451 -1.00000000
v 11.72791707 17.55783007 -1.41421356
v 11.38987082 17.31846088 -1.73205081
v 10.99620762 17.03970956 -1.93185165
v 10.57375497 16.74057255 -2.00000000
v 10.15130233 16.44143553 -1.93185165
v 9.75763913 16.16268421 -1.73205081
v 9.41959288 15.92331503 -1.41421356
v 9.16020087 15.73964059 -1.00000000
v 8.99714023 15.62417801 -0.51763809
v 8.94152328 15.58479588 -0.00000000
v 8.99714023 15.62417801 0.51763809
v 9.16020087 15.73964059 1.00000000
v 9.41959288 15.92331503 1.41421356
v 9.75763913 16.16268421 1.73205081
v 10.15130233 16.44143553 1.93185165
v 10.37148044 17.02986737 2.00000000
v 10.79770198 17.32360942 1.93185165
v 11.19487723 17.59733343 1.73205081
v 11.53593934 17.83238557 1.41421356
v 11.79764551 18.01274742 1.00000000
v 11.96216088 18.12612762 0.51763809
v 12.01827401 18.16479949 0.00000000
v 11.96216088 18.12612762 -0.51763809
v 11.79764551 18.01274742 -1.00000000
v 11.53593934 17.83238557 -1.41421356
v 11.19487723 17.59733343 -1.73205081
v 10.79770198 17.32360942 -1.93185165
v 10.37148044 17.02986737 -2.00000000
v 9.94525890 16.73612532 -1.93185165
v 9.54808365 16.46240131 -1.73205081
v 9.20702154 16.22734917 -1.41421356
v 8.94531537 16.04698732 -1.00000000
v 8.78080000 15.93360712 -0.51763809
v 8.72468687 15.89493524 -0.00000000
v 8.78080000 15.93360712 0.51763809
v 8.94531537 16.04698732 1.00000000
v 9.20702154 16.22734917 1.41421356
v 9.54808365 16.46240131 1.73205081
v 9.94525890 16.73612532 1.93185165
v 10.17409127 17.32048707 2.00000000
v 10.60450380 17.60805314 1.93185165
v 11.00558443 17.87602206 1.73205081
v 11.35000017 18.10613219 1.41421356
v 11.61427966 18.28270191 1.00000000
v 11.78041270 18.39369827 0.51763809
v 11.83707758 18.43155706 0.00000000
v 11.78041270 18.39369827 -0.51763809
v 11.61427966 18.28270191 -1.00000000
v 11.35000017 18.10613219 -1.41421356
v 11.00558443 17.87602206 -1.73205081
v 10.60450380 17.60805314 -1.93185165
v 10.17409127 17.32048707 -2.00000000
v 9.74367874 17.03292100 -1.93185165
v 9.34259811 16.76495207 -1.73205081
v 8.99818237 16.53484195 -1.41421356
v 8.73390288 16.35827223 -1.00000000
v 8.56776984 16.24727587 -0.51763809
v 8.51110496 16.20941708 -0.00000000
v 8.56776984 16.24727587 0.51763809
v 8.73390288 16.35827223 1.00000000
v 8.99818237 16.53484195 1.41421356
v 9.34259811 16.76495207 1.73205081
v 9.74367874 17.03292100 1.93185165
v 9.98219406 17.61252907 2.00000000
v 10.41720082 17.89309689 1.93185165
v 10.82256260 18.15454449 1.73205081
v 11.17065465 18.37905463 1.41421356
v 11.43775507 18.55132731 1.00000000
v 11.60566141 18.65962245 0.51763809
v 11.66293114 18.69655991 0.00000000
v 11.60566141 18.65962245 -0.51763809
v 11.43775507 18.55132731 -1.00000000
v 11.17065465 18.37905463 -1.41421356
v 10.82256260 18.15454449 -1.73205081
v 10.41720082 17.89309689 -1.93185165
v 9.98219406 17.61252907 -2.00000000
v 9.54718729 17.33196124 -1.93185165
v 9.14182552 17.07051364 -1.73205081
v 8.79373347 16.84600351 -1.41421356
v 8.52663305 16.67373082 -1.00000000
v 8.35872671 16.56543568 -0.51763809
v 8.30145698 16.52849822 -0.00000000
v 8.35872671 16.56543568 0.51763809
v 8.52663305 16.67373082 1.00000000
v 8.79373347 16.84600351 1.41421356
v 9.14182552 17.07051364 1.73205081
v 9.54718729 17.33196124 1.93185165
v 9.79639396 17.90608837 2.00000000
v 10.23634226 18.17884227 1.93185165
v 10.64630880 18.43300844 1.73205081
v 10.99835506 18.65126588 1.41421356
v 11.26848965 18.81874071 1.00000000
v 11.43830335 18.92401978 0.51763809
v 11.49622364 18.95992851 0.00000000
v 11.43830335 18.92401978 -0.51763809
v 11.26848965 18.81874071 -1.00000000
v 10.99835506 18.65126588 -1.41421356
v 10.64630880 18.43300844 -1.73205081
v 10.23634226 18.17884227 -1.93185165
v 9.79639396 17.90608837 -2.00000000
v 9.35644567 17.63333447 -1.93185165
v 8.94647912 17.37916830 -1.73205081
v 8.59443286 17.16091086 -1.41421356
v 8.32429827 16.99343604 -1.00000000
v 8.15448457 16.88815696 -0.51763809
v 8.09656428 16.85224823 -0.00000000
v 8.15448457 16.88815696 0.51763809
v 8.32429827 16.99343604 1.00000000
v 8.59443286 17.16091086 1.41421356
v 8.94647912 17.37916830 1.73205081
v 9.35644567 17.63333447 1.93185165
v 9.61724859 18.20118110 2.00000000
v 10.06239196 18.46537151 1.93185165
v 10.47719955 18.71155777 1.73205081
v 10.83340290 18.92296271 1.41421356
v 11.10672734 19.08517942 1.00000000
v 11.27854627 19.18715311 0.51763809
v 11.33715051 19.22193444 0.00000000
v 11.27854627 19.18715311 -0.51763809
v 11.10672734 19.08517942 -1.00000000
v 10.83340290 18.92296271 -1.41421356
v 10.47719955 18.71155777 -1.73205081
v 10.06239196 18.46537151 -1.93185165
v 9.61724859 18.20118110 -2.00000000
v 9.17210521 17.93699070 -1.93185165
v 8.75729763 17.69080443 -1.73205081
v 8.40109427 17.47939949 -1.41421356
v 8.12776983 17.31718278 -1.00000000
v 7.95595090 17.21520909 -0.51763809
v 7.89734666 17.18042776 -0.00000000
v 7.95595090 17.21520909 0.51763809
v 8.12776983 17.31718278 1.00000000
v 8.40109427 17.47939949 1.41421356
v 8.75729763 17.69080443 1.73205081
v 9.17210521 17.93699070 1.93185165
v 9.44525842 18.49772856 2.00000000
v 9.89578906 18.75262331 1.93185165
v 10.31561678 18.99014740 1.73205081
v 10.67613102 19.19411396 1.41421356
v 10.95276333 19.35062301 1.00000000
v 11.12666166 19.44900871 0.51763809
v 11.18597515 19.48256624 0.00000000
v 11.12666166 19.44900871 -0.51763809
v 10.95276333 19.35062301 -1.00000000
v 10.67613102 19.19411396 -1.41421356
v 10.31561678 18.99014740 -1.73205081
v 9.89578906 18.75262331 -1.93185165
v 9.44525842 18.49772856 -2.00000000
v 8.99472778 18.24283381 -1.93185165
v 8.57490005 18.00530972 -1.73205081
v 8.21438581 17.80134315 -1.41421356
v 7.93775351 17.64483410 -1.00000000
v 7.76385517 17.54644840 -0.51763809
v 7.70454169 17.51289087 -0.00000000
v 7.76385517 17.54644840 0.51763809
v 7.93775351 17.64483410 1.00000000
v 8.21438581 17.80134315 1.41421356
v 8.57490005 18.00530972 1.73205081
v 8.99472778 18.24283381 1.93185165
v 9.28092054 18.79564642 2.00000000
v 9.73700462 19.04046576 1.93185165
v 10.16200732 19.26860106 1.73205081
v 10.52696541 19.46450529 1.41421356
v 10.80700761 19.61482789 1.00000000
v 10.98304949 19.70932463 0.51763809
v 11.04309410 19.74155570 0.00000000
v 10.98304949 19.70932463 -0.51763809
v 10.80700761 19.61482789 -1.00000000
v 10.52696541 19.46450529 -1.41421356
v 10.16200732 19.26860106 -1.73205081
v 9.73700462 19.04046576 -1.93185165
v 9.28092054 18.79564642 -2.00000000
v 8.82483647 18.55082709 -1.93185165
v 8.39983377 18.32269178 -1.73205081
v 8.03487568 18.12678755 -1.41421356
v 7.75483348 17.97646495 -1.00000000
v 7.57879160 17.88196822 -0.51763809
v 7.51874699 17.84973714 -0.00000000
v 7.57879160 17.88196822 0.51763809
v 7.75483348 17.97646495 1.00000000
v 8.03487568 18.12678755 1.41421356
v 8.39983377 18.32269178 1.73205081
v 8.82483647 18.55082709 1.93185165
v 9.12473206 19.09485037 2.00000000
v 9.58650603 19.32876060 1.93185165
v 10.01681087 19.54673022 1.73205081
v 10.38632201 19.73390498 1.41421356
v 10.66985788 19.87752923 1.00000000
v 10.84809598 19.96781521 0.51763809
v 10.90888968 19.99861007 0.00000000
v 10.84809598 19.96781521 -0.51763809
v 10.66985788 19.87752923 -1.00000000
v 10.38632201 19.73390498 -1.41421356
v 10.01681087 19.54673022 -1.73205081
v 9.58650603 19.32876060 -1.93185165
v 9.12473206 19.09485037 -2.00000000
v 8.66295809 18.86094015 -1.93185165
v 8.23265325 18.64297053 -1.73205081
v 7.86314211 18.45579576 -1.41421356
v 7.57960624 18.31217152 -1.00000000
v 7.40136814 18.22188554 -0.51763809
v 7.34057444 18.19109068 -0.00000000
v 7.40136814 18.22188554 0.51763809
v 7.57960624 18.31217152 1.00000000
v 7.86314211 18.45579576 1.41421356
v 8.23265325 18.64297053 1.73205081
v 8.66295809 18.86094015 1.93185165
v 8.97719006 19.39525609 2.00000000
v 9.44475362 19.61736758 1.93185165
v 9.88045349 19.82434254 1.73205081
v 10.25459745 20.00207597 1.41421356
v 10.54168821 20.13845562 1.00000000
v 10.72216101 20.22418745 0.51763809
v 10.78371692 20.25342899 0.00000000
v 10.72216101 20.22418745 -0.51763809
v 10.54168821 20.13845562 -1.00000000
v 10.25459745 20.00207597 -1.41421356
v 9.88045349 19.82434254 -1.73205081
v 9.44475362 19.61736758 -1.93185165
v 8.97719006 19.39525609 -2.00000000
v 8.50962650 19.17314461 -1.93185165
v 8.07392663 18.96616965 -1.73205081
v 7.69978267 18.78843622 -1.41421356
v 7.41269191 18.65205657 -1.00000000
v 7.23221911 18.56632474 -0.51763809
v 7.17066320 18.53708320 -0.00000000
v 7.23221911 18.56632474 0.51763809
v 7.41269191 18.65205657 1.00000000
v 7.69978267 18.78843622 1.41421356
v 8.07392663 18.96616965 1.73205081
v 8.50962650 19.17314461 1.93185165
v 8.83879164 19.69677927 2.00000000
v 9.31219948 19.90614548 1.93185165
v 9.75334535 20.10124373 1.73205081
v 10.13216591 20.26877839 1.41421356
v 10.42284514 20.39733226 1.00000000
v 10.60557375 20.47814460 0.51763809
v 10.66789907 20.50570819 0.00000000
v 10.60557375 20.47814460 -0.51763809
v 10.42284514 20.39733226 -1.00000000
v 10.13216591 20.26877839 -1.41421356
v 9.75334535 20.10124373 -1.73205081
v 9.31219948 19.90614548 -1.93185165
v 8.83879164 19.69677927 -2.00000000
v 8.36538380 19.48741306 -1.93185165
v 7.92423792 19.29231481 -1.73205081
v 7.54541737 19.12478014 -1.41421356
v 7.25473813 18.99622627 -1.00000000
v 7.07200953 18.91541393 -0.51763809
v 7.00968420 18.88785035 -0.00000000
v 7.07200953 18.91541393 0.51763809
v 7.25473813 18.99622627 1.00000000
v 7.54541737 19.12478014 1.41421356
v 7.92423792 19.29231481 1.73205081
v 8.36538380 19.48741306 1.93185165
v 8.71003388 19.99933557 2.00000000
v 9.18928630 20.19495334 1.93185165
v 9.63587845 20.37724009 1.73205081
v 10.01937583 20.53377326 1.41421356
v 10.31364372 20.65388539 1.00000000
v 10.49862825 20.72939104 0.51763809
v 10.56172303 20.75514461 0.00000000
v 10.49862825 20.72939104 -0.51763809
v 10.31364372 20.65388539 -1.00000000
v 10.01937583 20.53377326 -1.41421356
v 9.63587845 20.37724009 -1.73205081
v 9.18928630 20.19495334 -1.93185165
v 8.71003388 19.99933557 -2.00000000
v 8.23078146 19.80371780 -1.93185165
v 7.78418931 19.62143105 -1.73205081
v 7.40069193 19.46489787 -1.41421356
v 7.10642404 19.34478574 -1.00000000
v 6.92143951 19.26928010 -0.51763809
v 6.85834473 19.24352653 -0.00000000
v 6.92143951 19.26928010 0.51763809
v 7.10642404 19.34478574 1.00000000
v 7.40069193 19.46489787 1.41421356
v 7.78418931 19.62143105 1.73205081
v 8.23078146 19.80371780 1.93185165
v 8.59141389 20.30284068 2.00000000
v 9.07644620 20.48365230 1.93185165
v 9.52842437 20.65214191 1.73205081
v 9.91654682 20.79682722 1.41421356
v 10.21436366 20.90784816 1.00000000
v 10.40157914 20.97763884 0.51763809
v 10.46543486 21.00144314 0.00000000
v 10.40157914 20.97763884 -0.51763809
v 10.21436366 20.90784816 -1.00000000
v 9.91654682 20.79682722 -1.41421356
v 9.52842437 20.65214191 -1.73205081
v 9.07644620 20.48365230 -1.93185165
v 8.59141389 20.30284068 -2.00000000
v 8.10638157 20.12202906 -1.93185165
v 7.65440340 19.95353945 -1.73205081
v 7.26628095 19.80885415 -1.41421356
v 6.96846412 19.69783321 -1.00000000
v 6.78124863 19.62804253 -0.51763809
v 6.71739291 19.60423823 -0.00000000
v 6.78124863 19.62804253 0.51763809
v 6.96846412 19.69783321 1.00000000
v 7.26628095 19.80885415 1.41421356
v 7.65440340 19.95353945 1.73205081
v 8.10638157 20.12202906 1.93185165
v 8.48342875 20.60721029 2.00000000
v 8.97409972 20.77210779 1.93185165
v 9.43133228 20.92576780 1.73205081
v 9.82396678 21.05771864 1.41421356
v 10.12524583 21.15896808 1.00000000
v 10.31463776 21.22261614 0.51763809
v 10.37923582 21.24432531 0.00000000
v 10.31463776 21.22261614 -0.51763809
v 10.12524583 21.15896808 -1.00000000
v 9.82396678 21.05771864 -1.41421356
v 9.43133228 20.92576780 -1.73205081
v 8.97409972 20.77210779 -1.93185165
v 8.48342875 20.60721029 -2.00000000
v 7.99275777 20.44231279 -1.93185165
v 7.53552521 20.28865278 -1.73205081
v 7.14289071 20.15670194 -1.41421356
v 6.84161166 20.05545250 -1.00000000
v 6.65221973 19.99180444 -0.51763809
v 6.58762167 19.97009527 -0.00000000
v 6.65221973 19.99180444 0.51763809
v 6.84161166 20.05545250 1.00000000
v 7.14289071 20.15670194 1.41421356
v 7.53552521 20.28865278 1.73205081
v 7.99275777 20.44231279 1.93185165
v 8.38657555 20.91236007 2.00000000
v 8.88265500 21.06019232 1.93185165
v 9.34492745 21.19795005 1.73205081
v 9.74188981 21.31624529 1.41421356
v 10.04648974 21.40701643 1.00000000
v 10.23796925 21.46407755 0.51763809
v 10.30327935 21.48354003 0.00000000
v 10.23796925 21.46407755 -0.51763809
v 10.04648974 21.40701643 -1.00000000
v 9.74188981 21.31624529 -1.41421356
v 9.34492745 21.19795005 -1.73205081
v 8.88265500 21.06019232 -1.93185165
v 8.38657555 20.91236007 -2.00000000
v 7.89049611 20.76452782 -1.93185165
v 7.42822365 20.62677009 -1.73205081
v 7.03126130 20.50847485 -1.41421356
v 6.72666137 20.41770372 -1.00000000
v 6.53518185 20.36064260 -0.51763809
v 6.46987175 20.34118012 -0.00000000
v 6.53518185 20.36064260 0.51763809
v 6.72666137 20.41770372 1.00000000
v 7.03126130 20.50847485 1.41421356
v 7.42822365 20.62677009 1.73205081
v 7.89049611 20.76452782 1.93185165
v 8.30135140 21.21820571 2.00000000
v 8.80250747 21.34778884 1.93185165
v 9.26951058 21.46854110 1.73205081
v 9.67053524 21.57223341 1.41421356
v 9.97825229 21.65179932 1.00000000
v 10.17169131 21.70181655 0.51763809
v 10.23766976 21.71887649 0.00000000
v 10.17169131 21.70181655 -0.51763809
v 9.97825229 21.65179932 -1.00000000
v 9.67053524 21.57223341 -1.41421356
v 9.26951058 21.46854110 -1.73205081
v 8.80250747 21.34778884 -1.93185165
v 8.30135140 21.21820571 -2.00000000
v 7.80019533 21.08862258 -1.93185165
v 7.33319222 20.96787032 -1.73205081
v 6.93216756 20.86417801 -1.41421356
v 6.62445052 20.78461210 -1.00000000
v 6.43101149 20.73459487 -0.51763809
v 6.36503305 20.71753493 -0.00000000
v 6.43101149 20.73459487 0.51763809
v 6.62445052 20.78461210 1.00000000
v 6.93216756 20.86417801 1.41421356
v 7.33319222 20.96787032 1.73205081
v 7.80019533 21.08862258 1.93185165
v 8.22825338 21.52466288 2.00000000
v 8.73404010 21.63479457 1.93185165
v 9.20535829 21.73742096 1.73205081
v 9.61008839 21.82554824 1.41421356
v 9.92064873 21.89317069 1.00000000
v 10.11587511 21.93567993 0.51763809
v 10.18246320 21.95017904 0.00000000
v 10.11587511 21.93567993 -0.51763809
v 9.92064873 21.89317069 -1.00000000
v 9.61008839 21.82554824 -1.41421356
v 9.20535829 21.73742096 -1.73205081
v 8.73404010 21.63479457 -1.93185165
v 8.22825338 21.52466288 -2.00000000
v 7.72246666 21.41453120 -1.93185165
v 7.25114848 21.31190480 -1.73205081
v 6.84641837 21.22377752 -1.41421356
v 6.53585804 21.15615508 -1.00000000
v 6.34063165 21.11364584 -0.51763809
v 6.27404357 21.09914673 -0.00000000
v 6.34063165 21.11364584 0.51763809
v 6.53585804 21.15615508 1.00000000
v 6.84641837 21.22377752 1.41421356
v 7.25114848 21.31190480 1.73205081
v 7.72246666 21.41453120 1.93185165
v 8.16777859 21.83164727 2.00000000
v 8.67762453 21.92112525 1.93185165
v 9.15272532 22.00450545 1.73205081
v 9.56070361 22.07610565 1.41421356
v 9.87375636 22.13104642 1.00000000
v 10.07054955 22.16558363 0.51763809
v 10.13767204 22.17736362 0.00000000
v 10.07054955 22.16558363 -0.51763809
v 9.87375636 22.13104642 -1.00000000
v 9.56070361 22.07610565 -1.41421356
v 9.15272532 22.00450545 -1.73205081
v 8.67762453 21.92112525 -1.93185165
v 8.16777859 21.83164727 -2.00000000
v 7.65793265 21.74216930 -1.93185165
v 7.18283187 21.65878910 -1.73205081
v 6.77485357 21.58718890 -1.41421356
v 6.46180082 21.53224813 -1.00000000
v 6.26500763 21.49771092 -0.51763809
v 6.19788514 21.48593092 -0.00000000
v 6.26500763 21.49771092 0.51763809
v 6.46180082 21.53224813 1.00000000
v 6.77485357 21.58718890 1.41421356
v 7.18283187 21.65878910 1.73205081
v 7.65793265 21.74216930 1.93185165
v 8.12042412 22.13907456 2.00000000
v 8.63362325 22.20671958 1.93185165
v 9.11184870 22.26975470 1.73205081
v 9.52251021 22.32388419 1.41421356
v 9.83762187 22.36541920 1.00000000
v 10.03570933 22.39152920 0.51763809
v 10.10327328 22.40043484 0.00000000
v 10.03570933 22.39152920 -0.51763809
v 9.83762187 22.36541920 -1.00000000
v 9.52251021 22.32388419 -1.41421356
v 9.11184870 22.26975470 -1.73205081
v 8.63362325 22.20671958 -1.93185165
v 8.12042412 22.13907456 -2.00000000
v 7.60722499 22.07142955 -1.93185165
v 7.12899954 22.00839443 -1.73205081
v 6.71833803 21.95426494 -1.41421356
v 6.40322637 21.91272993 -1.00000000
v 6.20513890 21.88661992 -0.51763809
v 6.13757495 21.87771429 -0.00000000
v 6.20513890 21.88661992 0.51763809
v 6.40322637 21.91272993 1.00000000
v 6.71833803 21.95426494 1.41421356
v 7.12899954 22.00839443 1.73205081
v 7.60722499 22.07142955 1.93185165
v 8.08668706 22.44686043 2.00000000
v 8.60239300 22.49154347 1.93185165
v 9.08295443 22.53318144 1.73205081
v 9.49562189 22.56893677 1.41421356
v 9.81227277 22.59637280 1.00000000
v 10.01132783 22.61361981 0.51763809
v 10.07922181 22.61950244 0.00000000
v 10.01132783 22.61361981 -0.51763809
v 9.81227277 22.59637280 -1.00000000
v 9.49562189 22.56893677 -1.41421356
v 9.08295443 22.53318144 -1.73205081
v 8.60239300 22.49154347 -1.93185165
v 8.08668706 22.44686043 -2.00000000
v 7.57098112 22.40217739 -1.93185165
v 7.09041968 22.36053943 -1.73205081
v 6.67775222 22.32478410 -1.41421356
v 6.36110134 22.29734807 -1.00000000
v 6.16204628 22.28010106 -0.51763809
v 6.09415231 22.27421842 -0.00000000
v 6.16204628 22.28010106 0.51763809
v 6.36110134 22.29734807 1.00000000
v 6.67775222 22.32478410 1.41421356
v 7.09041968 22.36053943 1.73205081
v 7.57098112 22.40217739 1.93185165
v 8.06706450 22.75492056 2.00000000
v 8.58428961 22.77559371 1.93185165
v 9.06626668 22.79485801 1.73205081
v 9.48014978 22.81140065 1.41421356
v 9.79773345 22.82409426 1.00000000
v 9.99737489 22.83207380 0.51763809
v 10.06546886 22.83479547 0.00000000
v 9.99737489 22.83207380 -0.51763809
v 9.79773345 22.82409426 -1.00000000
v 9.48014978 22.81140065 -1.41421356
v 9.06626668 22.79485801 -1.73205081
v 8.58428961 22.77559371 -1.93185165
v 8.06706450 22.75492056 -2.00000000
v 7.54983939 22.73424741 -1.93185165
v 7.06786232 22.71498311 -1.73205081
v 6.65397922 22.69844047 -1.41421356
v 6.33639556 22.68574686 -1.00000000
v 6.13675412 22.67776732 -0.51763809
v 6.06866014 22.67504565 -0.00000000
v 6.13675412 22.67776732 0.51763809
v 6.33639556 22.68574686 1.00000000
v 6.65397922 22.69844047 1.41421356
v 7.06786232 22.71498311 1.73205081
v 7.54983939 22.73424741 1.93185165
v 8.06205354 23.06317063 2.00000000
v 8.57967402 23.05890045 1.93185165
v 9.06201952 23.05492127 1.73205081
v 9.47621899 23.05150427 1.41421356
v 9.79404542 23.04888232 1.00000000
v 9.99383946 23.04723409 0.51763809
v 10.06198549 23.04667191 0.00000000
v 9.99383946 23.04723409 -0.51763809
v 9.79404542 23.04888232 -1.00000000
v 9.47621899 23.05150427 -1.41421356
v 9.06201952 23.05492127 -1.73205081
v 8.57967402 23.05890045 -1.93185165
v 8.06205354 23.06317063 -2.00000000
v 7.54443307 23.06744081 -1.93185165
v 7.06208757 23.07141999 -1.73205081
v 6.64788810 23.07483699 -1.41421356
v 6.33006167 23.07745894 -1.00000000
v 6.13026763 23.07910717 -0.51763809
v 6.06212160 23.07966935 -0.00000000
v 6.13026763 23.07910717 0.51763809
v 6.33006167 23.07745894 1.00000000
v 6.64788810 23.07483699 1.41421356
v 7.06208757 23.07141999 1.73205081
v 7.54443307 23.06744081 1.93185165
v 8.07215128 23.37152632 2.00000000
v 8.58891940 23.34152800 1.93185165
v 9.07047063 23.31357401 1.73205081
v 9.48398805 23.28956938 1.41421356
v 9.80129112 23.27114998 1.00000000
v 10.00075617 23.25957106 0.51763809
v 10.06878998 23.25562171 0.00000000
v 10.00075617 23.25957106 -0.51763809
v 9.80129112 23.27114998 -1.00000000
v 9.48398805 23.28956938 -1.41421356
v 9.07047063 23.31357401 -1.73205081
v 8.58891940 23.34152800 -1.93185165
v 8.07215128 23.37152632 -2.00000000
v 7.55538315 23.40152464 -1.93185165
v 7.07383193 23.42947863 -1.73205081
v 6.66031451 23.45348326 -1.41421356
v 6.34301144 23.47190266 -1.00000000
v 6.14354639 23.48348158 -0.51763809
v 6.07551257 23.48743094 -0.00000000
v 6.14354639 23.48348158 0.51763809
v 6.34301144 23.47190266 1.00000000
v 6.66031451 23.45348326 1.41421356
v 7.07383193 23.42947863 1.73205081
v 7.55538315 23.40152464 1.93185165
v 8.09785480 23.67990332 2.00000000
v 8.61242087 23.62359213 1.93185165
v 9.09192011 23.57111846 1.73205081
v 9.50367545 23.52605830 1.41421356
v 9.81962643 23.49148242 1.00000000
v 10.01824152 23.46974711 0.51763809
v 10.08598543 23.46233360 0.00000000
v 10.01824152 23.46974711 -0.51763809
v 9.81962643 23.49148242 -1.00000000
v 9.50367545 23.52605830 -1.41421356
v 9.09192011 23.57111846 -1.73205081
v 8.61242087 23.62359213 -1.93185165
v 8.09785480 23.67990332 -2.00000000
v 7.58328872 23.73621450 -1.93185165
v 7.10378948 23.78868817 -1.73205081
v 6.69203414 23.83374834 -1.41421356
v 6.37608316 23.86832422 -1.00000000
v 6.17746807 23.89005952 -0.51763809
v 6.10972416 23.89747303 -0.00000000
v 6.17746807 23.89005952 0.51763809
v 6.37608316 23.86832422 1.00000000
v 6.69203414 23.83374834 1.41421356
v 7.10378948 23.78868817 1.73205081
v 7.58328872 23.73621450 1.93185165
v 8.13963668 23.98820125 2.00000000
v 8.65063714 23.90557125 1.93185165
v 9.12681377 23.82857235 1.73205081
v 9.53571591 23.76245190 1.41421356
v 9.84947756 23.71171589 1.00000000
v 10.04671638 23.67982190 0.51763809
v 10.11399086 23.66894345 0.00000000
v 10.04671638 23.67982190 -0.51763809
v 9.84947756 23.71171589 -1.00000000
v 9.53571591 23.76245190 -1.41421356
v 9.12681377 23.82857235 -1.73205081
v 8.65063714 23.90557125 -1.93185165
v 8.13963668 23.98820125 -2.00000000
v 7.62863621 24.07083124 -1.93185165
v 7.15245958 24.14783014 -1.73205081
v 6.74355744 24.21395059 -1.41421356
v 6.42979579 24.26468660 -1.00000000
v 6.23255697 24.29658059 -0.51763809
v 6.16528249 24.30745904 -0.00000000
v 6.23255697 24.29658059 0.51763809
v 6.42979579 24.26468660 1.00000000
v 6.74355744 24.21395059 1.41421356
v 7.15245958 24.14783014 1.73205081
v 7.62863621 24.07083124 1.93185165
v 8.19747885 24.29599847 2.00000000
v 8.70369042 24.18783636 1.93185165
v 9.17540450 24.08704531 1.73205081
v 9.58047457 24.00049407 1.41421356
v 9.89129576 23.93408098 1.00000000
v 10.08668614 23.89233196 0.51763809
v 10.15333015 23.87809214 0.00000000
v 10.08668614 23.89233196 -0.51763809
v 9.89129576 23.93408098 -1.00000000
v 9.58047457 24.00049407 -1.41421356
v 9.17540450 24.08704531 -1.73205081
v 8.70369042 24.18783636 -1.93185165
v 8.19747885 24.29599847 -2.00000000
v 7.69126729 24.40416059 -1.93185165
v 7.21955321 24.50495164 -1.73205081
v 6.81448314 24.59150287 -1.41421356
v 6.50366194 24.65791597 -1.00000000
v 6.30827157 24.69966499 -0.51763809
v 6.24162756 24.71390480 -0.00000000
v 6.30827157 24.69966499 0.51763809
v 6.50366194 24.65791597 1.00000000
v 6.81448314 24.59150287 1.41421356
v 7.21955321 24.50495164 1.73205081
v 7.69126729 24.40416059 1.93185165
v 8.27091014 24.60257666 2.00000000
v 8.77127850 24.46998445 1.93185165
v 9.23754759 24.34642818 1.73205081
v 9.63794193 24.24032800 1.41421356
v 9.94517531 24.15891447 1.00000000
v 10.13831029 24.10773579 0.51763809
v 10.20418503 24.09027970 0.00000000
v 10.13831029 24.10773579 -0.51763809
v 9.94517531 24.15891447 -1.00000000
v 9.63794193 24.24032800 -1.41421356
v 9.23754759 24.34642818 -1.73205081
v 8.77127850 24.46998445 -1.93185165
v 8.27091014 24.60257666 -2.00000000
v 7.77054178 24.73516887 -1.93185165
v 7.30427269 24.85872514 -1.73205081
v 6.90387835 24.96482532 -1.41421356
v 6.59664497 25.04623885 -1.00000000
v 6.40350999 25.09741753 -0.51763809
v 6.33763524 25.11487362 -0.00000000
v 6.40350999 25.09741753 0.51763809
v 6.59664497 25.04623885 1.00000000
v 6.90387835 24.96482532 1.41421356
v 7.30427269 24.85872514 1.73205081
v 7.77054178 24.73516887 1.93185165
v 8.35944234 24.90720635 2.00000000
v 8.85302381 24.75123671 1.93185165
v 9.31296852 24.60589616 1.73205081
v 9.70793199 24.48108939 1.41421356
v 10.01099812 24.38532179 1.00000000
v 10.20151346 24.32511976 0.51763809
v 10.26649469 24.30458597 0.00000000
v 10.20151346 24.32511976 -0.51763809
v 10.01099812 24.38532179 -1.00000000
v 9.70793199 24.48108939 -1.41421356
v 9.31296852 24.60589616 -1.73205081
v 8.85302381 24.75123671 -1.93185165
v 8.35944234 24.90720635 -2.00000000
v 7.86586087 25.06317598 -1.93185165
v 7.40591616 25.20851654 -1.73205081
v 7.01095269 25.33332330 -1.41421356
v 6.70788655 25.42909090 -1.00000000
v 6.51737122 25.48929293 -0.51763809
v 6.45238999 25.50982672 -0.00000000
v 6.51737122 25.48929293 0.51763809
v 6.70788655 25.42909090 1.00000000
v 7.01095269 25.33332330 1.41421356
v 7.40591616 25.20851654 1.73205081
v 7.86586087 25.06317598 1.93185165
v 8.46258727 25.20915806 2.00000000
v 8.94852456 25.03079289 1.93185165
v 9.40134604 24.86458301 1.73205081
v 9.79019265 24.72185535 1.41421356
v 10.08856516 24.61233657 1.00000000
v 10.27612995 24.54349018 0.51763809
v 10.34010481 24.52000796 0.00000000
v 10.27612995 24.54349018 -0.51763809
v 10.08856516 24.61233657 -1.00000000
v 9.79019265 24.72185535 -1.41421356
v 9.40134604 24.86458301 -1.73205081
v 8.94852456 25.03079289 -1.93185165
v 8.46258727 25.20915806 -2.00000000
v 7.97664997 25.38752324 -1.93185165
v 7.52382849 25.55373312 -1.73205081
v 7.13498188 25.69646078 -1.41421356
v 6.83660937 25.80597956 -1.00000000
v 6.64904458 25.87482595 -0.51763809
v 6.58506972 25.89830817 -0.00000000
v 6.64904458 25.87482595 0.51763809
v 6.83660937 25.80597956 1.00000000
v 7.13498188 25.69646078 1.41421356
v 7.52382849 25.55373312 1.73205081
v 7.97664997 25.38752324 1.93185165
v 8.57985673 25.50770235 2.00000000
v 9.05735795 25.30784796 1.93185165
v 9.50231825 25.12161332 1.73205081
v 9.88441432 24.96169000 1.41421356
v 10.17760695 24.83897653 1.00000000
v 10.36191554 24.76183561 0.51763809
v 10.42477977 24.73552428 0.00000000
v 10.36191554 24.76183561 -0.51763809
v 10.17760695 24.83897653 -1.00000000
v 9.88441432 24.96169000 -1.41421356
v 9.50231825 25.12161332 -1.73205081
v 9.05735795 25.30784796 -1.93185165
v 8.57985673 25.50770235 -2.00000000
v 8.10235551 25.70755674 -1.93185165
v 7.65739521 25.89379138 -1.73205081
v 7.27529913 26.05371470 -1.41421356
v 6.98210651 26.17642817 -1.00000000
v 6.79779791 26.25356909 -0.51763809
v 6.73493369 26.27988042 -0.00000000
v 6.79779791 26.25356909 0.51763809
v 6.98210651 26.17642817 1.00000000
v 7.27529913 26.05371470 1.41421356
v 7.65739521 25.89379138 1.73205081
v 8.10235551 25.70755674 1.93185165
v 8.71076254 25.80210974 2.00000000
v 9.17908155 25.58159558 1.93185165
v 9.61548540 25.37610910 1.73205081
v 9.99023388 25.19965386 1.41421356
v 10.27778850 25.06425499 1.00000000
v 10.45855290 24.97913971 0.51763809
v 10.52020826 24.95010847 0.00000000
v 10.45855290 24.97913971 -0.51763809
v 10.27778850 25.06425499 -1.00000000
v 9.99023388 25.19965386 -1.41421356
v 9.61548540 25.37610910 -1.73205081
v 9.17908155 25.58159558 -1.93185165
v 8.71076254 25.80210974 -2.00000000
v 8.24244352 26.02262390 -1.93185165
v 7.80603968 26.22811038 -1.73205081
v 7.43129120 26.40456562 -1.41421356
v 7.14373657 26.53996448 -1.00000000
v 6.96297218 26.62507977 -0.51763809
v 6.90131681 26.65411101 -0.00000000
v 6.96297218 26.62507977 0.51763809
v 7.14373657 26.53996448 1.00000000
v 7.43129120 26.40456562 1.41421356
v 7.80603968 26.22811038 1.73205081
v 8.24244352 26.02262390 1.93185165
v 8.85481651 26.09165077 2.00000000
v 9.31323491 25.85123080 1.93185165
v 9.74041285 25.62719505 1.73205081
v 10.10723887 25.43481120 1.41421356
v 10.38871437 25.28718987 1.00000000
v 10.56565727 25.19439123 0.51763809
v 10.62600920 25.16273934 0.00000000
v 10.56565727 25.19439123 -0.51763809
v 10.38871437 25.28718987 -1.00000000
v 10.10723887 25.43481120 -1.41421356
v 9.74041285 25.62719505 -1.73205081
v 9.31323491 25.85123080 -1.93185165
v 8.85481651 26.09165077 -2.00000000
v 8.39639810 26.33207074 -1.93185165
v 7.96922016 26.55610648 -1.73205081
v 7.60239414 26.74849034 -1.41421356
v 7.32091864 26.89611166 -1.00000000
v 7.14397574 26.98891030 -0.51763809
v 7.08362381 27.02056219 -0.00000000
v 7.14397574 26.98891030 0.51763809
v 7.32091864 26.89611166 1.00000000
v 7.60239414 26.74849034 1.41421356
v 7.96922016 26.55610648 1.73205081
v 8.39639810 26.33207074 1.93185165
v 9.01153044 26.37559597 2.00000000
v 9.45934095 26.11595209 1.93185165
v 9.87663391 25.87400251 1.73205081
v 10.23497149 25.66623570 1.41421356
v 10.50993360 25.50681062 1.00000000
v 10.68278200 25.40659182 0.51763809
v 10.74173737 25.37240906 0.00000000
v 10.68278200 25.40659182 -0.51763809
v 10.50993360 25.50681062 -1.00000000
v 10.23497149 25.66623570 -1.41421356
v 9.87663391 25.87400251 -1.73205081
v 9.45934095 26.11595209 -1.93185165
v 9.01153044 26.37559597 -2.00000000
v 8.56371993 26.63523985 -1.93185165
v 8.14642697 26.87718942 -1.73205081
v 7.78808939 27.08495623 -1.41421356
v 7.51312728 27.24438132 -1.00000000
v 7.34027888 27.34460011 -0.51763809
v 7.28132351 27.37878288 -0.00000000
v 7.34027888 27.34460011 0.51763809
v 7.51312728 27.24438132 1.00000000
v 7.78808939 27.08495623 1.41421356
v 8.14642697 26.87718942 1.73205081
v 8.56371993 26.63523985 1.93185165
v 9.18041615 26.65321588 2.00000000
v 9.61690735 26.37496306 1.93185165
v 10.02365239 26.11567272 1.73205081
v 10.37293228 25.89301505 1.41421356
v 10.64094416 25.72216381 1.00000000
v 10.80942347 25.61476224 0.51763809
v 10.86688863 25.57812956 0.00000000
v 10.80942347 25.61476224 -0.51763809
v 10.64094416 25.72216381 -1.00000000
v 10.37293228 25.89301505 -1.41421356
v 10.02365239 26.11567272 -1.73205081
v 9.61690735 26.37496306 -1.93185165
v 9.18041615 26.65321588 -2.00000000
v 8.74392496 26.93146869 -1.93185165
v 8.33717992 27.19075904 -1.73205081
v 7.98790003 27.41341670 -1.41421356
v 7.71988815 27.58426794 -1.00000000
v 7.55140883 27.69166952 -0.51763809
v 7.49394368 27.72830220 -0.00000000
v 7.55140883 27.69166952 0.51763809
v 7.71988815 27.58426794 1.00000000
v 7.98790003 27.41341670 1.41421356
v 8.33717992 27.19075904 1.73205081
v 8.74392496 26.93146869 1.93185165
v 9.36098545 26.92378103 2.00000000
v 9.78542772 26.62747383 1.93185165
v 10.18094494 26.35135947 1.73205081
v 10.52058328 26.11425470 1.41421356
v 10.78119695 25.93231781 1.00000000
v 10.94502555 25.81794750 0.51763809
v 11.00090443 25.77893792 0.00000000
v 10.94502555 25.81794750 -0.51763809
v 10.78119695 25.93231781 -1.00000000
v 10.52058328 26.11425470 -1.41421356
v 10.18094494 26.35135947 -1.73205081
v 9.78542772 26.62747383 -1.93185165
v 9.36098545 26.92378103 -2.00000000
v 8.93654319 27.22008823 -1.93185165
v 8.54102597 27.49620259 -1.73205081
v 8.20138763 27.73330736 -1.41421356
v 7.94077396 27.91524425 -1.00000000
v 7.77694536 28.02961456 -0.51763809
v 7.72106648 28.06862414 -0.00000000
v 7.77694536 28.02961456 0.51763809
v 7.94077396 27.91524425 1.00000000
v 8.20138763 27.73330736 1.41421356
v 8.54102597 27.49620259 1.73205081
v 8.93654319 27.22008823 1.93185165
v 9.55275015 27.18656196 2.00000000
v 9.96438261 26.87270226 1.93185165
v 10.34796300 26.58023159 1.73205081
v 10.67735095 26.32908132 1.41421356
v 10.93009921 26.13636694 1.00000000
v 11.08898341 26.01522162 0.51763809
v 11.14317585 25.97390121 0.00000000
v 11.08898341 26.01522162 -0.51763809
v 10.93009921 26.13636694 -1.00000000
v 10.67735095 26.32908132 -1.41421356
v 10.34796300 26.58023159 -1.73205081
v 9.96438261 26.87270226 -1.93185165
v 9.55275015 27.18656196 -2.00000000
v 9.14111769 27.50042166 -1.93185165
v 8.75753730 27.79289234 -1.73205081
v 8.42814936 28.04404260 -1.41421356
v 8.17540110 28.23675698 -1.00000000
v 8.01651690 28.35790230 -0.51763809
v 7.96232445 28.39922271 -0.00000000
v 8.01651690 28.35790230 0.51763809
v 8.17540110 28.23675698 1.00000000
v 8.42814936 28.04404260 1.41421356
v 8.75753730 27.79289234 1.73205081
v 9.14111769 27.50042166 1.93185165
v 9.75522206 27.44082921 2.00000000
v 10.15324048 27.10987523 1.93185165
v 10.52413459 26.80147522 1.73205081
v 10.84262859 26.53664613 1.41421356
v 11.08701764 26.33343562 1.00000000
v 11.24064701 26.20569216 0.51763809
v 11.29304713 26.16212124 0.00000000
v 11.24064701 26.20569216 -0.51763809
v 11.08701764 26.33343562 -1.00000000
v 10.84262859 26.53664613 -1.41421356
v 10.52413459 26.80147522 -1.73205081
v 10.15324048 27.10987523 -1.93185165
v 9.75522206 27.44082921 -2.00000000
v 9.35720365 27.77178318 -1.93185165
v 8.98630953 28.08018319 -1.73205081
v 8.66781553 28.34501228 -1.41421356
v 8.42342649 28.54822279 -1.00000000
v 8.26979711 28.67596626 -0.51763809
v 8.21739699 28.71953717 -0.00000000
v 8.26979711 28.67596626 0.51763809
v 8.42342649 28.54822279 1.00000000
v 8.66781553 28.34501228 1.41421356
v 8.98630953 28.08018319 1.73205081
v 9.35720365 27.77178318 1.93185165
v 9.96791299 27.68585330 2.00000000
v 10.35145849 27.33822988 1.93185165
v 10.70886600 27.01429643 1.73205081
v 11.01577878 26.73612846 1.41421356
v 11.25128125 26.52268267 1.00000000
v 11.39932428 26.38850504 0.51763809
v 11.44981901 26.34273955 0.00000000
v 11.39932428 26.38850504 -0.51763809
v 11.25128125 26.52268267 -1.00000000
v 11.01577878 26.73612846 -1.41421356
v 10.70886600 27.01429643 -1.73205081
v 10.35145849 27.33822988 -1.93185165
v 9.96791299 27.68585330 -2.00000000
v 9.58436749 28.03347672 -1.93185165
v 9.22695998 28.35741018 -1.73205081
v 8.92004719 28.63557814 -1.41421356
v 8.68454473 28.84902393 -1.00000000
v 8.53650169 28.98320156 -0.51763809
v 8.48600697 29.02896705 -0.00000000
v 8.53650169 28.98320156 0.51763809
v 8.68454473 28.84902393 1.00000000
v 8.92004719 28.63557814 1.41421356
v 9.22695998 28.35741018 1.73205081
v 9.58436749 28.03347672 1.93185165
v 10.19033474 27.92090478 2.00000000
v 10.55848348 27.55701509 1.93185165
v 10.90154348 27.21792389 1.73205081
v 11.19613578 26.92673967 1.41421356
v 11.42218441 26.70330616 1.00000000
v 11.56428452 26.56284998 0.51763809
v 11.61275222 26.51494300 0.00000000
v 11.56428452 26.56284998 -0.51763809
v 11.42218441 26.70330616 -1.00000000
v 11.19613578 26.92673967 -1.41421356
v 10.90154348 27.21792389 -1.73205081
v 10.55848348 27.55701509 -1.93185165
v 10.19033474 27.92090478 -2.00000000
v 9.82218601 28.28479447 -1.93185165
v 9.47912601 28.62388567 -1.73205081
v 9.18453371 28.91506989 -1.41421356
v 8.95848508 29.13850340 -1.00000000
v 8.81638497 29.27895958 -0.51763809
v 8.76791727 29.32686657 -0.00000000
v 8.81638497 29.27895958 0.51763809
v 8.95848508 29.13850340 1.00000000
v 9.18453371 28.91506989 1.41421356
v 9.47912601 28.62388567 1.73205081
v 9.82218601 28.28479447 1.93185165
v 10.42199914 28.14525418 2.00000000
v 10.77375294 27.76549312 1.93185165
v 11.10153529 27.41161216 1.73205081
v 11.38300839 27.10772768 1.41421356
v 11.59899028 26.87454892 1.00000000
v 11.73476218 26.72796663 0.51763809
v 11.78107145 26.67797014 0.00000000
v 11.73476218 26.72796663 -0.51763809
v 11.59899028 26.87454892 -1.00000000
v 11.38300839 27.10772768 -1.41421356
v 11.10153529 27.41161216 -1.73205081
v 10.77375294 27.76549312 -1.93185165
v 10.42199914 28.14525418 -2.00000000
v 10.07024535 28.52501524 -1.93185165
v 9.74246299 28.87889620 -1.73205081
v 9.46098990 29.18278068 -1.41421356
v 9.24500800 29.41595944 -1.00000000
v 9.10923610 29.56254173 -0.51763809
v 9.06292684 29.61253822 -0.00000000
v 9.10923610 29.56254173 0.51763809
v 9.24500800 29.41595944 1.00000000
v 9.46098990 29.18278068 1.41421356
v 9.74246299 28.87889620 1.73205081
v 10.07024535 28.52501524 1.93185165
v 10.66241799 28.35817203 2.00000000
v 10.99669635 27.96294151 1.93185165
v 11.30819419 27.59464529 1.73205081
v 11.57568346 27.27838215 1.41421356
v 11.78093519 27.03570492 1.00000000
v 11.90996182 26.88315163 0.51763809
v 11.95397040 26.83111854 0.00000000
v 11.90996182 26.88315163 -0.51763809
v 11.78093519 27.03570492 -1.00000000
v 11.57568346 27.27838215 -1.41421356
v 11.30819419 27.59464529 -1.73205081
v 10.99669635 27.96294151 -1.93185165
v 10.66241799 28.35817203 -2.00000000
v 10.32813963 28.75340256 -1.93185165
v 10.01664178 29.12169878 -1.73205081
v 9.74915252 29.43796191 -1.41421356
v 9.54390079 29.68063915 -1.00000000
v 9.41487416 29.83319244 -0.51763809
v 9.37086558 29.88522553 -0.00000000
v 9.41487416 29.83319244 0.51763809
v 9.54390079 29.68063915 1.00000000
v 9.74915252 29.43796191 1.41421356
v 10.01664178 29.12169878 1.73205081
v 10.32813963 28.75340256 1.93185165
v 10.91110310 28.55892888 2.00000000
v 11.22674569 28.14866196 1.93185165
v 11.52087777 27.76635406 1.73205081
v 11.77345471 27.43805882 1.41421356
v 11.96726381 27.18614902 1.00000000
v 12.08909731 27.02779190 0.51763809
v 12.13065244 26.97377924 0.00000000
v 12.08909731 27.02779190 -0.51763809
v 11.96726381 27.18614902 -1.00000000
v 11.77345471 27.43805882 -1.41421356
v 11.52087777 27.76635406 -1.73205081
v 11.22674569 28.14866196 -1.93185165
v 10.91110310 28.55892888 -2.00000000
v 10.59546050 28.96919579 -1.93185165
v 10.30132842 29.35150370 -1.73205081
v 10.04875148 29.67979894 -1.41421356
v 9.85494238 29.93170873 -1.00000000
v 9.73310888 30.09006585 -0.51763809
v 9.69155375 30.14407852 -0.00000000
v 9.73310888 30.09006585 0.51763809
v 9.85494238 29.93170873 1.00000000
v 10.04875148 29.67979894 1.41421356
v 10.30132842 29.35150370 1.73205081
v 10.59546050 28.96919579 1.93185165
v 11.16756948 28.74681495 2.00000000
v 11.46359266 28.32217455 1.93185165
v 11.73944236 27.92647269 1.73205081
v 11.97631986 27.58667581 1.41421356
v 12.15808236 27.32594049 1.00000000
v 12.27234305 27.16203541 0.51763809
v 12.31131524 27.10613044 0.00000000
v 12.27234305 27.16203541 -0.51763809
v 12.15808236 27.32594049 -1.00000000
v 11.97631986 27.58667581 -1.41421356
v 11.73944236 27.92647269 -1.73205081
v 11.46359266 28.32217455 -1.93185165
v 11.16756948 28.74681495 -2.00000000
v 10.87154629 29.17145534 -1.93185165
v 10.59569660 29.56715720 -1.73205081
v 10.35881910 29.90695408 -1.41421356
v 10.17705660 30.16768940 -1.00000000
v 10.06279591 30.33159448 -0.51763809
v 10.02382372 30.38749945 -0.00000000
v 10.06279591 30.33159448 0.51763809
v 10.17705660 30.16768940 1.00000000
v 10.35881910 29.90695408 1.41421356
v 10.59569660 29.56715720 1.73205081
v 10.87154629 29.17145534 1.93185165
v 11.43141803 28.92164822 2.00000000
v 11.70739570 28.48371498 1.93185165
v 11.96456595 28.07562618 1.73205081
v 12.18540305 27.72519237 1.41421356
v 12.35485732 27.45629506 1.00000000
v 12.46138072 27.28725914 0.51763809
v 12.49771387 27.22960413 0.00000000
v 12.46138072 27.28725914 -0.51763809
v 12.35485732 27.45629506 -1.00000000
v 12.18540305 27.72519237 -1.41421356
v 11.96456595 28.07562618 -1.73205081
v 11.70739570 28.48371498 -1.93185165
v 11.43141803 28.92164822 -2.00000000
v 11.15544036 29.35958145 -1.93185165
v 10.89827011 29.76767026 -1.73205081
v 10.67743301 30.11810406 -1.41421356
v 10.50797875 30.38700138 -1.00000000
v 10.40145534 30.55603730 -0.51763809
v 10.36512219 30.61369230 -0.00000000
v 10.40145534 30.55603730 0.51763809
v 10.50797875 30.38700138 1.00000000
v 10.67743301 30.11810406 1.41421356
v 10.89827011 29.76767026 1.73205081
v 11.15544036 29.35958145 1.93185165
v 11.70234286 29.08381954 2.00000000
v 11.95829755 28.63389023 1.93185165
v 12.19680936 28.21462285 1.73205081
v 12.40162408 27.85458979 1.41421356
v 12.55878395 27.57832671 1.00000000
v 12.65757878 27.40466048 0.51763809
v 12.69127585 27.34542616 0.00000000
v 12.65757878 27.40466048 -0.51763809
v 12.55878395 27.57832671 -1.00000000
v 12.40162408 27.85458979 -1.41421356
v 12.19680936 28.21462285 -1.73205081
v 11.95829755 28.63389023 -1.93185165
v 11.70234286 29.08381954 -2.00000000
v 11.44638817 29.53374886 -1.93185165
v 11.20787637 29.95301623 -1.73205081
v 11.00306164 30.31304929 -1.41421356
v 10.84590177 30.58931237 -1.00000000
v 10.74710695 30.76297860 -0.51763809
v 10.71340987 30.82221292 -0.00000000
v 10.74710695 30.76297860 0.51763809
v 10.84590177 30.58931237 1.00000000
v 11.00306164 30.31304929 1.41421356
v 11.20787637 29.95301623 1.73205081
v 11.44638817 29.53374886 1.93185165
v 11.98004276 29.23374852 2.00000000
v 12.21618139 28.77311011 1.93185165
v 12.43622756 28.34386345 1.73205081
v 12.62518548 27.97526098 1.41421356
v 12.77017800 27.69242237 1.00000000
v 12.86132411 27.51462258 0.51763809
v 12.89241235 27.45397838 0.00000000
v 12.86132411 27.51462258 -0.51763809
v 12.77017800 27.69242237 -1.00000000
v 12.62518548 27.97526098 -1.41421356
v 12.43622756 28.34386345 -1.73205081
v 12.21618139 28.77311011 -1.93185165
v 11.98004276 29.23374852 -2.00000000
v 11.74390414 29.69438692 -1.93185165
v 11.52385797 30.12363358 -1.73205081
v 11.33490004 30.49223605 -1.41421356
v 11.18990752 30.77507467 -1.00000000
v 11.09876141 30.95287446 -0.51763809
v 11.06767317 31.01351865 -0.00000000
v 11.09876141 30.95287446 0.51763809
v 11.18990752 30.77507467 1.00000000
v 11.33490004 30.49223605 1.41421356
v 11.52385797 30.12363358 1.73205081
v 11.74390414 29.69438692 1.93185165
v 12.26421652 29.37185474 2.00000000
v 12.48089826 28.90175026 1.93185165
v 12.68281349 28.46368263 1.73205081
v 12.85620204 28.08750543 1.41421356
v 12.98924775 27.79885451 1.00000000
v 13.07288378 27.61740095 0.51763809
v 13.10141047 27.55551053 0.00000000
v 13.07288378 27.61740095 -0.51763809
v 12.98924775 27.79885451 -1.00000000
v 12.85620204 28.08750543 -1.41421356
v 12.68281349 28.46368263 -1.73205081
v 12.48089826 28.90175026 -1.93185165
v 12.26421652 29.37185474 -2.00000000
v 12.04753478 29.84195921 -1.93185165
v 11.84561954 30.28002684 -1.73205081
v 11.67223100 30.65620404 -1.41421356
v 11.53918529 30.94485496 -1.00000000
v 11.45554926 31.12630852 -0.51763809
v 11.42702257 31.18819895 -0.00000000
v 11.45554926 31.12630852 0.51763809
v 11.53918529 30.94485496 1.00000000
v 11.67223100 30.65620404 1.41421356
v 11.84561954 30.28002684 1.73205081
v 12.04753478 29.84195921 1.93185165
v 12.55456292 29.49855780 2.00000000
v 12.75227825 29.02016691 1.93185165
v 12.93651961 28.57437757 1.73205081
v 13.09473125 28.19156959 1.41421356
v 13.21613131 27.89783069 1.00000000
v 13.29244658 27.71317870 0.51763809
v 13.31847629 27.65019734 0.00000000
v 13.29244658 27.71317870 -0.51763809
v 13.21613131 27.89783069 -1.00000000
v 13.09473125 28.19156959 -1.41421356
v 12.93651961 28.57437757 -1.73205081
v 12.75227825 29.02016691 -1.93185165
v 12.55456292 29.49855780 -2.00000000
v 12.35684759 29.97694868 -1.93185165
v 12.17260623 30.42273802 -1.73205081
v 12.01439459 30.80554600 -1.41421356
v 11.89299453 31.09928490 -1.00000000
v 11.81667926 31.28393689 -0.51763809
v 11.79064955 31.34691825 -0.00000000
v 11.81667926 31.28393689 0.51763809
v 11.89299453 31.09928490 1.00000000
v 12.01439459 30.80554600 1.41421356
v 12.17260623 30.42273802 1.73205081
v 12.35684759 29.97694868 1.93185165
v 12.85078076 29.61427729 2.00000000
v 13.03012923 29.12870205 1.93185165
v 13.19725540 28.67621795 1.73205081
v 13.34076990 28.28766106 1.41421356
v 13.45089244 27.98951086 1.00000000
v 13.52011837 27.80208581 0.51763809
v 13.54373005 27.73815862 0.00000000
v 13.52011837 27.80208581 -0.51763809
v 13.45089244 27.98951086 -1.00000000
v 13.34076990 28.28766106 -1.41421356
v 13.19725540 28.67621795 -1.73205081
v 13.03012923 29.12870205 -1.93185165
v 12.85078076 29.61427729 -2.00000000
v 12.67143228 30.09985254 -1.93185165
v 12.50430611 30.55233663 -1.73205081
v 12.36079161 30.94089353 -1.41421356
v 12.25066907 31.23904373 -1.00000000
v 12.18144314 31.42646877 -0.51763809
v 12.15783147 31.49039597 -0.00000000
v 12.18144314 31.42646877 0.51763809
v 12.25066907 31.23904373 1.00000000
v 12.36079161 30.94089353 1.41421356
v 12.50430611 30.55233663 1.73205081
v 12.67143228 30.09985254 1.93185165
v 13.15256882 29.71943282 2.00000000
v 13.31423695 29.22768837 1.93185165
v 13.46488767 28.76945549 1.73205081
v 13.59425438 28.37596199 1.41421356
v 13.69352094 28.07402382 1.00000000
v 13.75592251 27.88421754 0.51763809
v 13.77720653 27.81947816 0.00000000
v 13.75592251 27.88421754 -0.51763809
v 13.69352094 28.07402382 -1.00000000
v 13.59425438 28.37596199 -1.41421356
v 13.46488767 28.76945549 -1.73205081
v 13.31423695 29.22768837 -1.93185165
v 13.15256882 29.71943282 -2.00000000
v 12.99090068 30.21117727 -1.93185165
v 12.84024996 30.66941015 -1.73205081
v 12.71088325 31.06290365 -1.41421356
v 12.61161669 31.36484183 -1.00000000
v 12.54921512 31.55464810 -0.51763809
v 12.52793110 31.61938749 -0.00000000
v 12.54921512 31.55464810 0.51763809
v 12.61161669 31.36484183 1.00000000
v 12.71088325 31.06290365 1.41421356
v 12.84024996 30.66941015 1.73205081
v 12.99090068 30.21117727 1.93185165
v 13.45962589 29.81444398 2.00000000
v 13.60436624 29.31745361 1.93185165
v 13.73924278 28.85433232 1.73205081
v 13.85506389 28.45664105 1.41421356
v 13.94393655 28.15148181 1.00000000
v 13.99980424 27.95965069 0.51763809
v 14.01885967 27.89422066 0.00000000
v 13.99980424 27.95965069 -0.51763809
v 13.94393655 28.15148181 -1.00000000
v 13.85506389 28.45664105 -1.41421356
v 13.73924278 28.85433232 -1.73205081
v 13.60436624 29.31745361 -1.93185165
v 13.45962589 29.81444398 -2.00000000
v 13.31488553 30.31143434 -1.93185165
v 13.18000900 30.77455564 -1.73205081
v 13.06418789 31.17224691 -1.41421356
v 12.97531523 31.47740615 -1.00000000
v 12.91944753 31.66923727 -0.51763809
v 12.90039211 31.73466729 -0.00000000
v 12.91944753 31.66923727 0.51763809
v 12.97531523 31.47740615 1.00000000
v 13.06418789 31.17224691 1.41421356
v 13.18000900 30.77455564 1.73205081
v 13.31488553 30.31143434 1.93185165
v 13.77165076 29.89973036 2.00000000
v 13.90026290 29.39832423 1.93185165
v 14.02011034 28.93108809 1.73205081
v 14.12302566 28.52986333 1.41421356
v 14.20199537 28.22199274 1.00000000
v 14.25163781 28.02845720 0.51763809
v 14.26856992 27.96244583 0.00000000
v 14.25163781 28.02845720 -0.51763809
v 14.20199537 28.22199274 -1.00000000
v 14.12302566 28.52986333 -1.41421356
v 14.02011034 28.93108809 -1.73205081
v 13.90026290 29.39832423 -1.93185165
v 13.77165076 29.89973036 -2.00000000
v 13.64303862 30.40113649 -1.93185165
v 13.52319118 30.86837262 -1.73205081
v 13.42027585 31.26959739 -1.41421356
v 13.34130614 31.57746798 -1.00000000
v 13.29166371 31.77100352 -0.51763809
v 13.27473160 31.83701489 -0.00000000
v 13.29166371 31.77100352 0.51763809
v 13.34130614 31.57746798 1.00000000
v 13.42027585 31.26959739 1.41421356
v 13.52319118 30.86837262 1.73205081
v 13.64303862 30.40113649 1.93185165
v 14.08834222 29.97571156 2.00000000
v 14.20165607 29.47062824 1.93185165
v 14.30724776 28.99996550 1.73205081
v 14.39792141 28.59579826 1.41421356
v 14.46749774 28.28566982 1.00000000
v 14.51123526 28.09071493 0.51763809
v 14.52615331 28.02421945 0.00000000
v 14.51123526 28.09071493 -0.51763809
v 14.46749774 28.28566982 -1.00000000
v 14.39792141 28.59579826 -1.41421356
v 14.30724776 28.99996550 -1.73205081
v 14.20165607 29.47062824 -1.93185165
v 14.08834222 29.97571156 -2.00000000
v 13.97502837 30.48079488 -1.93185165
v 13.86943667 30.95145761 -1.73205081
v 13.77876303 31.35562486 -1.41421356
v 13.70918669 31.66575330 -1.00000000
v 13.66544918 31.86070819 -0.51763809
v 13.65053113 31.92720367 -0.00000000
v 13.66544918 31.86070819 0.51763809
v 13.70918669 31.66575330 1.00000000
v 13.77876303 31.35562486 1.41421356
v 13.86943667 30.95145761 1.73205081
v 13.97502837 30.48079488 1.93185165
v 14.40939906 30.04280717 2.00000000
v 14.50826074 29.53469738 1.93185165
v 14.60038516 29.06121443 1.73205081
v 14.67949419 28.65462541 1.41421356
v 14.74019668 28.34263867 1.00000000
v 14.77835587 28.14651561 0.51763809
v 14.79137125 28.07962169 0.00000000
v 14.77835587 28.14651561 -0.51763809
v 14.74019668 28.34263867 -1.00000000
v 14.67949419 28.65462541 -1.41421356
v 14.60038516 29.06121443 -1.73205081
v 14.50826074 29.53469738 -1.93185165
v 14.40939906 30.04280717 -2.00000000
v 14.31053738 30.55091697 -1.93185165
v 14.21841296 31.02439992 -1.73205081
v 14.13930393 31.43098894 -1.41421356
v 14.07860143 31.74297568 -1.00000000
v 14.04044225 31.93909873 -0.51763809
v 14.02742686 32.00599266 -0.00000000
v 14.04044225 31.93909873 0.51763809
v 14.07860143 31.74297568 1.00000000
v 14.13930393 31.43098894 1.41421356
v 14.21841296 31.02439992 1.73205081
v 14.31053738 30.55091697 1.93185165
v 14.73452006 30.10143680 2.00000000
v 14.81978029 29.59086860 1.93185165
v 14.89923018 29.11509478 1.73205081
v 14.96745534 28.70653854 1.41421356
v 15.01980635 28.39304231 1.00000000
v 15.05271557 28.19597034 0.51763809
v 15.06394029 28.12875276 0.00000000
v 15.05271557 28.19597034 -0.51763809
v 15.01980635 28.39304231 -1.00000000
v 14.96745534 28.70653854 -1.41421356
v 14.89923018 29.11509478 -1.73205081
v 14.81978029 29.59086860 -1.93185165
v 14.73452006 30.10143680 -2.00000000
v 14.64925983 30.61200500 -1.93185165
v 14.56980995 31.08777882 -1.73205081
v 14.50158479 31.49633506 -1.41421356
v 14.44923378 31.80983129 -1.00000000
v 14.41632456 32.00690326 -0.51763809
v 14.40509983 32.07412084 -0.00000000
v 14.41632456 32.00690326 0.51763809
v 14.44923378 31.80983129 1.00000000
v 14.50158479 31.49633506 1.41421356
v 14.56980995 31.08777882 1.73205081
v 14.64925983 30.61200500 1.93185165
v 15.06340402 30.15202003 2.00000000
v 15.13590888 29.63948493 1.93185165
v 15.20347266 29.16187824 1.73205081
v 15.26149099 28.75174808 1.41421356
v 15.30601002 28.43704414 1.00000000
v 15.33399585 28.23921297 0.51763809
v 15.34354129 28.17173644 0.00000000
v 15.33399585 28.23921297 -0.51763809
v 15.30601002 28.43704414 -1.00000000
v 15.26149099 28.75174808 -1.41421356
v 15.20347266 29.16187824 -1.73205081
v 15.13590888 29.63948493 -1.93185165
v 15.06340402 30.15202003 -2.00000000
v 14.99089916 30.66455514 -1.93185165
v 14.92333539 31.14216183 -1.73205081
v 14.86531706 31.55229199 -1.41421356
v 14.82079803 31.86699593 -1.00000000
v 14.79281220 32.06482710 -0.51763809
v 14.78326676 32.13230363 -0.00000000
v 14.79281220 32.06482710 0.51763809
v 14.82079803 31.86699593 1.00000000
v 14.86531706 31.55229199 1.41421356
v 14.92333539 31.14216183 1.73205081
v 14.99089916 30.66455514 1.93185165
v 15.39574973 30.19497647 2.00000000
v 15.45633359 29.68089594 1.93185165
v 15.51278877 29.20184916 1.73205081
v 15.56126793 28.79048235 1.41421356
v 15.59846729 28.47482950 1.00000000
v 15.62185179 28.27640183 0.51763809
v 15.62982781 28.20872184 0.00000000
v 15.62185179 28.27640183 -0.51763809
v 15.59846729 28.47482950 -1.00000000
v 15.56126793 28.79048235 -1.41421356
v 15.51278877 29.20184916 -1.73205081
v 15.45633359 29.68089594 -1.93185165
v 15.39574973 30.19497647 -2.00000000
v 15.33516586 30.70905700 -1.93185165
v 15.27871069 31.18810379 -1.73205081
v 15.23023153 31.59947059 -1.41421356
v 15.19303216 31.91512344 -1.00000000
v 15.16964766 32.11355111 -0.51763809
v 15.16167165 32.18123110 -0.00000000
v 15.16964766 32.11355111 0.51763809
v 15.19303216 31.91512344 1.00000000
v 15.23023153 31.59947059 1.41421356
v 15.27871069 31.18810379 1.73205081
v 15.33516586 30.70905700 1.93185165
v 15.73125597 30.23072571 2.00000000
v 15.78073633 29.71545792 1.93185165
v 15.82684469 29.23530479 1.73205081
v 15.86643884 28.82298795 1.41421356
v 15.89682050 28.50660611 1.00000000
v 15.91591920 28.30772017 0.51763809
v 15.92243342 28.23988388 0.00000000
v 15.91591920 28.30772017 -0.51763809
v 15.89682050 28.50660611 -1.00000000
v 15.86643884 28.82298795 -1.41421356
v 15.82684469 29.23530479 -1.73205081
v 15.78073633 29.71545792 -1.93185165
v 15.73125597 30.23072571 -2.00000000
v 15.68177560 30.74599349 -1.93185165
v 15.63566724 31.22614662 -1.73205081
v 15.59607310 31.63846346 -1.41421356
v 15.56569144 31.95484530 -1.00000000
v 15.54659273 32.15373124 -0.51763809
v 15.54007852 32.22156753 -0.00000000
v 15.54659273 32.15373124 0.51763809
v 15.56569144 31.95484530 1.00000000
v 15.59607310 31.63846346 1.41421356
v 15.63566724 31.22614662 1.73205081
v 15.68177560 30.74599349 1.93185165
v 16.06962153 30.25968733 2.00000000
v 16.10879546 29.74353368 1.93185165
v 16.14529975 29.26255504 1.73205081
v 16.17664669 28.84952932 1.41421356
v 16.20070005 28.53260354 1.00000000
v 16.21582062 28.33337567 0.51763809
v 16.22097797 28.26542275 0.00000000
v 16.21582062 28.33337567 -0.51763809
v 16.20070005 28.53260354 -1.00000000
v 16.17664669 28.84952932 -1.41421356
v 16.14529975 29.26255504 -1.73205081
v 16.10879546 29.74353368 -1.93185165
v 16.06962153 30.25968733 -2.00000000
v 16.03044760 30.77584099 -1.93185165
v 15.99394330 31.25681962 -1.73205081
v 15.96259636 31.66984534 -1.41421356
v 15.93854300 31.98677112 -1.00000000
v 15.92342243 32.18599900 -0.51763809
v 15.91826508 32.25395192 -0.00000000
v 15.92342243 32.18599900 0.51763809
v 15.93854300 31.98677112 1.00000000
v 15.96259636 31.66984534 1.41421356
v 15.99394330 31.25681962 1.73205081
v 16.03044760 30.77584099 1.93185165
v 16.41054520 30.28228095 2.00000000
v 16.44018714 29.76549226 1.93185165
v 16.46780903 29.28392187 1.73205081
v 16.49152849 28.87038800 1.41421356
v 16.50972907 28.55307230 1.00000000
v 16.52117044 28.35359931 0.51763809
v 16.52507287 28.28556279 0.00000000
v 16.52117044 28.35359931 -0.51763809
v 16.50972907 28.55307230 -1.00000000
v 16.49152849 28.87038800 -1.41421356
v 16.46780903 29.28392187 -1.73205081
v 16.44018714 29.76549226 -1.93185165
v 16.41054520 30.28228095 -2.00000000
v 16.38090325 30.79906964 -1.93185165
v 16.35328136 31.28064003 -1.73205081
v 16.32956190 31.69417390 -1.41421356
v 16.31136132 32.01148960 -1.00000000
v 16.29991996 32.21096259 -0.51763809
v 16.29601752 32.27899911 -0.00000000
v 16.29991996 32.21096259 0.51763809
v 16.31136132 32.01148960 1.00000000
v 16.32956190 31.69417390 1.41421356
v 16.35328136 31.28064003 1.73205081
v 16.38090325 30.79906964 1.93185165
v 16.75372576 30.29892616 2.00000000
v 16.77458648 29.78170858 1.93185165
v 16.79402557 29.29973852 1.73205081
v 16.81071830 28.88586145 1.41421356
v 16.82352708 28.56828241 1.00000000
v 16.83157902 28.36864388 0.51763809
v 16.83432538 28.30055089 0.00000000
v 16.83157902 28.36864388 -0.51763809
v 16.82352708 28.56828241 -1.00000000
v 16.81071830 28.88586145 -1.41421356
v 16.79402557 29.29973852 -1.73205081
v 16.77458648 29.78170858 -1.93185165
v 16.75372576 30.29892616 -2.00000000
v 16.73286505 30.81614373 -1.93185165
v 16.71342596 31.29811379 -1.73205081
v 16.69673323 31.71199086 -1.41421356
v 16.68392445 32.02956990 -1.00000000
v 16.67587251 32.22920843 -0.51763809
v 16.67312615 32.29730142 -0.00000000
v 16.67587251 32.22920843 0.51763809
v 16.68392445 32.02956990 1.00000000
v 16.69673323 31.71199086 1.41421356
v 16.71342596 31.29811379 1.73205081
v 16.73286505 30.81614373 1.93185165
v 17.09886202 30.31004254 2.00000000
v 17.11166841 29.79256289 1.93185165
v 17.12360207 29.31034862 1.73205081
v 17.13384973 28.89626184 1.41421356
v 17.14171304 28.57852188 1.00000000
v 17.14665612 28.37878219 0.51763809
v 17.14834212 28.31065470 0.00000000
v 17.14665612 28.37878219 -0.51763809
v 17.14171304 28.57852188 -1.00000000
v 17.13384973 28.89626184 -1.41421356
v 17.12360207 29.31034862 -1.73205081
v 17.11166841 29.79256289 -1.93185165
v 17.09886202 30.31004254 -2.00000000
v 17.08605563 30.82752219 -1.93185165
v 17.07412197 31.30973646 -1.73205081
v 17.06387431 31.72382324 -1.41421356
v 17.05601100 32.04156320 -1.00000000
v 17.05106792 32.24130289 -0.51763809
v 17.04938193 32.30943038 -0.00000000
v 17.05106792 32.24130289 0.51763809
v 17.05601100 32.04156320 1.00000000
v 17.06387431 31.72382324 1.41421356
v 17.07412197 31.30973646 1.73205081
v 17.08605563 30.82752219 1.93185165
v 17.44565275 30.31604970 2.00000000
v 17.45110842 29.79844036 1.93185165
v 17.45619229 29.31610525 1.73205081
v 17.46055791 28.90191469 1.41421356
v 17.46390777 28.58409510 1.00000000
v 17.46601358 28.38430535 0.51763809
v 17.46673183 28.31616079 0.00000000
v 17.46601358 28.38430535 -0.51763809
v 17.46390777 28.58409510 -1.00000000
v 17.46055791 28.90191469 -1.41421356
v 17.45619229 29.31610525 -1.73205081
v 17.45110842 29.79844036 -1.93185165
v 17.44565275 30.31604970 -2.00000000
v 17.44019709 30.83365904 -1.93185165
v 17.43511322 31.31599416 -1.73205081
v 17.43074760 31.73018472 -1.41421356
v 17.42739774 32.04800431 -1.00000000
v 17.42529193 32.24779406 -0.51763809
v 17.42457368 32.31593862 -0.00000000
v 17.42529193 32.24779406 0.51763809
v 17.42739774 32.04800431 1.00000000
v 17.43074760 31.73018472 1.41421356
v 17.43511322 31.31599416 1.73205081
v 17.44019709 30.83365904 1.93185165
v 17.79379675 30.31736724 2.00000000
v 17.79258312 29.79973057 1.93185165
v 17.79145219 29.31736999 1.73205081
v 17.79048104 28.90315756 1.41421356
v 17.78973585 28.58532119 1.00000000
v 17.78926741 28.38552090 0.51763809
v 17.78910763 28.31737273 0.00000000
v 17.78926741 28.38552090 -0.51763809
v 17.78973585 28.58532119 -1.00000000
v 17.79048104 28.90315756 -1.41421356
v 17.79145219 29.31736999 -1.73205081
v 17.79258312 29.79973057 -1.93185165
v 17.79379675 30.31736724 -2.00000000
v 17.79501039 30.83500391 -1.93185165
v 17.79614131 31.31736449 -1.73205081
v 17.79711246 31.73157691 -1.41421356
v 17.79785765 32.04941329 -1.00000000
v 17.79832610 32.24921358 -0.51763809
v 17.79848588 32.31736174 -0.00000000
v 17.79832610 32.24921358 0.51763809
v 17.79785765 32.04941329 1.00000000
v 17.79711246 31.73157691 1.41421356
v 17.79614131 31.31736449 1.73205081
v 17.79501039 30.83500391 1.93185165
v 18.14299281 30.31441474 2.00000000
v 18.13577069 29.79682704 1.93185165
v 18.12904075 29.31451208 1.73205081
v 18.12326162 28.90033883 1.41421356
v 18.11882714 28.58253252 1.00000000
v 18.11603951 28.38275113 0.51763809
v 18.11508870 28.31460941 0.00000000
v 18.11603951 28.38275113 -0.51763809
v 18.11882714 28.58253252 -1.00000000
v 18.12326162 28.90033883 -1.41421356
v 18.12904075 29.31451208 -1.73205081
v 18.13577069 29.79682704 -1.93185165
v 18.14299281 30.31441474 -2.00000000
v 18.15021492 30.83200245 -1.93185165
v 18.15694486 31.31431741 -1.73205081
v 18.16272399 31.72849065 -1.41421356
v 18.16715847 32.04629696 -1.00000000
v 18.16994610 32.24607836 -0.51763809
v 18.17089691 32.31422007 -0.00000000
v 18.16994610 32.24607836 0.51763809
v 18.16715847 32.04629696 1.00000000
v 18.16272399 31.72849065 1.41421356
v 18.15694486 31.31431741 1.73205081
v 18.15021492 30.83200245 1.93185165
v 18.49293970 30.30761181 2.00000000
v 18.48035125 29.79012681 1.93185165
v 18.46862068 29.30790756 1.73205081
v 18.45854741 28.89381650 1.41421356
v 18.45081792 28.57607326 1.00000000
v 18.44595896 28.37633150 0.51763809
v 18.44430166 28.30820331 0.00000000
v 18.44595896 28.37633150 -0.51763809
v 18.45081792 28.57607326 -1.00000000
v 18.45854741 28.89381650 -1.41421356
v 18.46862068 29.30790756 -1.73205081
v 18.48035125 29.79012681 -1.93185165
v 18.49293970 30.30761181 -2.00000000
v 18.50552815 30.82509681 -1.93185165
v 18.51725872 31.30731606 -1.73205081
v 18.52733199 31.72140712 -1.41421356
v 18.53506148 32.03915036 -1.00000000
v 18.53992044 32.23889212 -0.51763809
v 18.54157774 32.30702031 -0.00000000
v 18.53992044 32.23889212 0.51763809
v 18.53506148 32.03915036 1.00000000
v 18.52733199 31.72140712 1.41421356
v 18.51725872 31.30731606 1.73205081
v 18.50552815 30.82509681 1.93185165
v 18.84333623 30.29737804 2.00000000
v 18.82600710 29.78003010 1.93185165
v 18.80985893 29.29793856 1.73205081
v 18.79599218 28.88395717 1.41421356
v 18.78535184 28.56629808 1.00000000
v 18.77866305 28.36660923 0.51763809
v 18.77638163 28.29849908 0.00000000
v 18.77866305 28.36660923 -0.51763809
v 18.78535184 28.56629808 -1.00000000
v 18.79599218 28.88395717 -1.41421356
v 18.80985893 29.29793856 -1.73205081
v 18.82600710 29.78003010 -1.93185165
v 18.84333623 30.29737804 -2.00000000
v 18.86066535 30.81472598 -1.93185165
v 18.87681353 31.29681752 -1.73205081
v 18.89068028 31.71079890 -1.41421356
v 18.90132061 32.02845799 -1.00000000
v 18.90800940 32.22814685 -0.51763809
v 18.91029082 32.29625699 -0.00000000
v 18.90800940 32.22814685 0.51763809
v 18.90132061 32.02845799 1.00000000
v 18.89068028 31.71079890 1.41421356
v 18.87681353 31.29681752 1.73205081
v 18.86066535 30.81472598 1.93185165
v 19.19388117 30.28413302 2.00000000
v 19.17242298 29.76693989 1.93185165
v 19.15242712 29.28499261 1.73205081
v 19.13525629 28.87113510 1.41421356
v 19.12208065 28.55357107 1.00000000
v 19.11379810 28.35394197 0.51763809
v 19.11097307 28.28585220 0.00000000
v 19.11379810 28.35394197 -0.51763809
v 19.12208065 28.55357107 -1.00000000
v 19.13525629 28.87113510 -1.41421356
v 19.15242712 29.28499261 -1.73205081
v 19.17242298 29.76693989 -1.93185165
v 19.19388117 30.28413302 -2.00000000
v 19.21533937 30.80132616 -1.93185165
v 19.23533522 31.28327343 -1.73205081
v 19.25250605 31.69713094 -1.41421356
v 19.26568169 32.01469498 -1.00000000
v 19.27396425 32.21432408 -0.51763809
v 19.27678927 32.28241385 -0.00000000
v 19.27396425 32.21432408 0.51763809
v 19.26568169 32.01469498 1.00000000
v 19.25250605 31.69713094 1.41421356
v 19.23533522 31.28327343 1.73205081
v 19.21533937 30.80132616 1.93185165
v 19.54427333 30.26829636 2.00000000
v 19.51928621 29.75126170 1.93185165
v 19.49600193 29.26946210 1.73205081
v 19.47600726 28.85573141 1.41421356
v 19.46066481 28.53826468 1.00000000
v 19.45102014 28.33869675 0.51763809
v 19.44773052 28.27062785 0.00000000
v 19.45102014 28.33869675 -0.51763809
v 19.46066481 28.53826468 -1.00000000
v 19.47600726 28.85573141 -1.41421356
v 19.49600193 29.26946210 -1.73205081
v 19.51928621 29.75126170 -1.93185165
v 19.54427333 30.26829636 -2.00000000
v 19.56926044 30.78533101 -1.93185165
v 19.59254473 31.26713061 -1.73205081
v 19.61253940 31.68086131 -1.41421356
v 19.62788185 31.99832804 -1.00000000
v 19.63752652 32.19789597 -0.51763809
v 19.64081613 32.26596487 -0.00000000
v 19.63752652 32.19789597 0.51763809
v 19.62788185 31.99832804 1.00000000
v 19.61253940 31.68086131 1.41421356
v 19.59254473 31.26713061 1.73205081
v 19.56926044 30.78533101 1.93185165
v 19.89421148 30.25028764 2.00000000
v 19.86628690 29.73340331 1.93185165
v 19.84026533 29.25174380 1.73205081
v 19.81792010 28.83813339 1.41421356
v 19.80077401 28.52075897 1.00000000
v 19.78999552 28.32124906 0.51763809
v 19.78631918 28.25319995 0.00000000
v 19.78999552 28.32124906 -0.51763809
v 19.80077401 28.52075897 -1.00000000
v 19.81792010 28.83813339 -1.41421356
v 19.84026533 29.25174380 -1.73205081
v 19.86628690 29.73340331 -1.93185165
v 19.89421148 30.25028764 -2.00000000
v 19.92213606 30.76717197 -1.93185165
v 19.94815763 31.24883149 -1.73205081
v 19.97050286 31.66244189 -1.41421356
v 19.98764895 31.97981632 -1.00000000
v 19.99842744 32.17932622 -0.51763809
v 20.00210378 32.24737533 -0.00000000
v 19.99842744 32.17932622 0.51763809
v 19.98764895 31.97981632 1.00000000
v 19.97050286 31.66244189 1.41421356
v 19.94815763 31.24883149 1.73205081
v 19.92213606 30.76717197 1.93185165
v 20.24339442 30.23052647 2.00000000
v 20.21311804 29.71377456 1.93185165
v 20.18490494 29.23223844 1.73205081
v 20.16067781 28.81873400 1.41421356
v 20.14208767 28.50144089 1.00000000
v 20.13040143 28.30198210 0.51763809
v 20.12641547 28.23395042 0.00000000
v 20.13040143 28.30198210 -0.51763809
v 20.14208767 28.50144089 -1.00000000
v 20.16067781 28.81873400 -1.41421356
v 20.18490494 29.23223844 -1.73205081
v 20.21311804 29.71377456 -1.93185165
v 20.24339442 30.23052647 -2.00000000
v 20.27367080 30.74727837 -1.93185165
v 20.30188390 31.22881449 -1.73205081
v 20.32611103 31.64231893 -1.41421356
v 20.34470117 31.95961205 -1.00000000
v 20.35638741 32.15907084 -0.51763809
v 20.36037337 32.22710252 -0.00000000
v 20.35638741 32.15907084 0.51763809
v 20.34470117 31.95961205 1.00000000
v 20.32611103 31.64231893 1.41421356
v 20.30188390 31.22881449 1.73205081
v 20.27367080 30.74727837 1.93185165
v 20.59152093 30.20943243 2.00000000
v 20.55947568 29.69278720 1.93185165
v 20.52961426 29.21135049 1.73205081
v 20.50397167 28.79793141 1.41421356
v 20.48429543 28.48070380 1.00000000
v 20.47192642 28.28128618 0.51763809
v 20.46770758 28.21326855 0.00000000
v 20.47192642 28.28128618 -0.51763809
v 20.48429543 28.48070380 -1.00000000
v 20.50397167 28.79793141 -1.41421356
v 20.52961426 29.21135049 -1.73205081
v 20.55947568 29.69278720 -1.93185165
v 20.59152093 30.20943243 -2.00000000
v 20.62356619 30.72607766 -1.93185165
v 20.65342761 31.20751438 -1.73205081
v 20.67907020 31.62093345 -1.41421356
v 20.69874644 31.93816107 -1.00000000
v 20.71111545 32.13757868 -0.51763809
v 20.71533429 32.20559632 -0.00000000
v 20.71111545 32.13757868 0.51763809
v 20.69874644 31.93816107 1.00000000
v 20.67907020 31.62093345 1.41421356
v 20.65342761 31.20751438 1.73205081
v 20.62356619 30.72607766 1.93185165
v 20.93828981 30.18742513 2.00000000
v 20.90502849 29.67085677 1.93185165
v 20.87403387 29.18949168 1.73205081
v 20.84741819 28.77613411 1.41421356
v 20.82699526 28.45895369 1.00000000
v 20.81415686 28.25956575 0.51763809
v 20.80977793 28.19155823 0.00000000
v 20.81415686 28.25956575 -0.51763809
v 20.82699526 28.45895369 -1.00000000
v 20.84741819 28.77613411 -1.41421356
v 20.87403387 29.18949168 -1.73205081
v 20.90502849 29.67085677 -1.93185165
v 20.93828981 30.18742513 -2.00000000
v 20.97155114 30.70399350 -1.93185165
v 21.00254576 31.18535858 -1.73205081
v 21.02916144 31.59871615 -1.41421356
v 21.04958437 31.91589657 -1.00000000
v 21.06242276 32.11528452 -0.51763809
v 21.06680170 32.18329204 -0.00000000
v 21.06242276 32.11528452 0.51763809
v 21.04958437 31.91589657 1.00000000
v 21.02916144 31.59871615 1.41421356
v 21.00254576 31.18535858 1.73205081
v 20.97155114 30.70399350 1.93185165
v 21.28346635 30.16487876 2.00000000
v 21.24939583 29.64836313 1.93185165
v 21.21764716 29.16704719 1.73205081
v 21.19038397 28.75373182 1.41421356
v 21.16946418 28.43658379 1.00000000
v 21.15631345 28.23721620 0.51763809
v 21.15182798 28.16921562 0.00000000
v 21.15631345 28.23721620 -0.51763809
v 21.16946418 28.43658379 -1.00000000
v 21.19038397 28.75373182 -1.41421356
v 21.21764716 29.16704719 -1.73205081
v 21.24939583 29.64836313 -1.93185165
v 21.28346635 30.16487876 -2.00000000
v 21.31753687 30.68139438 -1.93185165
v 21.34928554 31.16271032 -1.73205081
v 21.37654874 31.57602569 -1.41421356
v 21.39746852 31.89317373 -1.00000000
v 21.41061925 32.09254132 -0.51763809
v 21.41510472 32.16054189 -0.00000000
v 21.41061925 32.09254132 0.51763809
v 21.39746852 31.89317373 1.00000000
v 21.37654874 31.57602569 1.41421356
v 21.34928554 31.16271032 1.73205081
v 21.31753687 30.68139438 1.93185165
v 21.62707373 30.14199142 2.00000000
v 21.59245741 29.62551208 1.93185165
v 21.56020014 29.14422996 1.73205081
v 21.53250019 28.73094363 1.41421356
v 21.51124527 28.41381788 1.00000000
v 21.49788387 28.21446430 0.51763809
v 21.49332655 28.14646850 0.00000000
v 21.49788387 28.21446430 -0.51763809
v 21.51124527 28.41381788 -1.00000000
v 21.53250019 28.73094363 -1.41421356
v 21.56020014 29.14422996 -1.73205081
v 21.59245741 29.62551208 -1.93185165
v 21.62707373 30.14199142 -2.00000000
v 21.66169005 30.65847075 -1.93185165
v 21.69394733 31.13975287 -1.73205081
v 21.72164728 31.55303920 -1.41421356
v 21.74290220 31.87016495 -1.00000000
v 21.75626360 32.06951853 -0.51763809
v 21.76082092 32.13751433 -0.00000000
v 21.75626360 32.06951853 0.51763809
v 21.74290220 31.87016495 1.00000000
v 21.72164728 31.55303920 1.41421356
v 21.69394733 31.13975287 1.73205081
v 21.66169005 30.65847075 1.93185165
v 21.96919765 30.11891856 2.00000000
v 21.93427360 29.60245994 1.93185165
v 21.90172956 29.12119712 1.73205081
v 21.87378337 28.70792737 1.41421356
v 21.85233950 28.39081434 1.00000000
v 21.83885932 28.19146876 0.51763809
v 21.83426148 28.12347569 0.00000000
v 21.83885932 28.19146876 -0.51763809
v 21.85233950 28.39081434 -1.00000000
v 21.87378337 28.70792737 -1.41421356
v 21.90172956 29.12119712 -1.73205081
v 21.93427360 29.60245994 -1.93185165
v 21.96919765 30.11891856 -2.00000000
v 22.00412170 30.63537717 -1.93185165
v 22.03666573 31.11663999 -1.73205081
v 22.06461193 31.52990974 -1.41421356
v 22.08605580 31.84702277 -1.00000000
v 22.09953598 32.04636835 -0.51763809
v 22.10413382 32.11436142 -0.00000000
v 22.09953598 32.04636835 0.51763809
v 22.08605580 31.84702277 1.00000000
v 22.06461193 31.52990974 1.41421356
v 22.03666573 31.11663999 1.73205081
v 22.00412170 30.63537717 1.93185165
v 22.30992378 30.09581562 2.00000000
v 22.27493324 29.57936150 1.93185165
v 22.24232725 29.09810288 1.73205081
v 22.21432785 28.68483673 1.41421356
v 22.19284316 28.36772646 1.00000000
v 22.17933731 28.16838261 0.51763809
v 22.17473072 28.10039014 0.00000000
v 22.17933731 28.16838261 -0.51763809
v 22.19284316 28.36772646 -1.00000000
v 22.21432785 28.68483673 -1.41421356
v 22.24232725 29.09810288 -1.73205081
v 22.27493324 29.57936150 -1.93185165
v 22.30992378 30.09581562 -2.00000000
v 22.34491432 30.61226973 -1.93185165
v 22.37752032 31.09352835 -1.73205081
v 22.40551972 31.50679450 -1.41421356
v 22.42700441 31.82390477 -1.00000000
v 22.44051026 32.02324862 -0.51763809
v 22.44511685 32.09124109 -0.00000000
v 22.44051026 32.02324862 0.51763809
v 22.42700441 31.82390477 1.00000000
v 22.40551972 31.50679450 1.41421356
v 22.37752032 31.09352835 1.73205081
v 22.34491432 30.61226973 1.93185165
v 22.64933782 30.07283804 2.00000000
v 22.61452496 29.55637192 1.93185165
v 22.58208454 29.07510211 1.73205081
v 22.55422732 28.66182635 1.41421356
v 22.53285172 28.34470871 1.00000000
v 22.51941446 28.14536023 0.51763809
v 22.51483126 28.07736617 0.00000000
v 22.51941446 28.14536023 -0.51763809
v 22.53285172 28.34470871 -1.00000000
v 22.55422732 28.66182635 -1.41421356
v 22.58208454 29.07510211 -1.73205081
v 22.61452496 29.55637192 -1.93185165
v 22.64933782 30.07283804 -2.00000000
v 22.68415068 30.58930416 -1.93185165
v 22.71659111 31.07057398 -1.73205081
v 22.74444833 31.48384973 -1.41421356
v 22.76582393 31.80096737 -1.00000000
v 22.77926119 32.00031586 -0.51763809
v 22.78384439 32.06830991 -0.00000000
v 22.77926119 32.00031586 0.51763809
v 22.76582393 31.80096737 1.00000000
v 22.74444833 31.48384973 1.41421356
v 22.71659111 31.07057398 1.73205081
v 22.68415068 30.58930416 1.93185165
v 22.98752546 30.05014127 2.00000000
v 22.95313711 29.53364671 1.93185165
v 22.92109228 29.05235039 1.73205081
v 22.89357476 28.63905188 1.41421356
v 22.87245982 28.32191678 1.00000000
v 22.85918641 28.12255732 0.51763809
v 22.85465910 28.05455952 0.00000000
v 22.85918641 28.12255732 -0.51763809
v 22.87245982 28.32191678 -1.00000000
v 22.89357476 28.63905188 -1.41421356
v 22.92109228 29.05235039 -1.73205081
v 22.95313711 29.53364671 -1.93185165
v 22.98752546 30.05014127 -2.00000000
v 23.02191380 30.56663583 -1.93185165
v 23.05395864 31.04793215 -1.73205081
v 23.08147616 31.46123066 -1.41421356
v 23.10259110 31.77836576 -1.00000000
v 23.11586450 31.97772522 -0.51763809
v 23.12039181 32.04572302 -0.00000000
v 23.11586450 31.97772522 0.51763809
v 23.10259110 31.77836576 1.00000000
v 23.08147616 31.46123066 1.41421356
v 23.05395864 31.04793215 1.73205081
v 23.02191380 30.56663583 1.93185165
v 23.32457237 30.02788075 2.00000000
v 23.29085778 29.51134177 1.93185165
v 23.25944079 29.03000406 1.73205081
v 23.23246241 28.61667001 1.41421356
v 23.21176116 28.29950763 1.00000000
v 23.19874782 28.10013103 0.51763809
v 23.19430921 28.03212738 0.00000000
v 23.19874782 28.10013103 -0.51763809
v 23.21176116 28.29950763 -1.00000000
v 23.23246241 28.61667001 -1.41421356
v 23.25944079 29.03000406 -1.73205081
v 23.29085778 29.51134177 -1.93185165
v 23.32457237 30.02788075 -2.00000000
v 23.35828696 30.54441973 -1.93185165
v 23.38970395 31.02575743 -1.73205081
v 23.41668233 31.43909149 -1.41421356
v 23.43738358 31.75625386 -1.00000000
v 23.45039692 31.95563047 -0.51763809
v 23.45483553 32.02363412 -0.00000000
v 23.45039692 31.95563047 0.51763809
v 23.43738358 31.75625386 1.00000000
v 23.41668233 31.43909149 1.41421356
v 23.38970395 31.02575743 1.73205081
v 23.35828696 30.54441973 1.93185165
v 23.66056425 30.00621191 2.00000000
v 23.62777478 29.48961338 1.93185165
v 23.59721985 29.00822019 1.73205081
v 23.57098175 28.59483848 1.41421356
v 23.55084854 28.27763954 1.00000000
v 23.53819228 28.07823995 0.51763809
v 23.53387546 28.01022846 0.00000000
v 23.53819228 28.07823995 -0.51763809
v 23.55084854 28.27763954 -1.00000000
v 23.57098175 28.59483848 -1.41421356
v 23.59721985 29.00822019 -1.73205081
v 23.62777478 29.48961338 -1.93185165
v 23.66056425 30.00621191 -2.00000000
v 23.69335372 30.52281045 -1.93185165
v 23.72390864 31.00420364 -1.73205081
v 23.75014675 31.41758535 -1.41421356
v 23.77027996 31.73478429 -1.00000000
v 23.78293622 31.93418388 -0.51763809
v 23.78725304 32.00219537 -0.00000000
v 23.78293622 31.93418388 0.51763809
v 23.77027996 31.73478429 1.00000000
v 23.75014675 31.41758535 1.41421356
v 23.72390864 31.00420364 1.73205081
v 23.69335372 30.52281045 1.93185165
v 23.99558678 29.98529021 2.00000000
v 23.96397560 29.46861824 1.93185165
v 23.93451868 28.98715661 1.73205081
v 23.90922344 28.57371614 1.41421356
v 23.88981372 28.25647210 1.00000000
v 23.87761227 28.05704417 0.51763809
v 23.87345058 27.98902301 0.00000000
v 23.87761227 28.05704417 -0.51763809
v 23.88981372 28.25647210 -1.00000000
v 23.90922344 28.57371614 -1.41421356
v 23.93451868 28.98715661 -1.73205081
v 23.96397560 29.46861824 -1.93185165
v 23.99558678 29.98529021 -2.00000000
v 24.02719796 30.50196218 -1.93185165
v 24.05665488 30.98342381 -1.73205081
v 24.08195012 31.39686429 -1.41421356
v 24.10135983 31.71410832 -1.00000000
v 24.11356129 31.91353626 -0.51763809
v 24.11772298 31.98155742 -0.00000000
v 24.11356129 31.91353626 0.51763809
v 24.10135983 31.71410832 1.00000000
v 24.08195012 31.39686429 1.41421356
v 24.05665488 30.98342381 1.73205081
v 24.02719796 30.50196218 1.93185165
v 24.32972565 29.96527109 2.00000000
v 24.29954745 29.44851344 1.93185165
v 24.27142585 28.96697197 1.73205081
v 24.24727728 28.55346293 1.41421356
v 24.22874743 28.23616629 1.00000000
v 24.21709908 28.03670528 0.51763809
v 24.21312605 27.96867285 0.00000000
v 24.21709908 28.03670528 -0.51763809
v 24.22874743 28.23616629 -1.00000000
v 24.24727728 28.55346293 -1.41421356
v 24.27142585 28.96697197 -1.73205081
v 24.29954745 29.44851344 -1.93185165
v 24.32972565 29.96527109 -2.00000000
v 24.35990385 30.48202874 -1.93185165
v 24.38802545 30.96357021 -1.73205081
v 24.41217402 31.37707924 -1.41421356
v 24.43070387 31.69437588 -1.00000000
v 24.44235222 31.89383689 -0.51763809
v 24.44632525 31.96186933 -0.00000000
v 24.44235222 31.89383689 0.51763809
v 24.43070387 31.69437588 1.00000000
v 24.41217402 31.37707924 1.41421356
v 24.38802545 30.96357021 1.73205081
v 24.35990385 30.48202874 1.93185165
v 24.66306655 29.94630997 2.00000000
v 24.63457717 29.42945647 1.93185165
v 24.60802930 28.94782567 1.73205081
v 24.58523213 28.53423993 1.41421356
v 24.56773925 28.21688443 1.00000000
v 24.55674276 28.01738642 0.51763809
v 24.55299206 27.94934137 0.00000000
v 24.55674276 28.01738642 -0.51763809
v 24.56773925 28.21688443 -1.00000000
v 24.58523213 28.53423993 -1.41421356
v 24.60802930 28.94782567 -1.73205081
v 24.63457717 29.42945647 -1.93185165
v 24.66306655 29.94630997 -2.00000000
v 24.69155592 30.46316348 -1.93185165
v 24.71810379 30.94479428 -1.73205081
v 24.74090096 31.35838002 -1.41421356
v 24.75839385 31.67573552 -1.00000000
v 24.76939034 31.87523352 -0.51763809
v 24.77314103 31.94327858 -0.00000000
v 24.76939034 31.87523352 0.51763809
v 24.75839385 31.67573552 1.00000000
v 24.74090096 31.35838002 1.41421356
v 24.71810379 30.94479428 1.73205081
v 24.69155592 30.46316348 1.93185165
v 24.99569516 29.92856232 2.00000000
v 24.96915126 29.41160525 1.93185165
v 24.94441629 28.92987795 1.73205081
v 24.92317588 28.51620934 1.41421356
v 24.90687754 28.19879025 1.00000000
v 24.89663198 27.99925226 0.51763809
v 24.89313741 27.93119357 0.00000000
v 24.89663198 27.99925226 -0.51763809
v 24.90687754 28.19879025 -1.00000000
v 24.92317588 28.51620934 -1.41421356
v 24.94441629 28.92987795 -1.73205081
v 24.96915126 29.41160525 -1.93185165
v 24.99569516 29.92856232 -2.00000000
v 25.02223906 30.44551939 -1.93185165
v 25.04697403 30.92724669 -1.73205081
v 25.06821444 31.34091531 -1.41421356
v 25.08451277 31.65833440 -1.00000000
v 25.09475833 31.85787238 -0.51763809
v 25.09825290 31.92593107 -0.00000000
v 25.09475833 31.85787238 0.51763809
v 25.08451277 31.65833440 1.00000000
v 25.06821444 31.34091531 1.41421356
v 25.04697403 30.92724669 1.73205081
v 25.02223906 30.44551939 1.93185165
v 25.32769717 29.91218357 2.00000000
v 25.30335581 29.39511811 1.93185165
v 25.28067328 28.91328980 1.73205081
v 25.26119535 28.49953446 1.41421356
v 25.24624941 28.18204881 1.00000000
v 25.23685400 27.98246900 0.51763809
v 25.23364940 27.91439604 0.00000000
v 25.23685400 27.98246900 -0.51763809
v 25.24624941 28.18204881 -1.00000000
v 25.26119535 28.49953446 -1.41421356
v 25.28067328 28.91328980 -1.73205081
v 25.30335581 29.39511811 -1.93185165
v 25.32769717 29.91218357 -2.00000000
v 25.35203852 30.42924903 -1.93185165
v 25.37472105 30.91107733 -1.73205081
v 25.39419899 31.32483268 -1.41421356
v 25.40914493 31.64231832 -1.00000000
v 25.41854034 31.84189814 -0.51763809
v 25.42174494 31.90997110 -0.00000000
v 25.41854034 31.84189814 0.51763809
v 25.40914493 31.64231832 1.00000000
v 25.39419899 31.32483268 1.41421356
v 25.37472105 30.91107733 1.73205081
v 25.35203852 30.42924903 1.93185165
v 25.65915827 29.89732916 2.00000000
v 25.63727653 29.38015377 1.93185165
v 25.61688599 28.89822303 1.73205081
v 25.59937625 28.48437972 1.41421356
v 25.58594054 28.16682658 1.00000000
v 25.57749451 27.96720433 0.51763809
v 25.57461372 27.89911690 0.00000000
v 25.57749451 27.96720433 -0.51763809
v 25.58594054 28.16682658 -1.00000000
v 25.59937625 28.48437972 -1.41421356
v 25.61688599 28.89822303 -1.73205081
v 25.63727653 29.38015377 -1.93185165
v 25.65915827 29.89732916 -2.00000000
v 25.68104000 30.41450454 -1.93185165
v 25.70143054 30.89643528 -1.73205081
v 25.71894029 31.31027859 -1.41421356
v 25.73237599 31.62783173 -1.00000000
v 25.74082202 31.82745398 -0.51763809
v 25.74370281 31.89554141 -0.00000000
v 25.74082202 31.82745398 0.51763809
v 25.73237599 31.62783173 1.00000000
v 25.71894029 31.31027859 1.41421356
v 25.70143054 30.89643528 1.73205081
v 25.68104000 30.41450454 1.93185165
v 25.99016414 29.88415453 2.00000000
v 25.97099865 29.36687136 1.93185165
v 25.95313926 28.88484019 1.73205081
v 25.93780306 28.47091063 1.41421356
v 25.92603517 28.15329131 1.00000000
v 25.91863757 27.95362746 0.51763809
v 25.91611439 27.88552584 0.00000000
v 25.91863757 27.95362746 -0.51763809
v 25.92603517 28.15329131 -1.00000000
v 25.93780306 28.47091063 -1.41421356
v 25.95313926 28.88484019 -1.73205081
v 25.97099865 29.36687136 -1.93185165
v 25.99016414 29.88415453 -2.00000000
v 26.00932962 30.40143770 -1.93185165
v 26.02718901 30.88346887 -1.73205081
v 26.04252521 31.29739843 -1.41421356
v 26.05429310 31.61501775 -1.00000000
v 26.06169070 31.81468160 -0.51763809
v 26.06421388 31.88278322 -0.00000000
v 26.06169070 31.81468160 0.51763809
v 26.05429310 31.61501775 1.00000000
v 26.04252521 31.29739843 1.41421356
v 26.02718901 30.88346887 1.73205081
v 26.00932962 30.40143770 1.93185165
v 26.32080047 29.87281513 2.00000000
v 26.30460696 29.35543040 1.93185165
v 26.28951702 28.87330458 1.73205081
v 26.27655899 28.45929375 1.41421356
v 26.26661595 28.14161207 1.00000000
v 26.26036549 27.94190901 0.51763809
v 26.25823358 27.87379402 0.00000000
v 26.26036549 27.94190901 -0.51763809
v 26.26661595 28.14161207 -1.00000000
v 26.27655899 28.45929375 -1.41421356
v 26.28951702 28.87330458 -1.73205081
v 26.30460696 29.35543040 -1.93185165
v 26.32080047 29.87281513 -2.00000000
v 26.33699397 30.39019986 -1.93185165
v 26.35208391 30.87232568 -1.73205081
v 26.36504194 31.28633651 -1.41421356
v 26.37498498 31.60401819 -1.00000000
v 26.38123544 31.80372124 -0.51763809
v 26.38336736 31.87183624 -0.00000000
v 26.38123544 31.80372124 0.51763809
v 26.37498498 31.60401819 1.00000000
v 26.36504194 31.28633651 1.41421356
v 26.35208391 30.87232568 1.73205081
v 26.33699397 30.39019986 1.93185165
v 26.65115294 29.86346640 2.00000000
v 26.63818575 29.34599075 1.93185165
v 26.62610224 28.86378021 1.73205081
v 26.61572590 28.44969664 1.41421356
v 26.60776385 28.13195914 1.00000000
v 26.60275870 27.93222099 0.51763809
v 26.60105154 27.86409403 0.00000000
v 26.60275870 27.93222099 -0.51763809
v 26.60776385 28.13195914 -1.00000000
v 26.61572590 28.44969664 -1.41421356
v 26.62610224 28.86378021 -1.73205081
v 26.63818575 29.34599075 -1.93185165
v 26.65115294 29.86346640 -2.00000000
v 26.66412014 30.38094204 -1.93185165
v 26.67620365 30.86315258 -1.73205081
v 26.68657999 31.27723615 -1.41421356
v 26.69454203 31.59497366 -1.00000000
v 26.69954719 31.79471180 -0.51763809
v 26.70125435 31.86283876 -0.00000000
v 26.69954719 31.79471180 0.51763809
v 26.69454203 31.59497366 1.00000000
v 26.68657999 31.27723615 1.41421356
v 26.67620365 30.86315258 1.73205081
v 26.66412014 30.38094204 1.93185165
v 26.98130725 29.85626378 2.00000000
v 26.97181874 29.33871266 1.93185165
v 26.96297686 28.85643179 1.73205081
v 26.95538416 28.44228782 1.41421356
v 26.94955808 28.12450398 1.00000000
v 26.94589565 27.92473670 0.51763809
v 26.94464646 27.85659981 0.00000000
v 26.94589565 27.92473670 -0.51763809
v 26.94955808 28.12450398 -1.00000000
v 26.95538416 28.44228782 -1.41421356
v 26.96297686 28.85643179 -1.73205081
v 26.97181874 29.33871266 -1.93185165
v 26.98130725 29.85626378 -2.00000000
v 26.99079577 30.37381489 -1.93185165
v 26.99963765 30.85609576 -1.73205081
v 27.00723035 31.27023973 -1.41421356
v 27.01305643 31.58802357 -1.00000000
v 27.01671886 31.78779085 -0.51763809
v 27.01796805 31.85592774 -0.00000000
v 27.01671886 31.78779085 0.51763809
v 27.01305643 31.58802357 1.00000000
v 27.00723035 31.27023973 1.41421356
v 26.99963765 30.85609576 1.73205081
v 26.99079577 30.37381489 1.93185165
v 27.31134909 29.85136271 2.00000000
v 27.30558914 29.33375666 1.93185165
v 27.30022173 28.85142462 1.73205081
v 27.29561263 28.43723670 1.41421356
v 27.29207594 28.11941913 1.00000000
v 27.28985268 27.91963066 0.51763809
v 27.28909437 27.85148653 0.00000000
v 27.28985268 27.91963066 -0.51763809
v 27.29207594 28.11941913 -1.00000000
v 27.29561263 28.43723670 -1.41421356
v 27.30022173 28.85142462 -1.73205081
v 27.30558914 29.33375666 -1.93185165
v 27.31134909 29.85136271 -2.00000000
v 27.31710903 30.36896875 -1.93185165
v 27.32247644 30.85130080 -1.73205081
v 27.32708555 31.26548871 -1.41421356
v 27.33062223 31.58330628 -1.00000000
v 27.33284549 31.78309476 -0.51763809
v 27.33360380 31.85123888 -0.00000000
v 27.33284549 31.78309476 0.51763809
v 27.33062223 31.58330628 1.00000000
v 27.32708555 31.26548871 1.41421356
v 27.32247644 30.85130080 1.73205081
v 27.31710903 30.36896875 1.93185165
v 27.64136412 29.84891863 2.00000000
v 27.63957953 29.33128362 1.93185165
v 27.63791656 28.84892457 1.73205081
v 27.63648853 28.43471347 1.41421356
v 27.63539277 28.11687812 1.00000000
v 27.63470394 27.91707846 0.51763809
v 27.63446900 27.84893052 0.00000000
v 27.63470394 27.91707846 -0.51763809
v 27.63539277 28.11687812 -1.00000000
v 27.63648853 28.43471347 -1.41421356
v 27.63791656 28.84892457 -1.73205081
v 27.63957953 29.33128362 -1.93185165
v 27.64136412 29.84891863 -2.00000000
v 27.64314871 30.36655365 -1.93185165
v 27.64481169 30.84891269 -1.73205081
v 27.64623971 31.26312379 -1.41421356
v 27.64733548 31.58095915 -1.00000000
v 27.64802430 31.78075880 -0.51763809
v 27.64825925 31.84890675 -0.00000000
v 27.64802430 31.78075880 0.51763809
v 27.64733548 31.58095915 1.00000000
v 27.64623971 31.26312379 1.41421356
v 27.64481169 30.84891269 1.73205081
v 27.64314871 30.36655365 1.93185165
v 27.97143806 29.84908699 2.00000000
v 27.97387189 29.33145463 1.93185165
v 27.97613987 28.84909805 1.73205081
v 27.97808742 28.43488906 1.41421356
v 27.97958183 28.11705533 1.00000000
v 27.98052126 27.91725670 0.51763809
v 27.98084168 27.84910910 0.00000000
v 27.98052126 27.91725670 -0.51763809
v 27.97958183 28.11705533 -1.00000000
v 27.97808742 28.43488906 -1.41421356
v 27.97613987 28.84909805 -1.73205081
v 27.97387189 29.33145463 -1.93185165
v 27.97143806 29.84908699 -2.00000000
v 27.96900422 30.36671936 -1.93185165
v 27.96673625 30.84907594 -1.73205081
v 27.96478869 31.26328492 -1.41421356
v 27.96329428 31.58111866 -1.00000000
v 27.96235486 31.78091729 -0.51763809
v 27.96203444 31.84906489 -0.00000000
v 27.96235486 31.78091729 0.51763809
v 27.96329428 31.58111866 1.00000000
v 27.96478869 31.26328492 1.41421356
v 27.96673625 30.84907594 1.73205081
v 27.96900422 30.36671936 1.93185165
v 28.30165657 29.85202324 2.00000000
v 28.30854754 29.33443102 1.93185165
v 28.31496890 28.85211185 1.73205081
v 28.32048305 28.43793499 1.41421356
v 28.32471421 28.12012591 1.00000000
v 28.32737402 27.92034277 0.51763809
v 28.32828124 27.85220046 0.00000000
v 28.32737402 27.92034277 -0.51763809
v 28.32471421 28.12012591 -1.00000000
v 28.32048305 28.43793499 -1.41421356
v 28.31496890 28.85211185 -1.73205081
v 28.30854754 29.33443102 -1.93185165
v 28.30165657 29.85202324 -2.00000000
v 28.29476560 30.36961546 -1.93185165
v 28.28834423 30.85193462 -1.73205081
v 28.28283008 31.26611148 -1.41421356
v 28.27859893 31.58392056 -1.00000000
v 28.27593911 31.78370370 -0.51763809
v 28.27503190 31.85184601 -0.00000000
v 28.27593911 31.78370370 0.51763809
v 28.27859893 31.58392056 1.00000000
v 28.28283008 31.26611148 1.41421356
v 28.28834423 30.85193462 1.73205081
v 28.29476560 30.36961546 1.93185165
v 28.63210535 29.85788280 2.00000000
v 28.64368713 29.34037429 1.93185165
v 28.65447964 28.85813313 1.73205081
v 28.66374737 28.44402326 1.41421356
v 28.67085876 28.12626558 1.00000000
v 28.67532916 27.92651476 0.51763809
v 28.67685393 27.85838347 0.00000000
v 28.67532916 27.92651476 -0.51763809
v 28.67085876 28.12626558 -1.00000000
v 28.66374737 28.44402326 -1.41421356
v 28.65447964 28.85813313 -1.73205081
v 28.64368713 29.34037429 -1.93185165
v 28.63210535 29.85788280 -2.00000000
v 28.62052356 30.37539130 -1.93185165
v 28.60973106 30.85763246 -1.73205081
v 28.60046332 31.27174233 -1.41421356
v 28.59335194 31.58950001 -1.00000000
v 28.58888154 31.78925084 -0.51763809
v 28.58735677 31.85738213 -0.00000000
v 28.58888154 31.78925084 0.51763809
v 28.59335194 31.58950001 1.00000000
v 28.60046332 31.27174233 1.41421356
v 28.60973106 30.85763246 1.73205081
v 28.62052356 30.37539130 1.93185165
v 28.96287008 29.86682112 2.00000000
v 28.97937064 29.34944609 1.93185165
v 28.99474670 28.86732931 1.73205081
v 29.00795043 28.45332625 1.41421356
v 29.01808201 28.13565052 1.00000000
v 29.02445099 27.93595122 0.51763809
v 29.02662333 27.86783750 0.00000000
v 29.02445099 27.93595122 -0.51763809
v 29.01808201 28.13565052 -1.00000000
v 29.00795043 28.45332625 -1.41421356
v 28.99474670 28.86732931 -1.73205081
v 28.97937064 29.34944609 -1.93185165
v 28.96287008 29.86682112 -2.00000000
v 28.94636953 30.38419616 -1.93185165
v 28.93099346 30.86631293 -1.73205081
v 28.91778973 31.28031600 -1.41421356
v 28.90765816 31.59799172 -1.00000000
v 28.90128918 31.79769103 -0.51763809
v 28.89911684 31.86580475 -0.00000000
v 28.90128918 31.79769103 0.51763809
v 28.90765816 31.59799172 1.00000000
v 28.91778973 31.28031600 1.41421356
v 28.93099346 30.86631293 1.73205081
v 28.94636953 30.38419616 1.93185165
v 29.29403646 29.87899365 2.00000000
v 29.31567731 29.36180813 1.93185165
v 29.33584337 28.87986794 1.73205081
v 29.35316036 28.46601653 1.41421356
v 29.36644815 28.14845716 1.00000000
v 29.37480121 27.94883100 0.51763809
v 29.37765028 27.88074224 0.00000000
v 29.37480121 27.94883100 -0.51763809
v 29.36644815 28.14845716 -1.00000000
v 29.35316036 28.46601653 -1.41421356
v 29.33584337 28.87986794 -1.73205081
v 29.31567731 29.36180813 -1.93185165
v 29.29403646 29.87899365 -2.00000000
v 29.27239561 30.39617918 -1.93185165
v 29.25222955 30.87811936 -1.73205081
v 29.23491256 31.29197078 -1.41421356
v 29.22162477 31.60953014 -1.00000000
v 29.21327171 31.80915631 -0.51763809
v 29.21042264 31.87724507 -0.00000000
v 29.21327171 31.80915631 0.51763809
v 29.22162477 31.60953014 1.00000000
v 29.23491256 31.29197078 1.41421356
v 29.25222955 30.87811936 1.73205081
v 29.27239561 30.39617918 1.93185165
v 29.62569016 29.89455583 2.00000000
v 29.65268569 29.37762215 1.93185165
v 29.67784152 28.89591664 1.73205081
v 29.69944332 28.48226674 1.41421356
v 29.71601896 28.16486201 1.00000000
v 29.72643885 27.96533306 0.51763809
v 29.72999288 27.89727745 0.00000000
v 29.72643885 27.96533306 -0.51763809
v 29.71601896 28.16486201 -1.00000000
v 29.69944332 28.48226674 -1.41421356
v 29.67784152 28.89591664 -1.73205081
v 29.65268569 29.37762215 -1.93185165
v 29.62569016 29.89455583 -2.00000000
v 29.59869463 30.41148952 -1.93185165
v 29.57353880 30.89319502 -1.73205081
v 29.55193700 31.30684492 -1.41421356
v 29.53536136 31.62424965 -1.00000000
v 29.52494147 31.82377860 -0.51763809
v 29.52138744 31.89183422 -0.00000000
v 29.52494147 31.82377860 0.51763809
v 29.53536136 31.62424965 1.00000000
v 29.55193700 31.30684492 1.41421356
v 29.57353880 30.89319502 1.73205081
v 29.59869463 30.41148952 1.93185165
v 29.95791688 29.91366310 2.00000000
v 29.99047361 29.39704985 1.93185165
v 30.02081166 28.91564293 1.73205081
v 30.04686353 28.50224945 1.41421356
v 30.06685383 28.18504147 1.00000000
v 30.07942026 27.98563620 0.51763809
v 30.08370643 27.91762277 0.00000000
v 30.07942026 27.98563620 -0.51763809
v 30.06685383 28.18504147 -1.00000000
v 30.04686353 28.50224945 -1.41421356
v 30.02081166 28.91564293 -1.73205081
v 29.99047361 29.39704985 -1.93185165
v 29.95791688 29.91366310 -2.00000000
v 29.92536015 30.43027635 -1.93185165
v 29.89502210 30.91168326 -1.73205081
v 29.86897023 31.32507675 -1.41421356
v 29.84897993 31.64228473 -1.00000000
v 29.83641350 31.84169000 -0.51763809
v 29.83212732 31.90970343 -0.00000000
v 29.83641350 31.84169000 0.51763809
v 29.84897993 31.64228473 1.00000000
v 29.86897023 31.32507675 1.41421356
v 29.89502210 30.91168326 1.73205081
v 29.92536015 30.43027635 1.93185165
v 30.29080230 29.93647090 2.00000000
v 30.32911818 29.42025284 1.93185165
v 30.36482289 28.93921418 1.73205081
v 30.39548323 28.52613693 1.41421356
v 30.41900973 28.20917160 1.00000000
v 30.43379911 28.00991887 0.51763809
v 30.43884349 27.94195747 0.00000000
v 30.43379911 28.00991887 -0.51763809
v 30.41900973 28.20917160 -1.00000000
v 30.39548323 28.52613693 -1.41421356
v 30.36482289 28.93921418 -1.73205081
v 30.32911818 29.42025284 -1.93185165
v 30.29080230 29.93647090 -2.00000000
v 30.25248642 30.45268896 -1.93185165
v 30.21678170 30.93372761 -1.73205081
v 30.18612136 31.34680486 -1.41421356
v 30.16259486 31.66377019 -1.00000000
v 30.14780548 31.86302292 -0.51763809
v 30.14276110 31.93098432 -0.00000000
v 30.14780548 31.86302292 0.51763809
v 30.16259486 31.66377019 1.00000000
v 30.18612136 31.34680486 1.41421356
v 30.21678170 30.93372761 1.73205081
v 30.25248642 30.45268896 1.93185165
v 30.62443210 29.96313467 2.00000000
v 30.66869579 29.44739256 1.93185165
v 30.70994299 28.96679743 1.73205081
v 30.74536276 28.55410104 1.41421356
v 30.77254130 28.23742795 1.00000000
v 30.78962645 28.03835893 0.51763809
v 30.79545387 27.97046019 0.00000000
v 30.78962645 28.03835893 -0.51763809
v 30.77254130 28.23742795 -1.00000000
v 30.74536276 28.55410104 -1.41421356
v 30.70994299 28.96679743 -1.73205081
v 30.66869579 29.44739256 -1.93185165
v 30.62443210 29.96313467 -2.00000000
v 30.58016841 30.47887677 -1.93185165
v 30.53892122 30.95947190 -1.73205081
v 30.50350145 31.37216830 -1.41421356
v 30.47632291 31.68884138 -1.00000000
v 30.45923776 31.88791040 -0.51763809
v 30.45341034 31.95580914 -0.00000000
v 30.45923776 31.88791040 0.51763809
v 30.47632291 31.68884138 1.00000000
v 30.50350145 31.37216830 1.41421356
v 30.53892122 30.95947190 1.73205081
v 30.58016841 30.47887677 1.93185165
v 30.95889198 29.99380985 2.00000000
v 31.00928218 29.47863025 1.93185165
v 31.05623836 28.99855929 1.73205081
v 31.09656055 28.58631301 1.41421356
v 31.12750086 28.26998531 1.00000000
v 31.14695075 28.07113341 0.51763809
v 31.15358474 28.00330873 0.00000000
v 31.14695075 28.07113341 -0.51763809
v 31.12750086 28.26998531 -1.00000000
v 31.09656055 28.58631301 -1.41421356
v 31.05623836 28.99855929 -1.73205081
v 31.00928218 29.47863025 -1.93185165
v 30.95889198 29.99380985 -2.00000000
v 30.90850179 30.50898946 -1.93185165
v 30.86154561 30.98906042 -1.73205081
v 30.82122342 31.40130670 -1.41421356
v 30.79028311 31.71763440 -1.00000000
v 30.77083322 31.91648630 -0.51763809
v 30.76419923 31.98431098 -0.00000000
v 30.77083322 31.91648630 0.51763809
v 30.79028311 31.71763440 1.00000000
v 30.82122342 31.40130670 1.41421356
v 30.86154561 30.98906042 1.73205081
v 30.90850179 30.50898946 1.93185165
v 31.29426763 30.02865190 2.00000000
v 31.35095239 29.51412685 1.93185165
v 31.40377417 29.03466582 1.73205081
v 31.44913327 28.62294331 1.41421356
v 31.48393852 28.30701752 1.00000000
v 31.50581802 28.10841826 0.51763809
v 31.51328071 28.04067975 0.00000000
v 31.50581802 28.10841826 -0.51763809
v 31.48393852 28.30701752 -1.00000000
v 31.44913327 28.62294331 -1.41421356
v 31.40377417 29.03466582 -1.73205081
v 31.35095239 29.51412685 -1.93185165
v 31.29426763 30.02865190 -2.00000000
v 31.23758287 30.54317695 -1.93185165
v 31.18476108 31.02263797 -1.73205081
v 31.13940199 31.43436049 -1.41421356
v 31.10459673 31.75028628 -1.00000000
v 31.08271723 31.94888554 -0.51763809
v 31.07525454 32.01662405 -0.00000000
v 31.08271723 31.94888554 0.51763809
v 31.10459673 31.75028628 1.00000000
v 31.13940199 31.43436049 1.41421356
v 31.18476108 31.02263797 1.73205081
v 31.23758287 30.54317695 1.93185165
v 31.63064472 30.06781624 2.00000000
v 31.69378085 29.55404293 1.93185165
v 31.75261436 29.07528241 1.73205081
v 31.80313584 28.66416144 1.41421356
v 31.84190233 28.34869722 1.00000000
v 31.86627197 28.15038812 0.51763809
v 31.87458400 28.08274858 0.00000000
v 31.86627197 28.15038812 -0.51763809
v 31.84190233 28.34869722 -1.00000000
v 31.80313584 28.66416144 -1.41421356
v 31.75261436 29.07528241 -1.73205081
v 31.69378085 29.55404293 -1.93185165
v 31.63064472 30.06781624 -2.00000000
v 31.56750858 30.58158956 -1.93185165
v 31.50867508 31.06035008 -1.73205081
v 31.45815360 31.47147105 -1.41421356
v 31.41938710 31.78693527 -1.00000000
v 31.39501746 31.98524437 -0.51763809
v 31.38670543 32.05288391 -0.00000000
v 31.39501746 31.98524437 0.51763809
v 31.41938710 31.78693527 1.00000000
v 31.45815360 31.47147105 1.41421356
v 31.50867508 31.06035008 1.73205081
v 31.56750858 30.58158956 1.93185165
v 31.96810894 30.11145833 2.00000000
v 32.03449889 29.59809533 1.93185165
v 32.09636447 29.11971717 1.73205081
v 32.14948965 28.70892454 1.41421356
v 32.19025404 28.39371226 1.00000000
v 32.21587960 28.19556154 0.51763809
v 32.22462000 28.12797602 0.00000000
v 32.21587960 28.19556154 -0.51763809
v 32.19025404 28.39371226 -1.00000000
v 32.14948965 28.70892454 -1.41421356
v 32.09636447 29.11971717 -1.73205081
v 32.03449889 29.59809533 -1.93185165
v 31.96810894 30.11145833 -2.00000000
v 31.90171900 30.62482133 -1.93185165
v 31.83985341 31.10319949 -1.73205081
v 31.78672823 31.51399212 -1.41421356
v 31.74596385 31.82920440 -1.00000000
v 31.72033829 32.02735512 -0.51763809
v 31.71159788 32.09494064 -0.00000000
v 31.72033829 32.02735512 0.51763809
v 31.74596385 31.82920440 1.00000000
v 31.78672823 31.51399212 1.41421356
v 31.83985341 31.10319949 1.73205081
v 31.90171900 30.62482133 1.93185165
f 1 25 26
f 1 26 2
f 2 26 27
f 2 27 3
f 3 27 28
f 3 28 4
f 4 28 29
f 4 29 5
f 5 29 30
f 5 30 6
f 6 30 31
f 6 31 7
f 7 31 32
f 7 32 8
f 8 32 33
f 8 33 9
f 9 33 34
f 9 34 10
f 10 34 35
f 10 35 11
f 11 35 36
f 11 36 12
f 12 36 37
f 12 37 13
f 13 37 38
f 13 38 14
f 14 38 39
f 14 39 15
f 15 39 40
f 15 40 16
f 16 40 41
f 16 41 17
f 17 41 42
f 17 42 18
f 18 42 43
f 18 43 19
f 19 43 44
f 19 44 20
f 20 44 45
f 20 45 21
f 21 45 46
f 21 46 22
f 22 46 47
f 22 47 23
f 23 47 48
f 23 48 24
f 24 48 25
f 24 25 1
f 25 49 50
f 25 50 26
f 26 50 51
f 26 51 27
f 27 51 52
f 27 52 28
f 28 52 53
f 28 53 29
f 29 53 54
f 29 54 30
f 30 54 55
f 30 55 31
f 31 55 56
f 31 56 32
f 32 56 57
f 32 57 33
f 33 57 58
f 33 58 34
f 34 58 59
f 34 59 35
f 35 59 60
f 35 60 36
f 36 60 61
f 36 61 37
f 37 61 62
f 37 62 38
f 38 62 63
f 38 63 39
f 39 63 64
f 39 64 40
f 40 64 65
f 40 65 41
f 41 65 66
f 41 66 42
f 42 66 67
f 42 67 43
f 43 67 68
f 43 68 44
f 44 68 69
f 44 69 45
f 45 69 70
f 45 70 46
f 46 70 71
f 46 71 47
f 47 71 72
f 47 72 48
f 48 72 49
f 48 49 25
f 49 73 74
f 49 74 50
f 50 74 75
f 50 75 51
f 51 75 76
f 51 76 52
f 52 76 77
f 52 77 53
f 53 77 78
f 53 78 54
f 54 78 79
f 54 79 55
f 55 79 80
f 55 80 56
f 56 80 81
f 56 81 57
f 57 81 82
f 57 82 58
f 58 82 83
f 58 83 59
f 59 83 84
f 59 84 60
f 60 84 85
f 60 85 61
f 61 85 86
f 61 86 62
f 62 86 87
f 62 87 63
f 63 87 88
f 63 88 64
f 64 88 89
f 64 89 65
f 65 89 90
f 65 90 66
f 66 90 91
f 66 91 67
f 67 91 92
f 67 92 68
f 68 92 93
f 68 93 69
f 69 93 94
f 69 94 70
f 70 94 95
f 70 95 71
f 71 95 96
f 71 96 72
f 72 96 73
f 72 73 49
f 73 97 98
f 73 98 74
f 74 98 99
f 74 99 75
f 75 99 100
f 75 100 76
f 76 100 101
f 76 101 77
f 77 101 102
f 77 102 78
f 78 102 103
f 78 103 79
f 79 103 104
f 79 104 80
f 80 104 105
f 80 105 81
f 81 105 106
f 81 106 82
f 82 106 107
f 82 107 83
f 83 107 108
f 83 108 84
f 84 108 109
f 84 109 85
f 85 109 110
f 85 110 86
f 86 110 111
f 86 111 87
f 87 111 112
f 87 112 88
f 88 112 113
f 88 113 89
f 89 113 114
f 89 114 90
f 90 114 115
f 90 115 91
f 91 115 116
f 91 116 92
f 92 116 117
f 92 117 93
f 93 117 118
f 93 118 94
f 94 118 119
f 94 119 95
f 95 119 120
f 95 120 96
f 96 120 97
f 96 97 73
f 97 121 122
f 97 122 98
f 98 122 123
f 98 123 99
f 99 123 124
f 99 124 100
f 100 124 125
f 100 125 101
f 101 125 126
f 101 126 102
f 102 126 127
f 102 127 103
f 103 127 128
f 103 128 104
f 104 128 129
f 104 129 105
f 105 129 130
f 105 130 106
f 106 130 131
f 106 131 107
f 107 131 132
f 107 132 108
f 108 132 133
f 108 133 109
f 109 133 134
f 109 134 110
f 110 134 135
f 110 135 111
f 111 135 136
f 111 136 112
f 112 136 137
f 112 137 113
f 113 137 138
f 113 138 114
f 114 138 139
f 114 139 115
f 115 139 140
f 115 140 116
f 116 140 141
f 116 141 117
f 117 141 142
f 117 142 118
f 118 142 143
f 118 143 119
f 119 143 144
f 119 144 120
f 120 144 121
f 120 121 97
f 121 145 146
f 121 146 122
f 122 146 147
f 122 147 123
f 123 147 148
f 123 148 124
f 124 148 149
f 124 149 125
f 125 149 150
f 125 150 126
f 126 150 151
f 126 151 127
f 127 151 152
f 127 152 128
f 128 152 153
f 128 153 129
f 129 153 154
f 129 154 130
f 130 154 155
f 130 155 131
f 131 155 156
f 131 156 132
f 132 156 157
f 132 157 133
f 133 157 158
f 133 158 134
f 134 158 159
f 134 159 135
f 135 159 160
f 135 160 136
f 136 160 161
f 136 161 137
f 137 161 162
f 137 162 138
f 138 162 163
f 138 163 139
f 139 163 164
f 139 164 140
f 140 164 165
f 140 165 141
f 141 165 166
f 141 166 142
f 142 166 167
f 142 167 143
f 143 167 168
f 143 168 144
f 144 168 145
f 144 145 121
f 145 169 170
f 145 170 146
f 146 170 171
f 146 171 147
f 147 171 172
f 147 172 148
f 148 172 173
f 148 173 149
f 149 173 174
f 149 174 150
f 150 174 175
f 150 175 151
f 151 175 176
f 151 176 152
f 152 176 177
f 152 177 153
f 153 177 178
f 153 178 154
f 154 178 179
f 154 179 155
f 155 179 180
f 155 180 156
f 156 180 181
f 156 181 157
f 157 181 182
f 157 182 158
f 158 182 183
f 158 183 159
f 159 183 184
f 159 184 160
f 160 184 185
f 160 185 161
f 161 185 186
f 161 186 162
f 162 186 187
f 162 187 163
f 163 187 188
f 163 188 164
f 164 188 189
f 164 189 165
f 165 189 190
f 165 190 166
f 166 190 191
f 166 191 167
f 167 191 192
f 167 192 168
f 168 192 169
f 168 169 145
f 169 193 194
f 169 194 170
f 170 194 195
f 170 195 171
f 171 195 196
f 171 196 172
f 172 196 197
f 172 197 173
f 173 197 198
f 173 198 174
f 174 198 199
f 174 199 175
f 175 199 200
f 175 200 176
f 176 200 201
f 176 201 177
f 177 201 202
f 177 202 178
f 178 202 203
f 178 203 179
f 179 203 204
f 179 204 180
f 180 204 205
f 180 205 181
f 181 205 206
f 181 206 182
f 182 206 207
f 182 207 183
f 183 207 208
f 183 208 184
f 184 208 209
f 184 209 185
f 185 209 210
f 185 210 186
f 186 210 211
f 186 211 187
f 187 211 212
f 187 212 188
f 188 212 213
f 188 213 189
f 189 213 214
f 189 214 190
f 190 214 215
f 190 215 191
f 191 215 216
f 191 216 192
f 192 216 193
f 192 193 169
f 193 217 218
f 193 218 194
f 194 218 219
f 194 219 195
f 195 219 220
f 195 220 196
f 196 220 221
f 196 221 197
f 197 221 222
f 197 222 198
f 198 222 223
f 198 223 199
f 199 223 224
f 199 224 200
f 200 224 225
f 200 225 201
f 201 225 226
f 201 226 202
f 202 226 227
f 202 227 203
f 203 227 228
f 203 228 204
f 204 228 229
f 204 229 205
f 205 229 230
f 205 230 206
f 206 230 231
f 206 231 207
f 207 231 232
f 207 232 208
f 208 232 233
f 208 233 209
f 209 233 234
f 209 234 210
f 210 234 235
f 210 235 211
f 211 235 236
f 211 236 212
f 212 236 237
f 212 237 213
f 213 237 238
f 213 238 214
f 214 238 239
f 214 239 215
f 215 239 240
f 215 240 216
f 216 240 217
f 216 217 193
f 217 241 242
f 217 242 218
f 218 242 243
f 218 243 219
f 219 243 244
f 219 244 220
f 220 244 245
f 220 245 221
f 221 245 246
f 221 246 222
f 222 246 247
f 222 247 223
f 223 247 248
f 223 248 224
f 224 248 249
f 224 249 225
f 225 249 250
f 225 250 226
f 226 250 251
f 226 251 227
f 227 251 252
f 227 252 228
f 228 252 253
f 228 253 229
f 229 253 254
f 229 254 230
f 230 254 255
f 230 255 231
f 231 255 256
f 231 256 232
f 232 256 257
f 232 257 233
f 233 257 258
f 233 258 234
f 234 258 259
f 234 259 235
f 235 259 260
f 235 260 236
f 236 260 261
f 236 261 237
f 237 261 262
f 237 262 238
f 238 262 263
f 238 263 239
f 239 263 264
f 239 264 240
f 240 264 241
f 240 241 217
f 241 265 266
f 241 266 242
f 242 266 267
f 242 267 243
f 243 267 268
f 243 268 244
f 244 268 269
f 244 269 245
f 245 269 270
f 245 270 246
f 246 270 271
f 246 271 247
f 247 271 272
f 247 272 248
f 248 272 273
f 248 273 249
f 249 273 274
f 249 274 250
f 250 274 275
f 250 275 251
f 251 275 276
f 251 276 252
f 252 276 277
f 252 277 253
f 253 277 278
f 253 278 254
f 254 278 279
f 254 279 255
f 255 279 280
f 255 280 256
f 256 280 281
f 256 281 257
f 257 281 282
f 257 282 258
f 258 282 283
f 258 283 259
f 259 283 284
f 259 284 260
f 260 284 285
f 260 285 261
f 261 285 286
f 261 286 262
f 262 286 287
f 262 287 263
f 263 287 288
f 263 288 264
f 264 288 265
f 264 265 241
f 265 289 290
f 265 290 266
f 266 290 291
f 266 291 267
f 267 291 292
f 267 292 268
f 268 292 293
f 268 293 269
f 269 293 294
f 269 294 270
f 270 294 295
f 270 295 271
f 271 295 296
f 271 296 272
f 272 296 297
f 272 297 273
f 273 297 298
f 273 298 274
f 274 298 299
f 274 299 275
f 275 299 300
f 275 300 276
f 276 300 301
f 276 301 277
f 277 301 302
f 277 302 278
f 278 302 303
f 278 303 279
f 279 303 304
f 279 304 280
f 280 304 305
f 280 305 281
f 281 305 306
f 281 306 282
f 282 306 307
f 282 307 283
f 283 307 308
f 283 308 284
f 284 308 309
f 284 309 285
f 285 309 310
f 285 310 286
f 286 310 311
f 286 311 287
f 287 311 312
f 287 312 288
f 288 312 289
f 288 289 265
f 289 313 314
f 289 314 290
f 290 314 315
f 290 315 291
f 291 315 316
f 291 316 292
f 292 316 317
f 292 317 293
f 293 317 318
f 293 318 294
f 294 318 319
f 294 319 295
f 295 319 320
f 295 320 296
f 296 320 321
f 296 321 297
f 297 321 322
f 297 322 298
f 298 322 323
f 298 323 299
f 299 323 324
f 299 324 300
f 300 324 325
f 300 325 301
f 301 325 326
f 301 326 302
f 302 326 327
f 302 327 303
f 303 327 328
f 303 328 304
f 304 328 329
f 304 329 305
f 305 329 330
f 305 330 306
f 306 330 331
f 306 331 307
f 307 331 332
f 307 332 308
f 308 332 333
f 308 333 309
f 309 333 334
f 309 334 310
f 310 334 335
f 310 335 311
f 311 335 336
f 311 336 312
f 312 336 313
f 312 313 289
f 313 337 338
f 313 338 314
f 314 338 339
f 314 339 315
f 315 339 340
f 315 340 316
f 316 340 341
f 316 341 317
f 317 341 342
f 317 342 318
f 318 342 343
f 318 343 319
f 319 343 344
f 319 344 320
f 320 344 345
f 320 345 321
f 321 345 346
f 321 346 322
f 322 346 347
f 322 347 323
f 323 347 348
f 323 348 324
f 324 348 349
f 324 349 325
f 325 349 350
f 325 350 326
f 326 350 351
f 326 351 327
f 327 351 352
f 327 352 328
f 328 352 353
f 328 353 329
f 329 353 354
f 329 354 330
f 330 354 355
f 330 355 331
f 331 355 356
f 331 356 332
f 332 356 357
f 332 357 333
f 333 357 358
f 333 358 334
f 334 358 359
f 334 359 335
f 335 359 360
f 335 360 336
f 336 360 337
f 336 337 313
f 337 361 362
f 337 362 338
f 338 362 363
f 338 363 339
f 339 363 364
f 339 364 340
f 340 364 365
f 340 365 341
f 341 365 366
f 341 366 342
f 342 366 367
f 342 367 343
f 343 367 368
f 343 368 344
f 344 368 369
f 344 369 345
f 345 369 370
f 345 370 346
f 346 370 371
f 346 371 347
f 347 371 372
f 347 372 348
f 348 372 373
f 348 373 349
f 349 373 374
f 349 374 350
f 350 374 375
f 350 375 351
f 351 375 376
f 351 376 352
f 352 376 377
f 352 377 353
f 353 377 378
f 353 378 354
f 354 378 379
f 354 379 355
f 355 379 380
f 355 380 356
f 356 380 381
f 356 381 357
f 357 381 382
f 357 382 358
f 358 382 383
f 358 383 359
f 359 383 384
f 359 384 360
f 360 384 361
f 360 361 337
f 361 385 386
f 361 386 362
f 362 386 387
f 362 387 363
f 363 387 388
f 363 388 364
f 364 388 389
f 364 389 365
f 365 389 390
f 365 390 366
f 366 390 391
f 366 391 367
f 367 391 392
f 367 392 368
f 368 392 393
f 368 393 369
f 369 393 394
f 369 394 370
f 370 394 395
f 370 395 371
f 371 395 396
f 371 396 372
f 372 396 397
f 372 397 373
f 373 397 398
f 373 398 374
f 374 398 399
f 374 399 375
f 375 399 400
f 375 400 376
f 376 400 401
f 376 401 377
f 377 401 402
f 377 402 378
f 378 402 403
f 378 403 379
f 379 403 404
f 379 404 380
f 380 404 405
f 380 405 381
f 381 405 406
f 381 406 382
f 382 406 407
f 382 407 383
f 383 407 408
f 383 408 384
f 384 408 385
f 384 385 361
f 385 409 410
f 385 410 386
f 386 410 411
f 386 411 387
f 387 411 412
f 387 412 388
f 388 412 413
f 388 413 389
f 389 413 414
f 389 414 390
f 390 414 415
f 390 415 391
f 391 415 416
f 391 416 392
f 392 416 417
f 392 417 393
f 393 417 418
f 393 418 394
f 394 418 419
f 394 419 395
f 395 419 420
f 395 420 396
f 396 420 421
f 396 421 397
f 397 421 422
f 397 422 398
f 398 422 423
f 398 423 399
f 399 423 424
f 399 424 400
f 400 424 425
f 400 425 401
f 401 425 426
f 401 426 402
f 402 426 427
f 402 427 403
f 403 427 428
f 403 428 404
f 404 428 429
f 404 429 405
f 405 429 430
f 405 430 406
f 406 430 431
f 406 431 407
f 407 431 432
f 407 432 408
f 408 432 409
f 408 409 385
f 409 433 434
f 409 434 410
f 410 434 435
f 410 435 411
f 411 435 436
f 411 436 412
f 412 436 437
f 412 437 413
f 413 437 438
f 413 438 414
f 414 438 439
f 414 439 415
f 415 439 440
f 415 440 416
f 416 440 441
f 416 441 417
f 417 441 442
f 417 442 418
f 418 442 443
f 418 443 419
f 419 443 444
f 419 444 420
f 420 444 445
f 420 445 421
f 421 445 446
f 421 446 422
f 422 446 447
f 422 447 423
f 423 447 448
f 423 448 424
f 424 448 449
f 424 449 425
f 425 449 450
f 425 450 426
f 426 450 451
f 426 451 427
f 427 451 452
f 427 452 428
f 428 452 453
f 428 453 429
f 429 453 454
f 429 454 430
f 430 454 455
f 430 455 431
f 431 455 456
f 431 456 432
f 432 456 433
f 432 433 409
f 433 457 458
f 433 458 434
f 434 458 459
f 434 459 435
f 435 459 460
f 435 460 436
f 436 460 461
f 436 461 437
f 437 461 462
f 437 462 438
f 438 462 463
f 438 463 439
f 439 463 464
f 439 464 440
f 440 464 465
f 440 465 441
f 441 465 466
f 441 466 442
f 442 466 467
f 442 467 443
f 443 467 468
f 443 468 444
f 444 468 469
f 444 469 445
f 445 469 470
f 445 470 446
f 446 470 471
f 446 471 447
f 447 471 472
f 447 472 448
f 448 472 473
f 448 473 449
f 449 473 474
f 449 474 450
f 450 474 475
f 450 475 451
f 451 475 476
f 451 476 452
f 452 476 477
f 452 477 453
f 453 477 478
f 453 478 454
f 454 478 479
f 454 479 455
f 455 479 480
f 455 480 456
f 456 480 457
f 456 457 433
f 457 481 482
f 457 482 458
f 458 482 483
f 458 483 459
f 459 483 484
f 459 484 460
f 460 484 485
f 460 485 461
f 461 485 486
f 461 486 462
f 462 486 487
f 462 487 463
f 463 487 488
f 463 488 464
f 464 488 489
f 464 489 465
f 465 489 490
f 465 490 466
f 466 490 491
f 466 491 467
f 467 491 492
f 467 492 468
f 468 492 493
f 468 493 469
f 469 493 494
f 469 494 470
f 470 494 495
f 470 495 471
f 471 495 496
f 471 496 472
f 472 496 497
f 472 497 473
f 473 497 498
f 473 498 474
f 474 498 499
f 474 499 475
f 475 499 500
f 475 500 476
f 476 500 501
f 476 501 477
f 477 501 502
f 477 502 478
f 478 502 503
f 478 503 479
f 479 503 504
f 479 504 480
f 480 504 481
f 480 481 457
f 481 505 506
f 481 506 482
f 482 506 507
f 482 507 483
f 483 507 508
f 483 508 484
f 484 508 509
f 484 509 485
f 485 509 510
f 485 510 486
f 486 510 511
f 486 511 487
f 487 511 512
f 487 512 488
f 488 512 513
f 488 513 489
f 489 513 514
f 489 514 490
f 490 514 515
f 490 515 491
f 491 515 516
f 491 516 492
f 492 516 517
f 492 517 493
f 493 517 518
f 493 518 494
f 494 518 519
f 494 519 495
f 495 519 520
f 495 520 496
f 496 520 521
f 496 521 497
f 497 521 522
f 497 522 498
f 498 522 523
f 498 523 499
f 499 523 524
f 499 524 500
f 500 524 525
f 500 525 501
f 501 525 526
f 501 526 502
f 502 526 527
f 502 527 503
f 503 527 528
f 503 528 504
f 504 528 505
f 504 505 481
f 505 529 530
f 505 530 506
f 506 530 531
f 506 531 507
f 507 531 532
f 507 532 508
f 508 532 533
f 508 533 509
f 509 533 534
f 509 534 510
f 510 534 535
f 510 535 511
f 511 535 536
f 511 536 512
f 512 536 537
f 512 537 513
f 513 537 538
f 513 538 514
f 514 538 539
f 514 539 515
f 515 539 540
f 515 540 516
f 516 540 541
f 516 541 517
f 517 541 542
f 517 542 518
f 518 542 543
f 518 543 519
f 519 543 544
f 519 544 520
f 520 544 545
f 520 545 521
f 521 545 546
f 521 546 522
f 522 546 547
f 522 547 523
f 523 547 548
f 523 548 524
f 524 548 549
f 524 549 525
f 525 549 550
f 525 550 526
f 526 550 551
f 526 551 527
f 527 551 552
f 527 552 528
f 528 552 529
f 528 529 505
f 529 553 554
f 529 554 530
f 530 554 555
f 530 555 531
f 531 555 556
f 531 556 532
f 532 556 557
f 532 557 533
f 533 557 558
f 533 558 534
f 534 558 559
f 534 559 535
f 535 559 560
f 535 560 536
f 536 560 561
f 536 561 537
f 537 561 562
f 537 562 538
f 538 562 563
f 538 563 539
f 539 563 564
f 539 564 540
f 540 564 565
f 540 565 541
f 541 565 566
f 541 566 542
f 542 566 567
f 542 567 543
f 543 567 568
f 543 568 544
f 544 568 569
f 544 569 545
f 545 569 570
f 545 570 546
f 546 570 571
f 546 571 547
f 547 571 572
f 547 572 548
f 548 572 573
f 548 573 549
f 549 573 574
f 549 574 550
f 550 574 575
f 550 575 551
f 551 575 576
f 551 576 552
f 552 576 553
f 552 553 529
f 553 577 578
f 553 578 554
f 554 578 579
f 554 579 555
f 555 579 580
f 555 580 556
f 556 580 581
f 556 581 557
f 557 581 582
f 557 582 558
f 558 582 583
f 558 583 559
f 559 583 584
f 559 584 560
f 560 584 585
f 560 585 561
f 561 585 586
f 561 586 562
f 562 586 587
f 562 587 563
f 563 587 588
f 563 588 564
f 564 588 589
f 564 589 565
f 565 589 590
f 565 590 566
f 566 590 591
f 566 591 567
f 567 591 592
f 567 592 568
f 568 592 593
f 568 593 569
f 569 593 594
f 569 594 570
f 570 594 595
f 570 595 571
f 571 595 596
f 571 596 572
f 572 596 597
f 572 597 573
f 573 597 598
f 573 598 574
f 574 598 599
f 574 599 575
f 575 599 600
f 575 600 576
f 576 600 577
f 576 577 553
f 577 601 602
f 577 602 578
f 578 602 603
f 578 603 579
f 579 603 604
f 579 604 580
f 580 604 605
f 580 605 581
f 581 605 606
f 581 606 582
f 582 606 607
f 582 607 583
f 583 607 608
f 583 608 584
f 584 608 609
f 584 609 585
f 585 609 610
f 585 610 586
f 586 610 611
f 586 611 587
f 587 611 612
f 587 612 588
f 588 612 613
f 588 613 589
f 589 613 614
f 589 614 590
f 590 614 615
f 590 615 591
f 591 615 616
f 591 616 592
f 592 616 617
f 592 617 593
f 593 617 618
f 593 618 594
f 594 618 619
f 594 619 595
f 595 619 620
f 595 620 596
f 596 620 621
f 596 621 597
f 597 621 622
f 597 622 598
f 598 622 623
f 598 623 599
f 599 623 624
f 599 624 600
f 600 624 601
f 600 601 577
f 601 625 626
f 601 626 602
f 602 626 627
f 602 627 603
f 603 627 628
f 603 628 604
f 604 628 629
f 604 629 605
f 605 629 630
f 605 630 606
f 606 630 631
f 606 631 607
f 607 631 632
f 607 632 608
f 608 632 633
f 608 633 609
f 609 633 634
f 609 634 610
f 610 634 635
f 610 635 611
f 611 635 636
f 611 636 612
f 612 636 637
f 612 637 613
f 613 637 638
f 613 638 614
f 614 638 639
f 614 639 615
f 615 639 640
f 615 640 616
f 616 640 641
f 616 641 617
f 617 641 642
f 617 642 618
f 618 642 643
f 618 643 619
f 619 643 644
f 619 644 620
f 620 644 645
f 620 645 621
f 621 645 646
f 621 646 622
f 622 646 647
f 622 647 623
f 623 647 648
f 623 648 624
f 624 648 625
f 624 625 601
f 625 649 650
f 625 650 626
f 626 650 651
f 626 651 627
f 627 651 652
f 627 652 628
f 628 652 653
f 628 653 629
f 629 653 654
f 629 654 630
f 630 654 655
f 630 655 631
f 631 655 656
f 631 656 632
f 632 656 657
f 632 657 633
f 633 657 658
f 633 658 634
f 634 658 659
f 634 659 635
f 635 659 660
f 635 660 636
f 636 660 661
f 636 661 637
f 637 661 662
f 637 662 638
f 638 662 663
f 638 663 639
f 639 663 664
f 639 664 640
f 640 664 665
f 640 665 641
f 641 665 666
f 641 666 642
f 642 666 667
f 642 667 643
f 643 667 668
f 643 668 644
f 644 668 669
f 644 669 645
f 645 669 670
f 645 670 646
f 646 670 671
f 646 671 647
f 647 671 672
f 647 672 648
f 648 672 649
f 648 649 625
f 649 673 674
f 649 674 650
f 650 674 675
f 650 675 651
f 651 675 676
f 651 676 652
f 652 676 677
f 652 677 653
f 653 677 678
f 653 678 654
f 654 678 679
f 654 679 655
f 655 679 680
f 655 680 656
f 656 680 681
f 656 681 657
f 657 681 682
f 657 682 658
f 658 682 683
f 658 683 659
f 659 683 684
f 659 684 660
f 660 684 685
f 660 685 661
f 661 685 686
f 661 686 662
f 662 686 687
f 662 687 663
f 663 687 688
f 663 688 664
f 664 688 689
f 664 689 665
f 665 689 690
f 665 690 666
f 666 690 691
f 666 691 667
f 667 691 692
f 667 692 668
f 668 692 693
f 668 693 669
f 669 693 694
f 669 694 670
f 670 694 695
f 670 695 671
f 671 695 696
f 671 696 672
f 672 696 673
f 672 673 649
f 673 697 698
f 673 698 674
f 674 698 699
f 674 699 675
f 675 699 700
f 675 700 676
f 676 700 701
f 676 701 677
f 677 701 702
f 677 702 678
f 678 702 703
f 678 703 679
f 679 703 704
f 679 704 680
f 680 704 705
f 680 705 681
f 681 705 706
f 681 706 682
f 682 706 707
f 682 707 683
f 683 707 708
f 683 708 684
f 684 708 709
f 684 709 685
f 685 709 710
f 685 710 686
f 686 710 711
f 686 711 687
f 687 711 712
f 687 712 688
f 688 712 713
f 688 713 689
f 689 713 714
f 689 714 690
f 690 714 715
f 690 715 691
f 691 715 716
f 691 716 692
f 692 716 717
f 692 717 693
f 693 717 718
f 693 718 694
f 694 718 719
f 694 719 695
f 695 719 720
f 695 720 696
f 696 720 697
f 696 697 673
f 697 721 722
f 697 722 698
f 698 722 723
f 698 723 699
f 699 723 724
f 699 724 700
f 700 724 725
f 700 725 701
f 701 725 726
f 701 726 702
f 702 726 727
f 702 727 703
f 703 727 728
f 703 728 704
f 704 728 729
f 704 729 705
f 705 729 730
f 705 730 706
f 706 730 731
f 706 731 707
f 707 731 732
f 707 732 708
f 708 732 733
f 708 733 709
f 709 733 734
f 709 734 710
f 710 734 735
f 710 735 711
f 711 735 736
f 711 736 712
f 712 736 737
f 712 737 713
f 713 737 738
f 713 738 714
f 714 738 739
f 714 739 715
f 715 739 740
f 715 740 716
f 716 740 741
f 716 741 717
f 717 741 742
f 717 742 718
f 718 742 743
f 718 743 719
f 719 743 744
f 719 744 720
f 720 744 721
f 720 721 697
f 721 745 746
f 721 746 722
f 722 746 747
f 722 747 723
f 723 747 748
f 723 748 724
f 724 748 749
f 724 749 725
f 725 749 750
f 725 750 726
f 726 750 751
f 726 751 727
f 727 751 752
f 727 752 728
f 728 752 753
f 728 753 729
f 729 753 754
f 729 754 730
f 730 754 755
f 730 755 731
f 731 755 756
f 731 756 732
f 732 756 757
f 732 757 733
f 733 757 758
f 733 758 734
f 734 758 759
f 734 759 735
f 735 759 760
f 735 760 736
f 736 760 761
f 736 761 737
f 737 761 762
f 737 762 738
f 738 762 763
f 738 763 739
f 739 763 764
f 739 764 740
f 740 764 765
f 740 765 741
f 741 765 766
f 741 766 742
f 742 766 767
f 742 767 743
f 743 767 768
f 743 768 744
f 744 768 745
f 744 745 721
f 745 769 770
f 745 770 746
f 746 770 771
f 746 771 747
f 747 771 772
f 747 772 748
f 748 772 773
f 748 773 749
f 749 773 774
f 749 774 750
f 750 774 775
f 750 775 751
f 751 775 776
f 751 776 752
f 752 776 777
f 752 777 753
f 753 777 778
f 753 778 754
f 754 778 779
f 754 779 755
f 755 779 780
f 755 780 756
f 756 780 781
f 756 781 757
f 757 781 782
f 757 782 758
f 758 782 783
f 758 783 759
f 759 783 784
f 759 784 760
f 760 784 785
f 760 785 761
f 761 785 786
f 761 786 762
f 762 786 787
f 762 787 763
f 763 787 788
f 763 788 764
f 764 788 789
f 764 789 765
f 765 789 790
f 765 790 766
f 766 790 791
f 766 791 767
f 767 791 792
f 767 792 768
f 768 792 769
f 768 769 745
f 769 793 794
f 769 794 770
f 770 794 795
f 770 795 771
f 771 795 796
f 771 796 772
f 772 796 797
f 772 797 773
f 773 797 798
f 773 798 774
f 774 798 799
f 774 799 775
f 775 799 800
f 775 800 776
f 776 800 801
f 776 801 777
f 777 801 802
f 777 802 778
f 778 802 803
f 778 803 779
f 779 803 804
f 779 804 780
f 780 804 805
f 780 805 781
f 781 805 806
f 781 806 782
f 782 806 807
f 782 807 783
f 783 807 808
f 783 808 784
f 784 808 809
f 784 809 785
f 785 809 810
f 785 810 786
f 786 810 811
f 786 811 787
f 787 811 812
f 787 812 788
f 788 812 813
f 788 813 789
f 789 813 814
f 789 814 790
f 790 814 815
f 790 815 791
f 791 815 816
f 791 816 792
f 792 816 793
f 792 793 769
f 793 817 818
f 793 818 794
f 794 818 819
f 794 819 795
f 795 819 820
f 795 820 796
f 796 820 821
f 796 821 797
f 797 821 822
f 797 822 798
f 798 822 823
f 798 823 799
f 799 823 824
f 799 824 800
f 800 824 825
f 800 825 801
f 801 825 826
f 801 826 802
f 802 826 827
f 802 827 803
f 803 827 828
f 803 828 804
f 804 828 829
f 804 829 805
f 805 829 830
f 805 830 806
f 806 830 831
f 806 831 807
f 807 831 832
f 807 832 808
f 808 832 833
f 808 833 809
f 809 833 834
f 809 834 810
f 810 834 835
f 810 835 811
f 811 835 836
f 811 836 812
f 812 836 837
f 812 837 813
f 813 837 838
f 813 838 814
f 814 838 839
f 814 839 815
f 815 839 840
f 815 840 816
f 816 840 817
f 816 817 793
f 817 841 842
f 817 842 818
f 818 842 843
f 818 843 819
f 819 843 844
f 819 844 820
f 820 844 845
f 820 845 821
f 821 845 846
f 821 846 822
f 822 846 847
f 822 847 823
f 823 847 848
f 823 848 824
f 824 848 849
f 824 849 825
f 825 849 850
f 825 850 826
f 826 850 851
f 826 851 827
f 827 851 852
f 827 852 828
f 828 852 853
f 828 853 829
f 829 853 854
f 829 854 830
f 830 854 855
f 830 855 831
f 831 855 856
f 831 856 832
f 832 856 857
f 832 857 833
f 833 857 858
f 833 858 834
f 834 858 859
f 834 859 835
f 835 859 860
f 835 860 836
f 836 860 861
f 836 861 837
f 837 861 862
f 837 862 838
f 838 862 863
f 838 863 839
f 839 863 864
f 839 864 840
f 840 864 841
f 840 841 817
f 841 865 866
f 841 866 842
f 842 866 867
f 842 867 843
f 843 867 868
f 843 868 844
f 844 868 869
f 844 869 845
f 845 869 870
f 845 870 846
f 846 870 871
f 846 871 847
f 847 871 872
f 847 872 848
f 848 872 873
f 848 873 849
f 849 873 874
f 849 874 850
f 850 874 875
f 850 875 851
f 851 875 876
f 851 876 852
f 852 876 877
f 852 877 853
f 853 877 878
f 853 878 854
f 854 878 879
f 854 879 855
f 855 879 880
f 855 880 856
f 856 880 881
f 856 881 857
f 857 881 882
f 857 882 858
f 858 882 883
f 858 883 859
f 859 883 884
f 859 884 860
f 860 884 885
f 860 885 861
f 861 885 886
f 861 886 862
f 862 886 887
f 862 887 863
f 863 887 888
f 863 888 864
f 864 888 865
f 864 865 841
f 865 889 890
f 865 890 866
f 866 890 891
f 866 891 867
f 867 891 892
f 867 892 868
f 868 892 893
f 868 893 869
f 869 893 894
f 869 894 870
f 870 894 895
f 870 895 871
f 871 895 896
f 871 896 872
f 872 896 897
f 872 897 873
f 873 897 898
f 873 898 874
f 874 898 899
f 874 899 875
f 875 899 900
f 875 900 876
f 876 900 901
f 876 901 877
f 877 901 902
f 877 902 878
f 878 902 903
f 878 903 879
f 879 903 904
f 879 904 880
f 880 904 905
f 880 905 881
f 881 905 906
f 881 906 882
f 882 906 907
f 882 907 883
f 883 907 908
f 883 908 884
f 884 908 909
f 884 909 885
f 885 909 910
f 885 910 886
f 886 910 911
f 886 911 887
f 887 911 912
f 887 912 888
f 888 912 889
f 888 889 865
f 889 913 914
f 889 914 890
f 890 914 915
f 890 915 891
f 891 915 916
f 891 916 892
f 892 916 917
f 892 917 893
f 893 917 918
f 893 918 894
f 894 918 919
f 894 919 895
f 895 919 920
f 895 920 896
f 896 920 921
f 896 921 897
f 897 921 922
f 897 922 898
f 898 922 923
f 898 923 899
f 899 923 924
f 899 924 900
f 900 924 925
f 900 925 901
f 901 925 926
f 901 926 902
f 902 926 927
f 902 927 903
f 903 927 928
f 903 928 904
f 904 928 929
f 904 929 905
f 905 929 930
f 905 930 906
f 906 930 931
f 906 931 907
f 907 931 932
f 907 932 908
f 908 932 933
f 908 933 909
f 909 933 934
f 909 934 910
f 910 934 935
f 910 935 911
f 911 935 936
f 911 936 912
f 912 936 913
f 912 913 889
f 913 937 938
f 913 938 914
f 914 938 939
f 914 939 915
f 915 939 940
f 915 940 916
f 916 940 941
f 916 941 917
f 917 941 942
f 917 942 918
f 918 942 943
f 918 943 919
f 919 943 944
f 919 944 920
f 920 944 945
f 920 945 921
f 921 945 946
f 921 946 922
f 922 946 947
f 922 947 923
f 923 947 948
f 923 948 924
f 924 948 949
f 924 949 925
f 925 949 950
f 925 950 926
f 926 950 951
f 926 951 927
f 927 951 952
f 927 952 928
f 928 952 953
f 928 953 929
f 929 953 954
f 929 954 930
f 930 954 955
f 930 955 931
f 931 955 956
f 931 956 932
f 932 956 957
f 932 957 933
f 933 957 958
f 933 958 934
f 934 958 959
f 934 959 935
f 935 959 960
f 935 960 936
f 936 960 937
f 936 937 913
f 937 961 962
f 937 962 938
f 938 962 963
f 938 963 939
f 939 963 964
f 939 964 940
f 940 964 965
f 940 965 941
f 941 965 966
f 941 966 942
f 942 966 967
f 942 967 943
f 943 967 968
f 943 968 944
f 944 968 969
f 944 969 945
f 945 969 970
f 945 970 946
f 946 970 971
f 946 971 947
f 947 971 972
f 947 972 948
f 948 972 973
f 948 973 949
f 949 973 974
f 949 974 950
f 950 974 975
f 950 975 951
f 951 975 976
f 951 976 952
f 952 976 977
f 952 977 953
f 953 977 978
f 953 978 954
f 954 978 979
f 954 979 955
f 955 979 980
f 955 980 956
f 956 980 981
f 956 981 957
f 957 981 982
f 957 982 958
f 958 982 983
f 958 983 959
f 959 983 984
f 959 984 960
f 960 984 961
f 960 961 937
f 961 985 986
f 961 986 962
f 962 986 987
f 962 987 963
f 963 987 988
f 963 988 964
f 964 988 989
f 964 989 965
f 965 989 990
f 965 990 966
f 966 990 991
f 966 991 967
f 967 991 992
f 967 992 968
f 968 992 993
f 968 993 969
f 969 993 994
f 969 994 970
f 970 994 995
f 970 995 971
f 971 995 996
f 971 996 972
f 972 996 997
f 972 997 973
f 973 997 998
f 973 998 974
f 974 998 999
f 974 999 975
f 975 999 1000
f 975 1000 976
f 976 1000 1001
f 976 1001 977
f 977 1001 1002
f 977 1002 978
f 978 1002 1003
f 978 1003 979
f 979 1003 1004
f 979 1004 980
f 980 1004 1005
f 980 1005 981
f 981 1005 1006
f 981 1006 982
f 982 1006 1007
f 982 1007 983
f 983 1007 1008
f 983 1008 984
f 984 1008 985
f 984 985 961
f 985 1009 1010
f 985 1010 986
f 986 1010 1011
f 986 1011 987
f 987 1011 1012
f 987 1012 988
f 988 1012 1013
f 988 1013 989
f 989 1013 1014
f 989 1014 990
f 990 1014 1015
f 990 1015 991
f 991 1015 1016
f 991 1016 992
f 992 1016 1017
f 992 1017 993
f 993 1017 1018
f 993 1018 994
f 994 1018 1019
f 994 1019 995
f 995 1019 1020
f 995 1020 996
f 996 1020 1021
f 996 1021 997
f 997 1021 1022
f 997 1022 998
f 998 1022 1023
f 998 1023 999
f 999 1023 1024
f 999 1024 1000
f 1000 1024 1025
f 1000 1025 1001
f 1001 1025 1026
f 1001 1026 1002
f 1002 1026 1027
f 1002 1027 1003
f 1003 1027 1028
f 1003 1028 1004
f 1004 1028 1029
f 1004 1029 1005
f 1005 1029 1030
f 1005 1030 1006
f 1006 1030 1031
f 1006 1031 1007
f 1007 1031 1032
f 1007 1032 1008
f 1008 1032 1009
f 1008 1009 985
f 1009 1033 1034
f 1009 1034 1010
f 1010 1034 1035
f 1010 1035 1011
f 1011 1035 1036
f 1011 1036 1012
f 1012 1036 1037
f 1012 1037 1013
f 1013 1037 1038
f 1013 1038 1014
f 1014 1038 1039
f 1014 1039 1015
f 1015 1039 1040
f 1015 1040 1016
f 1016 1040 1041
f 1016 1041 1017
f 1017 1041 1042
f 1017 1042 1018
f 1018 1042 1043
f 1018 1043 1019
f 1019 1043 1044
f 1019 1044 1020
f 1020 1044 1045
f 1020 1045 1021
f 1021 1045 1046
f 1021 1046 1022
f 1022 1046 1047
f 1022 1047 1023
f 1023 1047 1048
f 1023 1048 1024
f 1024 1048 1049
f 1024 1049 1025
f 1025 1049 1050
f 1025 1050 1026
f 1026 1050 1051
f 1026 1051 1027
f 1027 1051 1052
f 1027 1052 1028
f 1028 1052 1053
f 1028 1053 1029
f 1029 1053 1054
f 1029 1054 1030
f 1030 1054 1055
f 1030 1055 1031
f 1031 1055 1056
f 1031 1056 1032
f 1032 1056 1033
f 1032 1033 1009
f 1033 1057 1058
f 1033 1058 1034
f 1034 1058 1059
f 1034 1059 1035
f 1035 1059 1060
f 1035 1060 1036
f 1036 1060 1061
f 1036 1061 1037
f 1037 1061 1062
f 1037 1062 1038
f 1038 1062 1063
f 1038 1063 1039
f 1039 1063 1064
f 1039 1064 1040
f 1040 1064 1065
f 1040 1065 1041
f 1041 1065 1066
f 1041 1066 1042
f 1042 1066 1067
f 1042 1067 1043
f 1043 1067 1068
f 1043 1068 1044
f 1044 1068 1069
f 1044 1069 1045
f 1045 1069 1070
f 1045 1070 1046
f 1046 1070 1071
f 1046 1071 1047
f 1047 1071 1072
f 1047 1072 1048
f 1048 1072 1073
f 1048 1073 1049
f 1049 1073 1074
f 1049 1074 1050
f 1050 1074 1075
f 1050 1075 1051
f 1051 1075 1076
f 1051 1076 1052
f 1052 1076 1077
f 1052 1077 1053
f 1053 1077 1078
f 1053 1078 1054
f 1054 1078 1079
f 1054 1079 1055
f 1055 1079 1080
f 1055 1080 1056
f 1056 1080 1057
f 1056 1057 1033
f 1057 1081 1082
f 1057 1082 1058
f 1058 1082 1083
f 1058 1083 1059
f 1059 1083 1084
f 1059 1084 1060
f 1060 1084 1085
f 1060 1085 1061
f 1061 1085 1086
f 1061 1086 1062
f 1062 1086 1087
f 1062 1087 1063
f 1063 1087 1088
f 1063 1088 1064
f 1064 1088 1089
f 1064 1089 1065
f 1065 1089 1090
f 1065 1090 1066
f 1066 1090 1091
f 1066 1091 1067
f 1067 1091 1092
f 1067 1092 1068
f 1068 1092 1093
f 1068 1093 1069
f 1069 1093 1094
f 1069 1094 1070
f 1070 1094 1095
f 1070 1095 1071
f 1071 1095 1096
f 1071 1096 1072
f 1072 1096 1097
f 1072 1097 1073
f 1073 1097 1098
f 1073 1098 1074
f 1074 1098 1099
f 1074 1099 1075
f 1075 1099 1100
f 1075 1100 1076
f 1076 1100 1101
f 1076 1101 1077
f 1077 1101 1102
f 1077 1102 1078
f 1078 1102 1103
f 1078 1103 1079
f 1079 1103 1104
f 1079 1104 1080
f 1080 1104 1081
f 1080 1081 1057
f 1081 1105 1106
f 1081 1106 1082
f 1082 1106 1107
f 1082 1107 1083
f 1083 1107 1108
f 1083 1108 1084
f 1084 1108 1109
f 1084 1109 1085
f 1085 1109 1110
f 1085 1110 1086
f 1086 1110 1111
f 1086 1111 1087
f 1087 1111 1112
f 1087 1112 1088
f 1088 1112 1113
f 1088 1113 1089
f 1089 1113 1114
f 1089 1114 1090
f 1090 1114 1115
f 1090 1115 1091
f 1091 1115 1116
f 1091 1116 1092
f 1092 1116 1117
f 1092 1117 1093
f 1093 1117 1118
f 1093 1118 1094
f 1094 1118 1119
f 1094 1119 1095
f 1095 1119 1120
f 1095 1120 1096
f 1096 1120 1121
f 1096 1121 1097
f 1097 1121 1122
f 1097 1122 1098
f 1098 1122 1123
f 1098 1123 1099
f 1099 1123 1124
f 1099 1124 1100
f 1100 1124 1125
f 1100 1125 1101
f 1101 1125 1126
f 1101 1126 1102
f 1102 1126 1127
f 1102 1127 1103
f 1103 1127 1128
f 1103 1128 1104
f 1104 1128 1105
f 1104 1105 1081
f 1105 1129 1130
f 1105 1130 1106
f 1106 1130 1131
f 1106 1131 1107
f 1107 1131 1132
f 1107 1132 1108
f 1108 1132 1133
f 1108 1133 1109
f 1109 1133 1134
f 1109 1134 1110
f 1110 1134 1135
f 1110 1135 1111
f 1111 1135 1136
f 1111 1136 1112
f 1112 1136 1137
f 1112 1137 1113
f 1113 1137 1138
f 1113 1138 1114
f 1114 1138 1139
f 1114 1139 1115
f 1115 1139 1140
f 1115 1140 1116
f 1116 1140 1141
f 1116 1141 1117
f 1117 1141 1142
f 1117 1142 1118
f 1118 1142 1143
f 1118 1143 1119
f 1119 1143 1144
f 1119 1144 1120
f 1120 1144 1145
f 1120 1145 1121
f 1121 1145 1146
f 1121 1146 1122
f 1122 1146 1147
f 1122 1147 1123
f 1123 1147 1148
f 1123 1148 1124
f 1124 1148 1149
f 1124 1149 1125
f 1125 1149 1150
f 1125 1150 1126
f 1126 1150 1151
f 1126 1151 1127
f 1127 1151 1152
f 1127 1152 1128
f 1128 1152 1129
f 1128 1129 1105
f 1129 1153 1154
f 1129 1154 1130
f 1130 1154 1155
f 1130 1155 1131
f 1131 1155 1156
f 1131 1156 1132
f 1132 1156 1157
f 1132 1157 1133
f 1133 1157 1158
f 1133 1158 1134
f 1134 1158 1159
f 1134 1159 1135
f 1135 1159 1160
f 1135 1160 1136
f 1136 1160 1161
f 1136 1161 1137
f 1137 1161 1162
f 1137 1162 1138
f 1138 1162 1163
f 1138 1163 1139
f 1139 1163 1164
f 1139 1164 1140
f 1140 1164 1165
f 1140 1165 1141
f 1141 1165 1166
f 1141 1166 1142
f 1142 1166 1167
f 1142 1167 1143
f 1143 1167 1168
f 1143 1168 1144
f 1144 1168 1169
f 1144 1169 1145
f 1145 1169 1170
f 1145 1170 1146
f 1146 1170 1171
f 1146 1171 1147
f 1147 1171 1172
f 1147 1172 1148
f 1148 1172 1173
f 1148 1173 1149
f 1149 1173 1174
f 1149 1174 1150
f 1150 1174 1175
f 1150 1175 1151
f 1151 1175 1176
f 1151 1176 1152
f 1152 1176 1153
f 1152 1153 1129
f 1153 1177 1178
f 1153 1178 1154
f 1154 1178 1179
f 1154 1179 1155
f 1155 1179 1180
f 1155 1180 1156
f 1156 1180 1181
f 1156 1181 1157
f 1157 1181 1182
f 1157 1182 1158
f 1158 1182 1183
f 1158 1183 1159
f 1159 1183 1184
f 1159 1184 1160
f 1160 1184 1185
f 1160 1185 1161
f 1161 1185 1186
f 1161 1186 1162
f 1162 1186 1187
f 1162 1187 1163
f 1163 1187 1188
f 1163 1188 1164
f 1164 1188 1189
f 1164 1189 1165
f 1165 1189 1190
f 1165 1190 1166
f 1166 1190 1191
f 1166 1191 1167
f 1167 1191 1192
f 1167 1192 1168
f 1168 1192 1193
f 1168 1193 1169
f 1169 1193 1194
f 1169 1194 1170
f 1170 1194 1195
f 1170 1195 1171
f 1171 1195 1196
f 1171 1196 1172
f 1172 1196 1197
f 1172 1197 1173
f 1173 1197 1198
f 1173 1198 1174
f 1174 1198 1199
f 1174 1199 1175
f 1175 1199 1200
f 1175 1200 1176
f 1176 1200 1177
f 1176 1177 1153
f 1177 1201 1202
f 1177 1202 1178
f 1178 1202 1203
f 1178 1203 1179
f 1179 1203 1204
f 1179 1204 1180
f 1180 1204 1205
f 1180 1205 1181
f 1181 1205 1206
f 1181 1206 1182
f 1182 1206 1207
f 1182 1207 1183
f 1183 1207 1208
f 1183 1208 1184
f 1184 1208 1209
f 1184 1209 1185
f 1185 1209 1210
f 1185 1210 1186
f 1186 1210 1211
f 1186 1211 1187
f 1187 1211 1212
f 1187 1212 1188
f 1188 1212 1213
f 1188 1213 1189
f 1189 1213 1214
f 1189 1214 1190
f 1190 1214 1215
f 1190 1215 1191
f 1191 1215 1216
f 1191 1216 1192
f 1192 1216 1217
f 1192 1217 1193
f 1193 1217 1218
f 1193 1218 1194
f 1194 1218 1219
f 1194 1219 1195
f 1195 1219 1220
f 1195 1220 1196
f 1196 1220 1221
f 1196 1221 1197
f 1197 1221 1222
f 1197 1222 1198
f 1198 1222 1223
f 1198 1223 1199
f 1199 1223 1224
f 1199 1224 1200
f 1200 1224 1201
f 1200 1201 1177
f 1201 1225 1226
f 1201 1226 1202
f 1202 1226 1227
f 1202 1227 1203
f 1203 1227 1228
f 1203 1228 1204
f 1204 1228 1229
f 1204 1229 1205
f 1205 1229 1230
f 1205 1230 1206
f 1206 1230 1231
f 1206 1231 1207
f 1207 1231 1232
f 1207 1232 1208
f 1208 1232 1233
f 1208 1233 1209
f 1209 1233 1234
f 1209 1234 1210
f 1210 1234 1235
f 1210 1235 1211
f 1211 1235 1236
f 1211 1236 1212
f 1212 1236 1237
f 1212 1237 1213
f 1213 1237 1238
f 1213 1238 1214
f 1214 1238 1239
f 1214 1239 1215
f 1215 1239 1240
f 1215 1240 1216
f 1216 1240 1241
f 1216 1241 1217
f 1217 1241 1242
f 1217 1242 1218
f 1218 1242 1243
f 1218 1243 1219
f 1219 1243 1244
f 1219 1244 1220
f 1220 1244 1245
f 1220 1245 1221
f 1221 1245 1246
f 1221 1246 1222
f 1222 1246 1247
f 1222 1247 1223
f 1223 1247 1248
f 1223 1248 1224
f 1224 1248 1225
f 1224 1225 1201
f 1225 1249 1250
f 1225 1250 1226
f 1226 1250 1251
f 1226 1251 1227
f 1227 1251 1252
f 1227 1252 1228
f 1228 1252 1253
f 1228 1253 1229
f 1229 1253 1254
f 1229 1254 1230
f 1230 1254 1255
f 1230 1255 1231
f 1231 1255 1256
f 1231 1256 1232
f 1232 1256 1257
f 1232 1257 1233
f 1233 1257 1258
f 1233 1258 1234
f 1234 1258 1259
f 1234 1259 1235
f 1235 1259 1260
f 1235 1260 1236
f 1236 1260 1261
f 1236 1261 1237
f 1237 1261 1262
f 1237 1262 1238
f 1238 1262 1263
f 1238 1263 1239
f 1239 1263 1264
f 1239 1264 1240
f 1240 1264 1265
f 1240 1265 1241
f 1241 1265 1266
f 1241 1266 1242
f 1242 1266 1267
f 1242 1267 1243
f 1243 1267 1268
f 1243 1268 1244
f 1244 1268 1269
f 1244 1269 1245
f 1245 1269 1270
f 1245 1270 1246
f 1246 1270 1271
f 1246 1271 1247
f 1247 1271 1272
f 1247 1272 1248
f 1248 1272 1249
f 1248 1249 1225
f 1249 1273 1274
f 1249 1274 1250
f 1250 1274 1275
f 1250 1275 1251
f 1251 1275 1276
f 1251 1276 1252
f 1252 1276 1277
f 1252 1277 1253
f 1253 1277 1278
f 1253 1278 1254
f 1254 1278 1279
f 1254 1279 1255
f 1255 1279 1280
f 1255 1280 1256
f 1256 1280 1281
f 1256 1281 1257
f 1257 1281 1282
f 1257 1282 1258
f 1258 1282 1283
f 1258 1283 1259
f 1259 1283 1284
f 1259 1284 1260
f 1260 1284 1285
f 1260 1285 1261
f 1261 1285 1286
f 1261 1286 1262
f 1262 1286 1287
f 1262 1287 1263
f 1263 1287 1288
f 1263 1288 1264
f 1264 1288 1289
f 1264 1289 1265
f 1265 1289 1290
f 1265 1290 1266
f 1266 1290 1291
f 1266 1291 1267
f 1267 1291 1292
f 1267 1292 1268
f 1268 1292 1293
f 1268 1293 1269
f 1269 1293 1294
f 1269 1294 1270
f 1270 1294 1295
f 1270 1295 1271
f 1271 1295 1296
f 1271 1296 1272
f 1272 1296 1273
f 1272 1273 1249
f 1273 1297 1298
f 1273 1298 1274
f 1274 1298 1299
f 1274 1299 1275
f 1275 1299 1300
f 1275 1300 1276
f 1276 1300 1301
f 1276 1301 1277
f 1277 1301 1302
f 1277 1302 1278
f 1278 1302 1303
f 1278 1303 1279
f 1279 1303 1304
f 1279 1304 1280
f 1280 1304 1305
f 1280 1305 1281
f 1281 1305 1306
f 1281 1306 1282
f 1282 1306 1307
f 1282 1307 1283
f 1283 1307 1308
f 1283 1308 1284
f 1284 1308 1309
f 1284 1309 1285
f 1285 1309 1310
f 1285 1310 1286
f 1286 1310 1311
f 1286 1311 1287
f 1287 1311 1312
f 1287 1312 1288
f 1288 1312 1313
f 1288 1313 1289
f 1289 1313 1314
f 1289 1314 1290
f 1290 1314 1315
f 1290 1315 1291
f 1291 1315 1316
f 1291 1316 1292
f 1292 1316 1317
f 1292 1317 1293
f 1293 1317 1318
f 1293 1318 1294
f 1294 1318 1319
f 1294 1319 1295
f 1295 1319 1320
f 1295 1320 1296
f 1296 1320 1297
f 1296 1297 1273
f 1297 1321 1322
f 1297 1322 1298
f 1298 1322 1323
f 1298 1323 1299
f 1299 1323 1324
f 1299 1324 1300
f 1300 1324 1325
f 1300 1325 1301
f 1301 1325 1326
f 1301 1326 1302
f 1302 1326 1327
f 1302 1327 1303
f 1303 1327 1328
f 1303 1328 1304
f 1304 1328 1329
f 1304 1329 1305
f 1305 1329 1330
f 1305 1330 1306
f 1306 1330 1331
f 1306 1331 1307
f 1307 1331 1332
f 1307 1332 1308
f 1308 1332 1333
f 1308 1333 1309
f 1309 1333 1334
f 1309 1334 1310
f 1310 1334 1335
f 1310 1335 1311
f 1311 1335 1336
f 1311 1336 1312
f 1312 1336 1337
f 1312 1337 1313
f 1313 1337 1338
f 1313 1338 1314
f 1314 1338 1339
f 1314 1339 1315
f 1315 1339 1340
f 1315 1340 1316
f 1316 1340 1341
f 1316 1341 1317
f 1317 1341 1342
f 1317 1342 1318
f 1318 1342 1343
f 1318 1343 1319
f 1319 1343 1344
f 1319 1344 1320
f 1320 1344 1321
f 1320 1321 1297
f 1321 1345 1346
f 1321 1346 1322
f 1322 1346 1347
f 1322 1347 1323
f 1323 1347 1348
f 1323 1348 1324
f 1324 1348 1349
f 1324 1349 1325
f 1325 1349 1350
f 1325 1350 1326
f 1326 1350 1351
f 1326 1351 1327
f 1327 1351 1352
f 1327 1352 1328
f 1328 1352 1353
f 1328 1353 1329
f 1329 1353 1354
f 1329 1354 1330
f 1330 1354 1355
f 1330 1355 1331
f 1331 1355 1356
f 1331 1356 1332
f 1332 1356 1357
f 1332 1357 1333
f 1333 1357 1358
f 1333 1358 1334
f 1334 1358 1359
f 1334 1359 1335
f 1335 1359 1360
f 1335 1360 1336
f 1336 1360 1361
f 1336 1361 1337
f 1337 1361 1362
f 1337 1362 1338
f 1338 1362 1363
f 1338 1363 1339
f 1339 1363 1364
f 1339 1364 1340
f 1340 1364 1365
f 1340 1365 1341
f 1341 1365 1366
f 1341 1366 1342
f 1342 1366 1367
f 1342 1367 1343
f 1343 1367 1368
f 1343 1368 1344
f 1344 1368 1345
f 1344 1345 1321
f 1345 1369 1370
f 1345 1370 1346
f 1346 1370 1371
f 1346 1371 1347
f 1347 1371 1372
f 1347 1372 1348
f 1348 1372 1373
f 1348 1373 1349
f 1349 1373 1374
f 1349 1374 1350
f 1350 1374 1375
f 1350 1375 1351
f 1351 1375 1376
f 1351 1376 1352
f 1352 1376 1377
f 1352 1377 1353
f 1353 1377 1378
f 1353 1378 1354
f 1354 1378 1379
f 1354 1379 1355
f 1355 1379 1380
f 1355 1380 1356
f 1356 1380 1381
f 1356 1381 1357
f 1357 1381 1382
f 1357 1382 1358
f 1358 1382 1383
f 1358 1383 1359
f 1359 1383 1384
f 1359 1384 1360
f 1360 1384 1385
f 1360 1385 1361
f 1361 1385 1386
f 1361 1386 1362
f 1362 1386 1387
f 1362 1387 1363
f 1363 1387 1388
f 1363 1388 1364
f 1364 1388 1389
f 1364 1389 1365
f 1365 1389 1390
f 1365 1390 1366
f 1366 1390 1391
f 1366 1391 1367
f 1367 1391 1392
f 1367 1392 1368
f 1368 1392 1369
f 1368 1369 1345
f 1369 1393 1394
f 1369 1394 1370
f 1370 1394 1395
f 1370 1395 1371
f 1371 1395 1396
f 1371 1396 1372
f 1372 1396 1397
f 1372 1397 1373
f 1373 1397 1398
f 1373 1398 1374
f 1374 1398 1399
f 1374 1399 1375
f 1375 1399 1400
f 1375 1400 1376
f 1376 1400 1401
f 1376 1401 1377
f 1377 1401 1402
f 1377 1402 1378
f 1378 1402 1403
f 1378 1403 1379
f 1379 1403 1404
f 1379 1404 1380
f 1380 1404 1405
f 1380 1405 1381
f 1381 1405 1406
f 1381 1406 1382
f 1382 1406 1407
f 1382 1407 1383
f 1383 1407 1408
f 1383 1408 1384
f 1384 1408 1409
f 1384 1409 1385
f 1385 1409 1410
f 1385 1410 1386
f 1386 1410 1411
f 1386 1411 1387
f 1387 1411 1412
f 1387 1412 1388
f 1388 1412 1413
f 1388 1413 1389
f 1389 1413 1414
f 1389 1414 1390
f 1390 1414 1415
f 1390 1415 1391
f 1391 1415 1416
f 1391 1416 1392
f 1392 1416 1393
f 1392 1393 1369
f 1393 1417 1418
f 1393 1418 1394
f 1394 1418 1419
f 1394 1419 1395
f 1395 1419 1420
f 1395 1420 1396
f 1396 1420 1421
f 1396 1421 1397
f 1397 1421 1422
f 1397 1422 1398
f 1398 1422 1423
f 1398 1423 1399
f 1399 1423 1424
f 1399 1424 1400
f 1400 1424 1425
f 1400 1425 1401
f 1401 1425 1426
f 1401 1426 1402
f 1402 1426 1427
f 1402 1427 1403
f 1403 1427 1428
f 1403 1428 1404
f 1404 1428 1429
f 1404 1429 1405
f 1405 1429 1430
f 1405 1430 1406
f 1406 1430 1431
f 1406 1431 1407
f 1407 1431 1432
f 1407 1432 1408
f 1408 1432 1433
f 1408 1433 1409
f 1409 1433 1434
f 1409 1434 1410
f 1410 1434 1435
f 1410 1435 1411
f 1411 1435 1436
f 1411 1436 1412
f 1412 1436 1437
f 1412 1437 1413
f 1413 1437 1438
f 1413 1438 1414
f 1414 1438 1439
f 1414 1439 1415
f 1415 1439 1440
f 1415 1440 1416
f 1416 1440 1417
f 1416 1417 1393
f 1417 1441 1442
f 1417 1442 1418
f 1418 1442 1443
f 1418 1443 1419
f 1419 1443 1444
f 1419 1444 1420
f 1420 1444 1445
f 1420 1445 1421
f 1421 1445 1446
f 1421 1446 1422
f 1422 1446 1447
f 1422 1447 1423
f 1423 1447 1448
f 1423 1448 1424
f 1424 1448 1449
f 1424 1449 1425
f 1425 1449 1450
f 1425 1450 1426
f 1426 1450 1451
f 1426 1451 1427
f 1427 1451 1452
f 1427 1452 1428
f 1428 1452 1453
f 1428 1453 1429
f 1429 1453 1454
f 1429 1454 1430
f 1430 1454 1455
f 1430 1455 1431
f 1431 1455 1456
f 1431 1456 1432
f 1432 1456 1457
f 1432 1457 1433
f 1433 1457 1458
f 1433 1458 1434
f 1434 1458 1459
f 1434 1459 1435
f 1435 1459 1460
f 1435 1460 1436
f 1436 1460 1461
f 1436 1461 1437
f 1437 1461 1462
f 1437 1462 1438
f 1438 1462 1463
f 1438 1463 1439
f 1439 1463 1464
f 1439 1464 1440
f 1440 1464 1441
f 1440 1441 1417
f 1441 1465 1466
f 1441 1466 1442
f 1442 1466 1467
f 1442 1467 1443
f 1443 1467 1468
f 1443 1468 1444
f 1444 1468 1469
f 1444 1469 1445
f 1445 1469 1470
f 1445 1470 1446
f 1446 1470 1471
f 1446 1471 1447
f 1447 1471 1472
f 1447 1472 1448
f 1448 1472 1473
f 1448 1473 1449
f 1449 1473 1474
f 1449 1474 1450
f 1450 1474 1475
f 1450 1475 1451
f 1451 1475 1476
f 1451 1476 1452
f 1452 1476 1477
f 1452 1477 1453
f 1453 1477 1478
f 1453 1478 1454
f 1454 1478 1479
f 1454 1479 1455
f 1455 1479 1480
f 1455 1480 1456
f 1456 1480 1481
f 1456 1481 1457
f 1457 1481 1482
f 1457 1482 1458
f 1458 1482 1483
f 1458 1483 1459
f 1459 1483 1484
f 1459 1484 1460
f 1460 1484 1485
f 1460 1485 1461
f 1461 1485 1486
f 1461 1486 1462
f 1462 1486 1487
f 1462 1487 1463
f 1463 1487 1488
f 1463 1488 1464
f 1464 1488 1465
f 1464 1465 1441
f 1465 1489 1490
f 1465 1490 1466
f 1466 1490 1491
f 1466 1491 1467
f 1467 1491 1492
f 1467 1492 1468
f 1468 1492 1493
f 1468 1493 1469
f 1469 1493 1494
f 1469 1494 1470
f 1470 1494 1495
f 1470 1495 1471
f 1471 1495 1496
f 1471 1496 1472
f 1472 1496 1497
f 1472 1497 1473
f 1473 1497 1498
f 1473 1498 1474
f 1474 1498 1499
f 1474 1499 1475
f 1475 1499 1500
f 1475 1500 1476
f 1476 1500 1501
f 1476 1501 1477
f 1477 1501 1502
f 1477 1502 1478
f 1478 1502 1503
f 1478 1503 1479
f 1479 1503 1504
f 1479 1504 1480
f 1480 1504 1505
f 1480 1505 1481
f 1481 1505 1506
f 1481 1506 1482
f 1482 1506 1507
f 1482 1507 1483
f 1483 1507 1508
f 1483 1508 1484
f 1484 1508 1509
f 1484 1509 1485
f 1485 1509 1510
f 1485 1510 1486
f 1486 1510 1511
f 1486 1511 1487
f 1487 1511 1512
f 1487 1512 1488
f 1488 1512 1489
f 1488 1489 1465
f 1489 1513 1514
f 1489 1514 1490
f 1490 1514 1515
f 1490 1515 1491
f 1491 1515 1516
f 1491 1516 1492
f 1492 1516 1517
f 1492 1517 1493
f 1493 1517 1518
f 1493 1518 1494
f 1494 1518 1519
f 1494 1519 1495
f 1495 1519 1520
f 1495 1520 1496
f 1496 1520 1521
f 1496 1521 1497
f 1497 1521 1522
f 1497 1522 1498
f 1498 1522 1523
f 1498 1523 1499
f 1499 1523 1524
f 1499 1524 1500
f 1500 1524 1525
f 1500 1525 1501
f 1501 1525 1526
f 1501 1526 1502
f 1502 1526 1527
f 1502 1527 1503
f 1503 1527 1528
f 1503 1528 1504
f 1504 1528 1529
f 1504 1529 1505
f 1505 1529 1530
f 1505 1530 1506
f 1506 1530 1531
f 1506 1531 1507
f 1507 1531 1532
f 1507 1532 1508
f 1508 1532 1533
f 1508 1533 1509
f 1509 1533 1534
f 1509 1534 1510
f 1510 1534 1535
f 1510 1535 1511
f 1511 1535 1536
f 1511 1536 1512
f 1512 1536 1513
f 1512 1513 1489
f 1513 1537 1538
f 1513 1538 1514
f 1514 1538 1539
f 1514 1539 1515
f 1515 1539 1540
f 1515 1540 1516
f 1516 1540 1541
f 1516 1541 1517
f 1517 1541 1542
f 1517 1542 1518
f 1518 1542 1543
f 1518 1543 1519
f 1519 1543 1544
f 1519 1544 1520
f 1520 1544 1545
f 1520 1545 1521
f 1521 1545 1546
f 1521 1546 1522
f 1522 1546 1547
f 1522 1547 1523
f 1523 1547 1548
f 1523 1548 1524
f 1524 1548 1549
f 1524 1549 1525
f 1525 1549 1550
f 1525 1550 1526
f 1526 1550 1551
f 1526 1551 1527
f 1527 1551 1552
f 1527 1552 1528
f 1528 1552 1553
f 1528 1553 1529
f 1529 1553 1554
f 1529 1554 1530
f 1530 1554 1555
f 1530 1555 1531
f 1531 1555 1556
f 1531 1556 1532
f 1532 1556 1557
f 1532 1557 1533
f 1533 1557 1558
f 1533 1558 1534
f 1534 1558 1559
f 1534 1559 1535
f 1535 1559 1560
f 1535 1560 1536
f 1536 1560 1537
f 1536 1537 1513
f 1537 1561 1562
f 1537 1562 1538
f 1538 1562 1563
f 1538 1563 1539
f 1539 1563 1564
f 1539 1564 1540
f 1540 1564 1565
f 1540 1565 1541
f 1541 1565 1566
f 1541 1566 1542
f 1542 1566 1567
f 1542 1567 1543
f 1543 1567 1568
f 1543 1568 1544
f 1544 1568 1569
f 1544 1569 1545
f 1545 1569 1570
f 1545 1570 1546
f 1546 1570 1571
f 1546 1571 1547
f 1547 1571 1572
f 1547 1572 1548
f 1548 1572 1573
f 1548 1573 1549
f 1549 1573 1574
f 1549 1574 1550
f 1550 1574 1575
f 1550 1575 1551
f 1551 1575 1576
f 1551 1576 1552
f 1552 1576 1577
f 1552 1577 1553
f 1553 1577 1578
f 1553 1578 1554
f 1554 1578 1579
f 1554 1579 1555
f 1555 1579 1580
f 1555 1580 1556
f 1556 1580 1581
f 1556 1581 1557
f 1557 1581 1582
f 1557 1582 1558
f 1558 1582 1583
f 1558 1583 1559
f 1559 1583 1584
f 1559 1584 1560
f 1560 1584 1561
f 1560 1561 1537
f 1561 1585 1586
f 1561 1586 1562
f 1562 1586 1587
f 1562 1587 1563
f 1563 1587 1588
f 1563 1588 1564
f 1564 1588 1589
f 1564 1589 1565
f 1565 1589 1590
f 1565 1590 1566
f 1566 1590 1591
f 1566 1591 1567
f 1567 1591 1592
f 1567 1592 1568
f 1568 1592 1593
f 1568 1593 1569
f 1569 1593 1594
f 1569 1594 1570
f 1570 1594 1595
f 1570 1595 1571
f 1571 1595 1596
f 1571 1596 1572
f 1572 1596 1597
f 1572 1597 1573
f 1573 1597 1598
f 1573 1598 1574
f 1574 1598 1599
f 1574 1599 1575
f 1575 1599 1600
f 1575 1600 1576
f 1576 1600 1601
f 1576 1601 1577
f 1577 1601 1602
f 1577 1602 1578
f 1578 1602 1603
f 1578 1603 1579
f 1579 1603 1604
f 1579 1604 1580
f 1580 1604 1605
f 1580 1605 1581
f 1581 1605 1606
f 1581 1606 1582
f 1582 1606 1607
f 1582 1607 1583
f 1583 1607 1608
f 1583 1608 1584
f 1584 1608 1585
f 1584 1585 1561
f 1585 1609 1610
f 1585 1610 1586
f 1586 1610 1611
f 1586 1611 1587
f 1587 1611 1612
f 1587 1612 1588
f 1588 1612 1613
f 1588 1613 1589
f 1589 1613 1614
f 1589 1614 1590
f 1590 1614 1615
f 1590 1615 1591
f 1591 1615 1616
f 1591 1616 1592
f 1592 1616 1617
f 1592 1617 1593
f 1593 1617 1618
f 1593 1618 1594
f 1594 1618 1619
f 1594 1619 1595
f 1595 1619 1620
f 1595 1620 1596
f 1596 1620 1621
f 1596 1621 1597
f 1597 1621 1622
f 1597 1622 1598
f 1598 1622 1623
f 1598 1623 1599
f 1599 1623 1624
f 1599 1624 1600
f 1600 1624 1625
f 1600 1625 1601
f 1601 1625 1626
f 1601 1626 1602
f 1602 1626 1627
f 1602 1627 1603
f 1603 1627 1628
f 1603 1628 1604
f 1604 1628 1629
f 1604 1629 1605
f 1605 1629 1630
f 1605 1630 1606
f 1606 1630 1631
f 1606 1631 1607
f 1607 1631 1632
f 1607 1632 1608
f 1608 1632 1609
f 1608 1609 1585
f 1609 1633 1634
f 1609 1634 1610
f 1610 1634 1635
f 1610 1635 1611
f 1611 1635 1636
f 1611 1636 1612
f 1612 1636 1637
f 1612 1637 1613
f 1613 1637 1638
f 1613 1638 1614
f 1614 1638 1639
f 1614 1639 1615
f 1615 1639 1640
f 1615 1640 1616
f 1616 1640 1641
f 1616 1641 1617
f 1617 1641 1642
f 1617 1642 1618
f 1618 1642 1643
f 1618 1643 1619
f 1619 1643 1644
f 1619 1644 1620
f 1620 1644 1645
f 1620 1645 1621
f 1621 1645 1646
f 1621 1646 1622
f 1622 1646 1647
f 1622 1647 1623
f 1623 1647 1648
f 1623 1648 1624
f 1624 1648 1649
f 1624 1649 1625
f 1625 1649 1650
f 1625 1650 1626
f 1626 1650 1651
f 1626 1651 1627
f 1627 1651 1652
f 1627 1652 1628
f 1628 1652 1653
f 1628 1653 1629
f 1629 1653 1654
f 1629 1654 1630
f 1630 1654 1655
f 1630 1655 1631
f 1631 1655 1656
f 1631 1656 1632
f 1632 1656 1633
f 1632 1633 1609
f 1633 1657 1658
f 1633 1658 1634
f 1634 1658 1659
f 1634 1659 1635
f 1635 1659 1660
f 1635 1660 1636
f 1636 1660 1661
f 1636 1661 1637
f 1637 1661 1662
f 1637 1662 1638
f 1638 1662 1663
f 1638 1663 1639
f 1639 1663 1664
f 1639 1664 1640
f 1640 1664 1665
f 1640 1665 1641
f 1641 1665 1666
f 1641 1666 1642
f 1642 1666 1667
f 1642 1667 1643
f 1643 1667 1668
f 1643 1668 1644
f 1644 1668 1669
f 1644 1669 1645
f 1645 1669 1670
f 1645 1670 1646
f 1646 1670 1671
f 1646 1671 1647
f 1647 1671 1672
f 1647 1672 1648
f 1648 1672 1673
f 1648 1673 1649
f 1649 1673 1674
f 1649 1674 1650
f 1650 1674 1675
f 1650 1675 1651
f 1651 1675 1676
f 1651 1676 1652
f 1652 1676 1677
f 1652 1677 1653
f 1653 1677 1678
f 1653 1678 1654
f 1654 1678 1679
f 1654 1679 1655
f 1655 1679 1680
f 1655 1680 1656
f 1656 1680 1657
f 1656 1657 1633
f 1657 1681 1682
f 1657 1682 1658
f 1658 1682 1683
f 1658 1683 1659
f 1659 1683 1684
f 1659 1684 1660
f 1660 1684 1685
f 1660 1685 1661
f 1661 1685 1686
f 1661 1686 1662
f 1662 1686 1687
f 1662 1687 1663
f 1663 1687 1688
f 1663 1688 1664
f 1664 1688 1689
f 1664 1689 1665
f 1665 1689 1690
f 1665 1690 1666
f 1666 1690 1691
f 1666 1691 1667
f 1667 1691 1692
f 1667 1692 1668
f 1668 1692 1693
f 1668 1693 1669
f 1669 1693 1694
f 1669 1694 1670
f 1670 1694 1695
f 1670 1695 1671
f 1671 1695 1696
f 1671 1696 1672
f 1672 1696 1697
f 1672 1697 1673
f 1673 1697 1698
f 1673 1698 1674
f 1674 1698 1699
f 1674 1699 1675
f 1675 1699 1700
f 1675 1700 1676
f 1676 1700 1701
f 1676 1701 1677
f 1677 1701 1702
f 1677 1702 1678
f 1678 1702 1703
f 1678 1703 1679
f 1679 1703 1704
f 1679 1704 1680
f 1680 1704 1681
f 1680 1681 1657
f 1681 1705 1706
f 1681 1706 1682
f 1682 1706 1707
f 1682 1707 1683
f 1683 1707 1708
f 1683 1708 1684
f 1684 1708 1709
f 1684 1709 1685
f 1685 1709 1710
f 1685 1710 1686
f 1686 1710 1711
f 1686 1711 1687
f 1687 1711 1712
f 1687 1712 1688
f 1688 1712 1713
f 1688 1713 1689
f 1689 1713 1714
f 1689 1714 1690
f 1690 1714 1715
f 1690 1715 1691
f 1691 1715 1716
f 1691 1716 1692
f 1692 1716 1717
f 1692 1717 1693
f 1693 1717 1718
f 1693 1718 1694
f 1694 1718 1719
f 1694 1719 1695
f 1695 1719 1720
f 1695 1720 1696
f 1696 1720 1721
f 1696 1721 1697
f 1697 1721 1722
f 1697 1722 1698
f 1698 1722 1723
f 1698 1723 1699
f 1699 1723 1724
f 1699 1724 1700
f 1700 1724 1725
f 1700 1725 1701
f 1701 1725 1726
f 1701 1726 1702
f 1702 1726 1727
f 1702 1727 1703
f 1703 1727 1728
f 1703 1728 1704
f 1704 1728 1705
f 1704 1705 1681
f 1705 1729 1730
f 1705 1730 1706
f 1706 1730 1731
f 1706 1731 1707
f 1707 1731 1732
f 1707 1732 1708
f 1708 1732 1733
f 1708 1733 1709
f 1709 1733 1734
f 1709 1734 1710
f 1710 1734 1735
f 1710 1735 1711
f 1711 1735 1736
f 1711 1736 1712
f 1712 1736 1737
f 1712 1737 1713
f 1713 1737 1738
f 1713 1738 1714
f 1714 1738 1739
f 1714 1739 1715
f 1715 1739 1740
f 1715 1740 1716
f 1716 1740 1741
f 1716 1741 1717
f 1717 1741 1742
f 1717 1742 1718
f 1718 1742 1743
f 1718 1743 1719
f 1719 1743 1744
f 1719 1744 1720
f 1720 1744 1745
f 1720 1745 1721
f 1721 1745 1746
f 1721 1746 1722
f 1722 1746 1747
f 1722 1747 1723
f 1723 1747 1748
f 1723 1748 1724
f 1724 1748 1749
f 1724 1749 1725
f 1725 1749 1750
f 1725 1750 1726
f 1726 1750 1751
f 1726 1751 1727
f 1727 1751 1752
f 1727 1752 1728
f 1728 1752 1729
f 1728 1729 1705
f 1729 1753 1754
f 1729 1754 1730
f 1730 1754 1755
f 1730 1755 1731
f 1731 1755 1756
f 1731 1756 1732
f 1732 1756 1757
f 1732 1757 1733
f 1733 1757 1758
f 1733 1758 1734
f 1734 1758 1759
f 1734 1759 1735
f 1735 1759 1760
f 1735 1760 1736
f 1736 1760 1761
f 1736 1761 1737
f 1737 1761 1762
f 1737 1762 1738
f 1738 1762 1763
f 1738 1763 1739
f 1739 1763 1764
f 1739 1764 1740
f 1740 1764 1765
f 1740 1765 1741
f 1741 1765 1766
f 1741 1766 1742
f 1742 1766 1767
f 1742 1767 1743
f 1743 1767 1768
f 1743 1768 1744
f 1744 1768 1769
f 1744 1769 1745
f 1745 1769 1770
f 1745 1770 1746
f 1746 1770 1771
f 1746 1771 1747
f 1747 1771 1772
f 1747 1772 1748
f 1748 1772 1773
f 1748 1773 1749
f 1749 1773 1774
f 1749 1774 1750
f 1750 1774 1775
f 1750 1775 1751
f 1751 1775 1776
f 1751 1776 1752
f 1752 1776 1753
f 1752 1753 1729
f 1753 1777 1778
f 1753 1778 1754
f 1754 1778 1779
f 1754 1779 1755
f 1755 1779 1780
f 1755 1780 1756
f 1756 1780 1781
f 1756 1781 1757
f 1757 1781 1782
f 1757 1782 1758
f 1758 1782 1783
f 1758 1783 1759
f 1759 1783 1784
f 1759 1784 1760
f 1760 1784 1785
f 1760 1785 1761
f 1761 1785 1786
f 1761 1786 1762
f 1762 1786 1787
f 1762 1787 1763
f 1763 1787 1788
f 1763 1788 1764
f 1764 1788 1789
f 1764 1789 1765
f 1765 1789 1790
f 1765 1790 1766
f 1766 1790 1791
f 1766 1791 1767
f 1767 1791 1792
f 1767 1792 1768
f 1768 1792 1793
f 1768 1793 1769
f 1769 1793 1794
f 1769 1794 1770
f 1770 1794 1795
f 1770 1795 1771
f 1771 1795 1796
f 1771 1796 1772
f 1772 1796 1797
f 1772 1797 1773
f 1773 1797 1798
f 1773 1798 1774
f 1774 1798 1799
f 1774 1799 1775
f 1775 1799 1800
f 1775 1800 1776
f 1776 1800 1777
f 1776 1777 1753
f 1777 1801 1802
f 1777 1802 1778
f 1778 1802 1803
f 1778 1803 1779
f 1779 1803 1804
f 1779 1804 1780
f 1780 1804 1805
f 1780 1805 1781
f 1781 1805 1806
f 1781 1806 1782
f 1782 1806 1807
f 1782 1807 1783
f 1783 1807 1808
f 1783 1808 1784
f 1784 1808 1809
f 1784 1809 1785
f 1785 1809 1810
f 1785 1810 1786
f 1786 1810 1811
f 1786 1811 1787
f 1787 1811 1812
f 1787 1812 1788
f 1788 1812 1813
f 1788 1813 1789
f 1789 1813 1814
f 1789 1814 1790
f 1790 1814 1815
f 1790 1815 1791
f 1791 1815 1816
f 1791 1816 1792
f 1792 1816 1817
f 1792 1817 1793
f 1793 1817 1818
f 1793 1818 1794
f 1794 1818 1819
f 1794 1819 1795
f 1795 1819 1820
f 1795 1820 1796
f 1796 1820 1821
f 1796 1821 1797
f 1797 1821 1822
f 1797 1822 1798
f 1798 1822 1823
f 1798 1823 1799
f 1799 1823 1824
f 1799 1824 1800
f 1800 1824 1801
f 1800 1801 1777
f 1801 1825 1826
f 1801 1826 1802
f 1802 1826 1827
f 1802 1827 1803
f 1803 1827 1828
f 1803 1828 1804
f 1804 1828 1829
f 1804 1829 1805
f 1805 1829 1830
f 1805 1830 1806
f 1806 1830 1831
f 1806 1831 1807
f 1807 1831 1832
f 1807 1832 1808
f 1808 1832 1833
f 1808 1833 1809
f 1809 1833 1834
f 1809 1834 1810
f 1810 1834 1835
f 1810 1835 1811
f 1811 1835 1836
f 1811 1836 1812
f 1812 1836 1837
f 1812 1837 1813
f 1813 1837 1838
f 1813 1838 1814
f 1814 1838 1839
f 1814 1839 1815
f 1815 1839 1840
f 1815 1840 1816
f 1816 1840 1841
f 1816 1841 1817
f 1817 1841 1842
f 1817 1842 1818
f 1818 1842 1843
f 1818 1843 1819
f 1819 1843 1844
f 1819 1844 1820
f 1820 1844 1845
f 1820 1845 1821
f 1821 1845 1846
f 1821 1846 1822
f 1822 1846 1847
f 1822 1847 1823
f 1823 1847 1848
f 1823 1848 1824
f 1824 1848 1825
f 1824 1825 1801
f 1825 1849 1850
f 1825 1850 1826
f 1826 1850 1851
f 1826 1851 1827
f 1827 1851 1852
f 1827 1852 1828
f 1828 1852 1853
f 1828 1853 1829
f 1829 1853 1854
f 1829 1854 1830
f 1830 1854 1855
f 1830 1855 1831
f 1831 1855 1856
f 1831 1856 1832
f 1832 1856 1857
f 1832 1857 1833
f 1833 1857 1858
f 1833 1858 1834
f 1834 1858 1859
f 1834 1859 1835
f 1835 1859 1860
f 1835 1860 1836
f 1836 1860 1861
f 1836 1861 1837
f 1837 1861 1862
f 1837 1862 1838
f 1838 1862 1863
f 1838 1863 1839
f 1839 1863 1864
f 1839 1864 1840
f 1840 1864 1865
f 1840 1865 1841
f 1841 1865 1866
f 1841 1866 1842
f 1842 1866 1867
f 1842 1867 1843
f 1843 1867 1868
f 1843 1868 1844
f 1844 1868 1869
f 1844 1869 1845
f 1845 1869 1870
f 1845 1870 1846
f 1846 1870 1871
f 1846 1871 1847
f 1847 1871 1872
f 1847 1872 1848
f 1848 1872 1849
f 1848 1849 1825
f 1849 1873 1874
f 1849 1874 1850
f 1850 1874 1875
f 1850 1875 1851
f 1851 1875 1876
f 1851 1876 1852
f 1852 1876 1877
f 1852 1877 1853
f 1853 1877 1878
f 1853 1878 1854
f 1854 1878 1879
f 1854 1879 1855
f 1855 1879 1880
f 1855 1880 1856
f 1856 1880 1881
f 1856 1881 1857
f 1857 1881 1882
f 1857 1882 1858
f 1858 1882 1883
f 1858 1883 1859
f 1859 1883 1884
f 1859 1884 1860
f 1860 1884 1885
f 1860 1885 1861
f 1861 1885 1886
f 1861 1886 1862
f 1862 1886 1887
f 1862 1887 1863
f 1863 1887 1888
f 1863 1888 1864
f 1864 1888 1889
f 1864 1889 1865
f 1865 1889 1890
f 1865 1890 1866
f 1866 1890 1891
f 1866 1891 1867
f 1867 1891 1892
f 1867 1892 1868
f 1868 1892 1893
f 1868 1893 1869
f 1869 1893 1894
f 1869 1894 1870
f 1870 1894 1895
f 1870 1895 1871
f 1871 1895 1896
f 1871 1896 1872
f 1872 1896 1873
f 1872 1873 1849
f 1873 1897 1898
f 1873 1898 1874
f 1874 1898 1899
f 1874 1899 1875
f 1875 1899 1900
f 1875 1900 1876
f 1876 1900 1901
f 1876 1901 1877
f 1877 1901 1902
f 1877 1902 1878
f 1878 1902 1903
f 1878 1903 1879
f 1879 1903 1904
f 1879 1904 1880
f 1880 1904 1905
f 1880 1905 1881
f 1881 1905 1906
f 1881 1906 1882
f 1882 1906 1907
f 1882 1907 1883
f 1883 1907 1908
f 1883 1908 1884
f 1884 1908 1909
f 1884 1909 1885
f 1885 1909 1910
f 1885 1910 1886
f 1886 1910 1911
f 1886 1911 1887
f 1887 1911 1912
f 1887 1912 1888
f 1888 1912 1913
f 1888 1913 1889
f 1889 1913 1914
f 1889 1914 1890
f 1890 1914 1915
f 1890 1915 1891
f 1891 1915 1916
f 1891 1916 1892
f 1892 1916 1917
f 1892 1917 1893
f 1893 1917 1918
f 1893 1918 1894
f 1894 1918 1919
f 1894 1919 1895
f 1895 1919 1920
f 1895 1920 1896
f 1896 1920 1897
f 1896 1897 1873
f 1897 1921 1922
f 1897 1922 1898
f 1898 1922 1923
f 1898 1923 1899
f 1899 1923 1924
f 1899 1924 1900
f 1900 1924 1925
f 1900 1925 1901
f 1901 1925 1926
f 1901 1926 1902
f 1902 1926 1927
f 1902 1927 1903
f 1903 1927 1928
f 1903 1928 1904
f 1904 1928 1929
f 1904 1929 1905
f 1905 1929 1930
f 1905 1930 1906
f 1906 1930 1931
f 1906 1931 1907
f 1907 1931 1932
f 1907 1932 1908
f 1908 1932 1933
f 1908 1933 1909
f 1909 1933 1934
f 1909 1934 1910
f 1910 1934 1935
f 1910 1935 1911
f 1911 1935 1936
f 1911 1936 1912
f 1912 1936 1937
f 1912 1937 1913
f 1913 1937 1938
f 1913 1938 1914
f 1914 1938 1939
f 1914 1939 1915
f 1915 1939 1940
f 1915 1940 1916
f 1916 1940 1941
f 1916 1941 1917
f 1917 1941 1942
f 1917 1942 1918
f 1918 1942 1943
f 1918 1943 1919
f 1919 1943 1944
f 1919 1944 1920
f 1920 1944 1921
f 1920 1921 1897
f 1921 1945 1946
f 1921 1946 1922
f 1922 1946 1947
f 1922 1947 1923
f 1923 1947 1948
f 1923 1948 1924
f 1924 1948 1949
f 1924 1949 1925
f 1925 1949 1950
f 1925 1950 1926
f 1926 1950 1951
f 1926 1951 1927
f 1927 1951 1952
f 1927 1952 1928
f 1928 1952 1953
f 1928 1953 1929
f 1929 1953 1954
f 1929 1954 1930
f 1930 1954 1955
f 1930 1955 1931
f 1931 1955 1956
f 1931 1956 1932
f 1932 1956 1957
f 1932 1957 1933
f 1933 1957 1958
f 1933 1958 1934
f 1934 1958 1959
f 1934 1959 1935
f 1935 1959 1960
f 1935 1960 1936
f 1936 1960 1961
f 1936 1961 1937
f 1937 1961 1962
f 1937 1962 1938
f 1938 1962 1963
f 1938 1963 1939
f 1939 1963 1964
f 1939 1964 1940
f 1940 1964 1965
f 1940 1965 1941
f 1941 1965 1966
f 1941 1966 1942
f 1942 1966 1967
f 1942 1967 1943
f 1943 1967 1968
f 1943 1968 1944
f 1944 1968 1945
f 1944 1945 1921
f 1945 1969 1970
f 1945 1970 1946
f 1946 1970 1971
f 1946 1971 1947
f 1947 1971 1972
f 1947 1972 1948
f 1948 1972 1973
f 1948 1973 1949
f 1949 1973 1974
f 1949 1974 1950
f 1950 1974 1975
f 1950 1975 1951
f 1951 1975 1976
f 1951 1976 1952
f 1952 1976 1977
f 1952 1977 1953
f 1953 1977 1978
f 1953 1978 1954
f 1954 1978 1979
f 1954 1979 1955
f 1955 1979 1980
f 1955 1980 1956
f 1956 1980 1981
f 1956 1981 1957
f 1957 1981 1982
f 1957 1982 1958
f 1958 1982 1983
f 1958 1983 1959
f 1959 1983 1984
f 1959 1984 1960
f 1960 1984 1985
f 1960 1985 1961
f 1961 1985 1986
f 1961 1986 1962
f 1962 1986 1987
f 1962 1987 1963
f 1963 1987 1988
f 1963 1988 1964
f 1964 1988 1989
f 1964 1989 1965
f 1965 1989 1990
f 1965 1990 1966
f 1966 1990 1991
f 1966 1991 1967
f 1967 1991 1992
f 1967 1992 1968
f 1968 1992 1969
f 1968 1969 1945
f 1969 1993 1994
f 1969 1994 1970
f 1970 1994 1995
f 1970 1995 1971
f 1971 1995 1996
f 1971 1996 1972
f 1972 1996 1997
f 1972 1997 1973
f 1973 1997 1998
f 1973 1998 1974
f 1974 1998 1999
f 1974 1999 1975
f 1975 1999 2000
f 1975 2000 1976
f 1976 2000 2001
f 1976 2001 1977
f 1977 2001 2002
f 1977 2002 1978
f 1978 2002 2003
f 1978 2003 1979
f 1979 2003 2004
f 1979 2004 1980
f 1980 2004 2005
f 1980 2005 1981
f 1981 2005 2006
f 1981 2006 1982
f 1982 2006 2007
f 1982 2007 1983
f 1983 2007 2008
f 1983 2008 1984
f 1984 2008 2009
f 1984 2009 1985
f 1985 2009 2010
f 1985 2010 1986
f 1986 2010 2011
f 1986 2011 1987
f 1987 2011 2012
f 1987 2012 1988
f 1988 2012 2013
f 1988 2013 1989
f 1989 2013 2014
f 1989 2014 1990
f 1990 2014 2015
f 1990 2015 1991
f 1991 2015 2016
f 1991 2016 1992
f 1992 2016 1993
f 1992 1993 1969
f 1993 2017 2018
f 1993 2018 1994
f 1994 2018 2019
f 1994 2019 1995
f 1995 2019 2020
f 1995 2020 1996
f 1996 2020 2021
f 1996 2021 1997
f 1997 2021 2022
f 1997 2022 1998
f 1998 2022 2023
f 1998 2023 1999
f 1999 2023 2024
f 1999 2024 2000
f 2000 2024 2025
f 2000 2025 2001
f 2001 2025 2026
f 2001 2026 2002
f 2002 2026 2027
f 2002 2027 2003
f 2003 2027 2028
f 2003 2028 2004
f 2004 2028 2029
f 2004 2029 2005
f 2005 2029 2030
f 2005 2030 2006
f 2006 2030 2031
f 2006 2031 2007
f 2007 2031 2032
f 2007 2032 2008
f 2008 2032 2033
f 2008 2033 2009
f 2009 2033 2034
f 2009 2034 2010
f 2010 2034 2035
f 2010 2035 2011
f 2011 2035 2036
f 2011 2036 2012
f 2012 2036 2037
f 2012 2037 2013
f 2013 2037 2038
f 2013 2038 2014
f 2014 2038 2039
f 2014 2039 2015
f 2015 2039 2040
f 2015 2040 2016
f 2016 2040 2017
f 2016 2017 1993
f 2017 2041 2042
f 2017 2042 2018
f 2018 2042 2043
f 2018 2043 2019
f 2019 2043 2044
f 2019 2044 2020
f 2020 2044 2045
f 2020 2045 2021
f 2021 2045 2046
f 2021 2046 2022
f 2022 2046 2047
f 2022 2047 2023
f 2023 2047 2048
f 2023 2048 2024
f 2024 2048 2049
f 2024 2049 2025
f 2025 2049 2050
f 2025 2050 2026
f 2026 2050 2051
f 2026 2051 2027
f 2027 2051 2052
f 2027 2052 2028
f 2028 2052 2053
f 2028 2053 2029
f 2029 2053 2054
f 2029 2054 2030
f 2030 2054 2055
f 2030 2055 2031
f 2031 2055 2056
f 2031 2056 2032
f 2032 2056 2057
f 2032 2057 2033
f 2033 2057 2058
f 2033 2058 2034
f 2034 2058 2059
f 2034 2059 2035
f 2035 2059 2060
f 2035 2060 2036
f 2036 2060 2061
f 2036 2061 2037
f 2037 2061 2062
f 2037 2062 2038
f 2038 2062 2063
f 2038 2063 2039
f 2039 2063 2064
f 2039 2064 2040
f 2040 2064 2041
f 2040 2041 2017
f 2041 2065 2066
f 2041 2066 2042
f 2042 2066 2067
f 2042 2067 2043
f 2043 2067 2068
f 2043 2068 2044
f 2044 2068 2069
f 2044 2069 2045
f 2045 2069 2070
f 2045 2070 2046
f 2046 2070 2071
f 2046 2071 2047
f 2047 2071 2072
f 2047 2072 2048
f 2048 2072 2073
f 2048 2073 2049
f 2049 2073 2074
f 2049 2074 2050
f 2050 2074 2075
f 2050 2075 2051
f 2051 2075 2076
f 2051 2076 2052
f 2052 2076 2077
f 2052 2077 2053
f 2053 2077 2078
f 2053 2078 2054
f 2054 2078 2079
f 2054 2079 2055
f 2055 2079 2080
f 2055 2080 2056
f 2056 2080 2081
f 2056 2081 2057
f 2057 2081 2082
f 2057 2082 2058
f 2058 2082 2083
f 2058 2083 2059
f 2059 2083 2084
f 2059 2084 2060
f 2060 2084 2085
f 2060 2085 2061
f 2061 2085 2086
f 2061 2086 2062
f 2062 2086 2087
f 2062 2087 2063
f 2063 2087 2088
f 2063 2088 2064
f 2064 2088 2065
f 2064 2065 2041
f 2065 2089 2090
f 2065 2090 2066
f 2066 2090 2091
f 2066 2091 2067
f 2067 2091 2092
f 2067 2092 2068
f 2068 2092 2093
f 2068 2093 2069
f 2069 2093 2094
f 2069 2094 2070
f 2070 2094 2095
f 2070 2095 2071
f 2071 2095 2096
f 2071 2096 2072
f 2072 2096 2097
f 2072 2097 2073
f 2073 2097 2098
f 2073 2098 2074
f 2074 2098 2099
f 2074 2099 2075
f 2075 2099 2100
f 2075 2100 2076
f 2076 2100 2101
f 2076 2101 2077
f 2077 2101 2102
f 2077 2102 2078
f 2078 2102 2103
f 2078 2103 2079
f 2079 2103 2104
f 2079 2104 2080
f 2080 2104 2105
f 2080 2105 2081
f 2081 2105 2106
f 2081 2106 2082
f 2082 2106 2107
f 2082 2107 2083
f 2083 2107 2108
f 2083 2108 2084
f 2084 2108 2109
f 2084 2109 2085
f 2085 2109 2110
f 2085 2110 2086
f 2086 2110 2111
f 2086 2111 2087
f 2087 2111 2112
f 2087 2112 2088
f 2088 2112 2089
f 2088 2089 2065
f 2089 2113 2114
f 2089 2114 2090
f 2090 2114 2115
f 2090 2115 2091
f 2091 2115 2116
f 2091 2116 2092
f 2092 2116 2117
f 2092 2117 2093
f 2093 2117 2118
f 2093 2118 2094
f 2094 2118 2119
f 2094 2119 2095
f 2095 2119 2120
f 2095 2120 2096
f 2096 2120 2121
f 2096 2121 2097
f 2097 2121 2122
f 2097 2122 2098
f 2098 2122 2123
f 2098 2123 2099
f 2099 2123 2124
f 2099 2124 2100
f 2100 2124 2125
f 2100 2125 2101
f 2101 2125 2126
f 2101 2126 2102
f 2102 2126 2127
f 2102 2127 2103
f 2103 2127 2128
f 2103 2128 2104
f 2104 2128 2129
f 2104 2129 2105
f 2105 2129 2130
f 2105 2130 2106
f 2106 2130 2131
f 2106 2131 2107
f 2107 2131 2132
f 2107 2132 2108
f 2108 2132 2133
f 2108 2133 2109
f 2109 2133 2134
f 2109 2134 2110
f 2110 2134 2135
f 2110 2135 2111
f 2111 2135 2136
f 2111 2136 2112
f 2112 2136 2113
f 2112 2113 2089
f 2113 2137 2138
f 2113 2138 2114
f 2114 2138 2139
f 2114 2139 2115
f 2115 2139 2140
f 2115 2140 2116
f 2116 2140 2141
f 2116 2141 2117
f 2117 2141 2142
f 2117 2142 2118
f 2118 2142 2143
f 2118 2143 2119
f 2119 2143 2144
f 2119 2144 2120
f 2120 2144 2145
f 2120 2145 2121
f 2121 2145 2146
f 2121 2146 2122
f 2122 2146 2147
f 2122 2147 2123
f 2123 2147 2148
f 2123 2148 2124
f 2124 2148 2149
f 2124 2149 2125
f 2125 2149 2150
f 2125 2150 2126
f 2126 2150 2151
f 2126 2151 2127
f 2127 2151 2152
f 2127 2152 2128
f 2128 2152 2153
f 2128 2153 2129
f 2129 2153 2154
f 2129 2154 2130
f 2130 2154 2155
f 2130 2155 2131
f 2131 2155 2156
f 2131 2156 2132
f 2132 2156 2157
f 2132 2157 2133
f 2133 2157 2158
f 2133 2158 2134
f 2134 2158 2159
f 2134 2159 2135
f 2135 2159 2160
f 2135 2160 2136
f 2136 2160 2137
f 2136 2137 2113
f 2137 2161 2162
f 2137 2162 2138
f 2138 2162 2163
f 2138 2163 2139
f 2139 2163 2164
f 2139 2164 2140
f 2140 2164 2165
f 2140 2165 2141
f 2141 2165 2166
f 2141 2166 2142
f 2142 2166 2167
f 2142 2167 2143
f 2143 2167 2168
f 2143 2168 2144
f 2144 2168 2169
f 2144 2169 2145
f 2145 2169 2170
f 2145 2170 2146
f 2146 2170 2171
f 2146 2171 2147
f 2147 2171 2172
f 2147 2172 2148
f 2148 2172 2173
f 2148 2173 2149
f 2149 2173 2174
f 2149 2174 2150
f 2150 2174 2175
f 2150 2175 2151
f 2151 2175 2176
f 2151 2176 2152
f 2152 2176 2177
f 2152 2177 2153
f 2153 2177 2178
f 2153 2178 2154
f 2154 2178 2179
f 2154 2179 2155
f 2155 2179 2180
f 2155 2180 2156
f 2156 2180 2181
f 2156 2181 2157
f 2157 2181 2182
f 2157 2182 2158
f 2158 2182 2183
f 2158 2183 2159
f 2159 2183 2184
f 2159 2184 2160
f 2160 2184 2161
f 2160 2161 2137
f 2161 2185 2186
f 2161 2186 2162
f 2162 2186 2187
f 2162 2187 2163
f 2163 2187 2188
f 2163 2188 2164
f 2164 2188 2189
f 2164 2189 2165
f 2165 2189 2190
f 2165 2190 2166
f 2166 2190 2191
f 2166 2191 2167
f 2167 2191 2192
f 2167 2192 2168
f 2168 2192 2193
f 2168 2193 2169
f 2169 2193 2194
f 2169 2194 2170
f 2170 2194 2195
f 2170 2195 2171
f 2171 2195 2196
f 2171 2196 2172
f 2172 2196 2197
f 2172 2197 2173
f 2173 2197 2198
f 2173 2198 2174
f 2174 2198 2199
f 2174 2199 2175
f 2175 2199 2200
f 2175 2200 2176
f 2176 2200 2201
f 2176 2201 2177
f 2177 2201 2202
f 2177 2202 2178
f 2178 2202 2203
f 2178 2203 2179
f 2179 2203 2204
f 2179 2204 2180
f 2180 2204 2205
f 2180 2205 2181
f 2181 2205 2206
f 2181 2206 2182
f 2182 2206 2207
f 2182 2207 2183
f 2183 2207 2208
f 2183 2208 2184
f 2184 2208 2185
f 2184 2185 2161
f 2185 2209 2210
f 2185 2210 2186
f 2186 2210 2211
f 2186 2211 2187
f 2187 2211 2212
f 2187 2212 2188
f 2188 2212 2213
f 2188 2213 2189
f 2189 2213 2214
f 2189 2214 2190
f 2190 2214 2215
f 2190 2215 2191
f 2191 2215 2216
f 2191 2216 2192
f 2192 2216 2217
f 2192 2217 2193
f 2193 2217 2218
f 2193 2218 2194
f 2194 2218 2219
f 2194 2219 2195
f 2195 2219 2220
f 2195 2220 2196
f 2196 2220 2221
f 2196 2221 2197
f 2197 2221 2222
f 2197 2222 2198
f 2198 2222 2223
f 2198 2223 2199
f 2199 2223 2224
f 2199 2224 2200
f 2200 2224 2225
f 2200 2225 2201
f 2201 2225 2226
f 2201 2226 2202
f 2202 2226 2227
f 2202 2227 2203
f 2203 2227 2228
f 2203 2228 2204
f 2204 2228 2229
f 2204 2229 2205
f 2205 2229 2230
f 2205 2230 2206
f 2206 2230 2231
f 2206 2231 2207
f 2207 2231 2232
f 2207 2232 2208
f 2208 2232 2209
f 2208 2209 2185
f 2209 2233 2234
f 2209 2234 2210
f 2210 2234 2235
f 2210 2235 2211
f 2211 2235 2236
f 2211 2236 2212
f 2212 2236 2237
f 2212 2237 2213
f 2213 2237 2238
f 2213 2238 2214
f 2214 2238 2239
f 2214 2239 2215
f 2215 2239 2240
f 2215 2240 2216
f 2216 2240 2241
f 2216 2241 2217
f 2217 2241 2242
f 2217 2242 2218
f 2218 2242 2243
f 2218 2243 2219
f 2219 2243 2244
f 2219 2244 2220
f 2220 2244 2245
f 2220 2245 2221
f 2221 2245 2246
f 2221 2246 2222
f 2222 2246 2247
f 2222 2247 2223
f 2223 2247 2248
f 2223 2248 2224
f 2224 2248 2249
f 2224 2249 2225
f 2225 2249 2250
f 2225 2250 2226
f 2226 2250 2251
f 2226 2251 2227
f 2227 2251 2252
f 2227 2252 2228
f 2228 2252 2253
f 2228 2253 2229
f 2229 2253 2254
f 2229 2254 2230
f 2230 2254 2255
f 2230 2255 2231
f 2231 2255 2256
f 2231 2256 2232
f 2232 2256 2233
f 2232 2233 2209
f 2233 2257 2258
f 2233 2258 2234
f 2234 2258 2259
f 2234 2259 2235
f 2235 2259 2260
f 2235 2260 2236
f 2236 2260 2261
f 2236 2261 2237
f 2237 2261 2262
f 2237 2262 2238
f 2238 2262 2263
f 2238 2263 2239
f 2239 2263 2264
f 2239 2264 2240
f 2240 2264 2265
f 2240 2265 2241
f 2241 2265 2266
f 2241 2266 2242
f 2242 2266 2267
f 2242 2267 2243
f 2243 2267 2268
f 2243 2268 2244
f 2244 2268 2269
f 2244 2269 2245
f 2245 2269 2270
f 2245 2270 2246
f 2246 2270 2271
f 2246 2271 2247
f 2247 2271 2272
f 2247 2272 2248
f 2248 2272 2273
f 2248 2273 2249
f 2249 2273 2274
f 2249 2274 2250
f 2250 2274 2275
f 2250 2275 2251
f 2251 2275 2276
f 2251 2276 2252
f 2252 2276 2277
f 2252 2277 2253
f 2253 2277 2278
f 2253 2278 2254
f 2254 2278 2279
f 2254 2279 2255
f 2255 2279 2280
f 2255 2280 2256
f 2256 2280 2257
f 2256 2257 2233
f 2257 2281 2282
f 2257 2282 2258
f 2258 2282 2283
f 2258 2283 2259
f 2259 2283 2284
f 2259 2284 2260
f 2260 2284 2285
f 2260 2285 2261
f 2261 2285 2286
f 2261 2286 2262
f 2262 2286 2287
f 2262 2287 2263
f 2263 2287 2288
f 2263 2288 2264
f 2264 2288 2289
f 2264 2289 2265
f 2265 2289 2290
f 2265 2290 2266
f 2266 2290 2291
f 2266 2291 2267
f 2267 2291 2292
f 2267 2292 2268
f 2268 2292 2293
f 2268 2293 2269
f 2269 2293 2294
f 2269 2294 2270
f 2270 2294 2295
f 2270 2295 2271
f 2271 2295 2296
f 2271 2296 2272
f 2272 2296 2297
f 2272 2297 2273
f 2273 2297 2298
f 2273 2298 2274
f 2274 2298 2299
f 2274 2299 2275
f 2275 2299 2300
f 2275 2300 2276
f 2276 2300 2301
f 2276 2301 2277
f 2277 2301 2302
f 2277 2302 2278
f 2278 2302 2303
f 2278 2303 2279
f 2279 2303 2304
f 2279 2304 2280
f 2280 2304 2281
f 2280 2281 2257
f 2281 2305 2306
f 2281 2306 2282
f 2282 2306 2307
f 2282 2307 2283
f 2283 2307 2308
f 2283 2308 2284
f 2284 2308 2309
f 2284 2309 2285
f 2285 2309 2310
f 2285 2310 2286
f 2286 2310 2311
f 2286 2311 2287
f 2287 2311 2312
f 2287 2312 2288
f 2288 2312 2313
f 2288 2313 2289
f 2289 2313 2314
f 2289 2314 2290
f 2290 2314 2315
f 2290 2315 2291
f 2291 2315 2316
f 2291 2316 2292
f 2292 2316 2317
f 2292 2317 2293
f 2293 2317 2318
f 2293 2318 2294
f 2294 2318 2319
f 2294 2319 2295
f 2295 2319 2320
f 2295 2320 2296
f 2296 2320 2321
f 2296 2321 2297
f 2297 2321 2322
f 2297 2322 2298
f 2298 2322 2323
f 2298 2323 2299
f 2299 2323 2324
f 2299 2324 2300
f 2300 2324 2325
f 2300 2325 2301
f 2301 2325 2326
f 2301 2326 2302
f 2302 2326 2327
f 2302 2327 2303
f 2303 2327 2328
f 2303 2328 2304
f 2304 2328 2305
f 2304 2305 2281
f 2305 2329 2330
f 2305 2330 2306
f 2306 2330 2331
f 2306 2331 2307
f 2307 2331 2332
f 2307 2332 2308
f 2308 2332 2333
f 2308 2333 2309
f 2309 2333 2334
f 2309 2334 2310
f 2310 2334 2335
f 2310 2335 2311
f 2311 2335 2336
f 2311 2336 2312
f 2312 2336 2337
f 2312 2337 2313
f 2313 2337 2338
f 2313 2338 2314
f 2314 2338 2339
f 2314 2339 2315
f 2315 2339 2340
f 2315 2340 2316
f 2316 2340 2341
f 2316 2341 2317
f 2317 2341 2342
f 2317 2342 2318
f 2318 2342 2343
f 2318 2343 2319
f 2319 2343 2344
f 2319 2344 2320
f 2320 2344 2345
f 2320 2345 2321
f 2321 2345 2346
f 2321 2346 2322
f 2322 2346 2347
f 2322 2347 2323
f 2323 2347 2348
f 2323 2348 2324
f 2324 2348 2349
f 2324 2349 2325
f 2325 2349 2350
f 2325 2350 2326
f 2326 2350 2351
f 2326 2351 2327
f 2327 2351 2352
f 2327 2352 2328
f 2328 2352 2329
f 2328 2329 2305
f 2329 2353 2354
f 2329 2354 2330
f 2330 2354 2355
f 2330 2355 2331
f 2331 2355 2356
f 2331 2356 2332
f 2332 2356 2357
f 2332 2357 2333
f 2333 2357 2358
f 2333 2358 2334
f 2334 2358 2359
f 2334 2359 2335
f 2335 2359 2360
f 2335 2360 2336
f 2336 2360 2361
f 2336 2361 2337
f 2337 2361 2362
f 2337 2362 2338
f 2338 2362 2363
f 2338 2363 2339
f 2339 2363 2364
f 2339 2364 2340
f 2340 2364 2365
f 2340 2365 2341
f 2341 2365 2366
f 2341 2366 2342
f 2342 2366 2367
f 2342 2367 2343
f 2343 2367 2368
f 2343 2368 2344
f 2344 2368 2369
f 2344 2369 2345
f 2345 2369 2370
f 2345 2370 2346
f 2346 2370 2371
f 2346 2371 2347
f 2347 2371 2372
f 2347 2372 2348
f 2348 2372 2373
f 2348 2373 2349
f 2349 2373 2374
f 2349 2374 2350
f 2350 2374 2375
f 2350 2375 2351
f 2351 2375 2376
f 2351 2376 2352
f 2352 2376 2353
f 2352 2353 2329
f 2353 2377 2378
f 2353 2378 2354
f 2354 2378 2379
f 2354 2379 2355
f 2355 2379 2380
f 2355 2380 2356
f 2356 2380 2381
f 2356 2381 2357
f 2357 2381 2382
f 2357 2382 2358
f 2358 2382 2383
f 2358 2383 2359
f 2359 2383 2384
f 2359 2384 2360
f 2360 2384 2385
f 2360 2385 2361
f 2361 2385 2386
f 2361 2386 2362
f 2362 2386 2387
f 2362 2387 2363
f 2363 2387 2388
f 2363 2388 2364
f 2364 2388 2389
f 2364 2389 2365
f 2365 2389 2390
f 2365 2390 2366
f 2366 2390 2391
f 2366 2391 2367
f 2367 2391 2392
f 2367 2392 2368
f 2368 2392 2393
f 2368 2393 2369
f 2369 2393 2394
f 2369 2394 2370
f 2370 2394 2395
f 2370 2395 2371
f 2371 2395 2396
f 2371 2396 2372
f 2372 2396 2397
f 2372 2397 2373
f 2373 2397 2398
f 2373 2398 2374
f 2374 2398 2399
f 2374 2399 2375
f 2375 2399 2400
f 2375 2400 2376
f 2376 2400 2377
f 2376 2377 2353
f 2377 2401 2402
f 2377 2402 2378
f 2378 2402 2403
f 2378 2403 2379
f 2379 2403 2404
f 2379 2404 2380
f 2380 2404 2405
f 2380 2405 2381
f 2381 2405 2406
f 2381 2406 2382
f 2382 2406 2407
f 2382 2407 2383
f 2383 2407 2408
f 2383 2408 2384
f 2384 2408 2409
f 2384 2409 2385
f 2385 2409 2410
f 2385 2410 2386
f 2386 2410 2411
f 2386 2411 2387
f 2387 2411 2412
f 2387 2412 2388
f 2388 2412 2413
f 2388 2413 2389
f 2389 2413 2414
f 2389 2414 2390
f 2390 2414 2415
f 2390 2415 2391
f 2391 2415 2416
f 2391 2416 2392
f 2392 2416 2417
f 2392 2417 2393
f 2393 2417 2418
f 2393 2418 2394
f 2394 2418 2419
f 2394 2419 2395
f 2395 2419 2420
f 2395 2420 2396
f 2396 2420 2421
f 2396 2421 2397
f 2397 2421 2422
f 2397 2422 2398
f 2398 2422 2423
f 2398 2423 2399
f 2399 2423 2424
f 2399 2424 2400
f 2400 2424 2401
f 2400 2401 2377
f 2401 2425 2426
f 2401 2426 2402
f 2402 2426 2427
f 2402 2427 2403
f 2403 2427 2428
f 2403 2428 2404
f 2404 2428 2429
f 2404 2429 2405
f 2405 2429 2430
f 2405 2430 2406
f 2406 2430 2431
f 2406 2431 2407
f 2407 2431 2432
f 2407 2432 2408
f 2408 2432 2433
f 2408 2433 2409
f 2409 2433 2434
f 2409 2434 2410
f 2410 2434 2435
f 2410 2435 2411
f 2411 2435 2436
f 2411 2436 2412
f 2412 2436 2437
f 2412 2437 2413
f 2413 2437 2438
f 2413 2438 2414
f 2414 2438 2439
f 2414 2439 2415
f 2415 2439 2440
f 2415 2440 2416
f 2416 2440 2441
f 2416 2441 2417
f 2417 2441 2442
f 2417 2442 2418
f 2418 2442 2443
f 2418 2443 2419
f 2419 2443 2444
f 2419 2444 2420
f 2420 2444 2445
f 2420 2445 2421
f 2421 2445 2446
f 2421 2446 2422
f 2422 2446 2447
f 2422 2447 2423
f 2423 2447 2448
f 2423 2448 2424
f 2424 2448 2425
f 2424 2425 2401
f 2425 2449 2450
f 2425 2450 2426
f 2426 2450 2451
f 2426 2451 2427
f 2427 2451 2452
f 2427 2452 2428
f 2428 2452 2453
f 2428 2453 2429
f 2429 2453 2454
f 2429 2454 2430
f 2430 2454 2455
f 2430 2455 2431
f 2431 2455 2456
f 2431 2456 2432
f 2432 2456 2457
f 2432 2457 2433
f 2433 2457 2458
f 2433 2458 2434
f 2434 2458 2459
f 2434 2459 2435
f 2435 2459 2460
f 2435 2460 2436
f 2436 2460 2461
f 2436 2461 2437
f 2437 2461 2462
f 2437 2462 2438
f 2438 2462 2463
f 2438 2463 2439
f 2439 2463 2464
f 2439 2464 2440
f 2440 2464 2465
f 2440 2465 2441
f 2441 2465 2466
f 2441 2466 2442
f 2442 2466 2467
f 2442 2467 2443
f 2443 2467 2468
f 2443 2468 2444
f 2444 2468 2469
f 2444 2469 2445
f 2445 2469 2470
f 2445 2470 2446
f 2446 2470 2471
f 2446 2471 2447
f 2447 2471 2472
f 2447 2472 2448
f 2448 2472 2449
f 2448 2449 2425
f 2449 2473 2474
f 2449 2474 2450
f 2450 2474 2475
f 2450 2475 2451
f 2451 2475 2476
f 2451 2476 2452
f 2452 2476 2477
f 2452 2477 2453
f 2453 2477 2478
f 2453 2478 2454
f 2454 2478 2479
f 2454 2479 2455
f 2455 2479 2480
f 2455 2480 2456
f 2456 2480 2481
f 2456 2481 2457
f 2457 2481 2482
f 2457 2482 2458
f 2458 2482 2483
f 2458 2483 2459
f 2459 2483 2484
f 2459 2484 2460
f 2460 2484 2485
f 2460 2485 2461
f 2461 2485 2486
f 2461 2486 2462
f 2462 2486 2487
f 2462 2487 2463
f 2463 2487 2488
f 2463 2488 2464
f 2464 2488 2489
f 2464 2489 2465
f 2465 2489 2490
f 2465 2490 2466
f 2466 2490 2491
f 2466 2491 2467
f 2467 2491 2492
f 2467 2492 2468
f 2468 2492 2493
f 2468 2493 2469
f 2469 2493 2494
f 2469 2494 2470
f 2470 2494 2495
f 2470 2495 2471
f 2471 2495 2496
f 2471 2496 2472
f 2472 2496 2473
f 2472 2473 2449
f 2473 2497 2498
f 2473 2498 2474
f 2474 2498 2499
f 2474 2499 2475
f 2475 2499 2500
f 2475 2500 2476
f 2476 2500 2501
f 2476 2501 2477
f 2477 2501 2502
f 2477 2502 2478
f 2478 2502 2503
f 2478 2503 2479
f 2479 2503 2504
f 2479 2504 2480
f 2480 2504 2505
f 2480 2505 2481
f 2481 2505 2506
f 2481 2506 2482
f 2482 2506 2507
f 2482 2507 2483
f 2483 2507 2508
f 2483 2508 2484
f 2484 2508 2509
f 2484 2509 2485
f 2485 2509 2510
f 2485 2510 2486
f 2486 2510 2511
f 2486 2511 2487
f 2487 2511 2512
f 2487 2512 2488
f 2488 2512 2513
f 2488 2513 2489
f 2489 2513 2514
f 2489 2514 2490
f 2490 2514 2515
f 2490 2515 2491
f 2491 2515 2516
f 2491 2516 2492
f 2492 2516 2517
f 2492 2517 2493
f 2493 2517 2518
f 2493 2518 2494
f 2494 2518 2519
f 2494 2519 2495
f 2495 2519 2520
f 2495 2520 2496
f 2496 2520 2497
f 2496 2497 2473
f 2497 2521 2522
f 2497 2522 2498
f 2498 2522 2523
f 2498 2523 2499
f 2499 2523 2524
f 2499 2524 2500
f 2500 2524 2525
f 2500 2525 2501
f 2501 2525 2526
f 2501 2526 2502
f 2502 2526 2527
f 2502 2527 2503
f 2503 2527 2528
f 2503 2528 2504
f 2504 2528 2529
f 2504 2529 2505
f 2505 2529 2530
f 2505 2530 2506
f 2506 2530 2531
f 2506 2531 2507
f 2507 2531 2532
f 2507 2532 2508
f 2508 2532 2533
f 2508 2533 2509
f 2509 2533 2534
f 2509 2534 2510
f 2510 2534 2535
f 2510 2535 2511
f 2511 2535 2536
f 2511 2536 2512
f 2512 2536 2537
f 2512 2537 2513
f 2513 2537 2538
f 2513 2538 2514
f 2514 2538 2539
f 2514 2539 2515
f 2515 2539 2540
f 2515 2540 2516
f 2516 2540 2541
f 2516 2541 2517
f 2517 2541 2542
f 2517 2542 2518
f 2518 2542 2543
f 2518 2543 2519
f 2519 2543 2544
f 2519 2544 2520
f 2520 2544 2521
f 2520 2521 2497
f 2521 2545 2546
f 2521 2546 2522
f 2522 2546 2547
f 2522 2547 2523
f 2523 2547 2548
f 2523 2548 2524
f 2524 2548 2549
f 2524 2549 2525
f 2525 2549 2550
f 2525 2550 2526
f 2526 2550 2551
f 2526 2551 2527
f 2527 2551 2552
f 2527 2552 2528
f 2528 2552 2553
f 2528 2553 2529
f 2529 2553 2554
f 2529 2554 2530
f 2530 2554 2555
f 2530 2555 2531
f 2531 2555 2556
f 2531 2556 2532
f 2532 2556 2557
f 2532 2557 2533
f 2533 2557 2558
f 2533 2558 2534
f 2534 2558 2559
f 2534 2559 2535
f 2535 2559 2560
f 2535 2560 2536
f 2536 2560 2561
f 2536 2561 2537
f 2537 2561 2562
f 2537 2562 2538
f 2538 2562 2563
f 2538 2563 2539
f 2539 2563 2564
f 2539 2564 2540
f 2540 2564 2565
f 2540 2565 2541
f 2541 2565 2566
f 2541 2566 2542
f 2542 2566 2567
f 2542 2567 2543
f 2543 2567 2568
f 2543 2568 2544
f 2544 2568 2545
f 2544 2545 2521
f 2545 2569 2570
f 2545 2570 2546
f 2546 2570 2571
f 2546 2571 2547
f 2547 2571 2572
f 2547 2572 2548
f 2548 2572 2573
f 2548 2573 2549
f 2549 2573 2574
f 2549 2574 2550
f 2550 2574 2575
f 2550 2575 2551
f 2551 2575 2576
f 2551 2576 2552
f 2552 2576 2577
f 2552 2577 2553
f 2553 2577 2578
f 2553 2578 2554
f 2554 2578 2579
f 2554 2579 2555
f 2555 2579 2580
f 2555 2580 2556
f 2556 2580 2581
f 2556 2581 2557
f 2557 2581 2582
f 2557 2582 2558
f 2558 2582 2583
f 2558 2583 2559
f 2559 2583 2584
f 2559 2584 2560
f 2560 2584 2585
f 2560 2585 2561
f 2561 2585 2586
f 2561 2586 2562
f 2562 2586 2587
f 2562 2587 2563
f 2563 2587 2588
f 2563 2588 2564
f 2564 2588 2589
f 2564 2589 2565
f 2565 2589 2590
f 2565 2590 2566
f 2566 2590 2591
f 2566 2591 2567
f 2567 2591 2592
f 2567 2592 2568
f 2568 2592 2569
f 2568 2569 2545
f 2569 2593 2594
f 2569 2594 2570
f 2570 2594 2595
f 2570 2595 2571
f 2571 2595 2596
f 2571 2596 2572
f 2572 2596 2597
f 2572 2597 2573
f 2573 2597 2598
f 2573 2598 2574
f 2574 2598 2599
f 2574 2599 2575
f 2575 2599 2600
f 2575 2600 2576
f 2576 2600 2601
f 2576 2601 2577
f 2577 2601 2602
f 2577 2602 2578
f 2578 2602 2603
f 2578 2603 2579
f 2579 2603 2604
f 2579 2604 2580
f 2580 2604 2605
f 2580 2605 2581
f 2581 2605 2606
f 2581 2606 2582
f 2582 2606 2607
f 2582 2607 2583
f 2583 2607 2608
f 2583 2608 2584
f 2584 2608 2609
f 2584 2609 2585
f 2585 2609 2610
f 2585 2610 2586
f 2586 2610 2611
f 2586 2611 2587
f 2587 2611 2612
f 2587 2612 2588
f 2588 2612 2613
f 2588 2613 2589
f 2589 2613 2614
f 2589 2614 2590
f 2590 2614 2615
f 2590 2615 2591
f 2591 2615 2616
f 2591 2616 2592
f 2592 2616 2593
f 2592 2593 2569
f 2593 2617 2618
f 2593 2618 2594
f 2594 2618 2619
f 2594 2619 2595
f 2595 2619 2620
f 2595 2620 2596
f 2596 2620 2621
f 2596 2621 2597
f 2597 2621 2622
f 2597 2622 2598
f 2598 2622 2623
f 2598 2623 2599
f 2599 2623 2624
f 2599 2624 2600
f 2600 2624 2625
f 2600 2625 2601
f 2601 2625 2626
f 2601 2626 2602
f 2602 2626 2627
f 2602 2627 2603
f 2603 2627 2628
f 2603 2628 2604
f 2604 2628 2629
f 2604 2629 2605
f 2605 2629 2630
f 2605 2630 2606
f 2606 2630 2631
f 2606 2631 2607
f 2607 2631 2632
f 2607 2632 2608
f 2608 2632 2633
f 2608 2633 2609
f 2609 2633 2634
f 2609 2634 2610
f 2610 2634 2635
f 2610 2635 2611
f 2611 2635 2636
f 2611 2636 2612
f 2612 2636 2637
f 2612 2637 2613
f 2613 2637 2638
f 2613 2638 2614
f 2614 2638 2639
f 2614 2639 2615
f 2615 2639 2640
f 2615 2640 2616
f 2616 2640 2617
f 2616 2617 2593
f 2617 2641 2642
f 2617 2642 2618
f 2618 2642 2643
f 2618 2643 2619
f 2619 2643 2644
f 2619 2644 2620
f 2620 2644 2645
f 2620 2645 2621
f 2621 2645 2646
f 2621 2646 2622
f 2622 2646 2647
f 2622 2647 2623
f 2623 2647 2648
f 2623 2648 2624
f 2624 2648 2649
f 2624 2649 2625
f 2625 2649 2650
f 2625 2650 2626
f 2626 2650 2651
f 2626 2651 2627
f 2627 2651 2652
f 2627 2652 2628
f 2628 2652 2653
f 2628 2653 2629
f 2629 2653 2654
f 2629 2654 2630
f 2630 2654 2655
f 2630 2655 2631
f 2631 2655 2656
f 2631 2656 2632
f 2632 2656 2657
f 2632 2657 2633
f 2633 2657 2658
f 2633 2658 2634
f 2634 2658 2659
f 2634 2659 2635
f 2635 2659 2660
f 2635 2660 2636
f 2636 2660 2661
f 2636 2661 2637
f 2637 2661 2662
f 2637 2662 2638
f 2638 2662 2663
f 2638 2663 2639
f 2639 2663 2664
f 2639 2664 2640
f 2640 2664 2641
f 2640 2641 2617
f 2641 2665 2666
f 2641 2666 2642
f 2642 2666 2667
f 2642 2667 2643
f 2643 2667 2668
f 2643 2668 2644
f 2644 2668 2669
f 2644 2669 2645
f 2645 2669 2670
f 2645 2670 2646
f 2646 2670 2671
f 2646 2671 2647
f 2647 2671 2672
f 2647 2672 2648
f 2648 2672 2673
f 2648 2673 2649
f 2649 2673 2674
f 2649 2674 2650
f 2650 2674 2675
f 2650 2675 2651
f 2651 2675 2676
f 2651 2676 2652
f 2652 2676 2677
f 2652 2677 2653
f 2653 2677 2678
f 2653 2678 2654
f 2654 2678 2679
f 2654 2679 2655
f 2655 2679 2680
f 2655 2680 2656
f 2656 2680 2681
f 2656 2681 2657
f 2657 2681 2682
f 2657 2682 2658
f 2658 2682 2683
f 2658 2683 2659
f 2659 2683 2684
f 2659 2684 2660
f 2660 2684 2685
f 2660 2685 2661
f 2661 2685 2686
f 2661 2686 2662
f 2662 2686 2687
f 2662 2687 2663
f 2663 2687 2688
f 2663 2688 2664
f 2664 2688 2665
f 2664 2665 2641
f 2665 2689 2690
f 2665 2690 2666
f 2666 2690 2691
f 2666 2691 2667
f 2667 2691 2692
f 2667 2692 2668
f 2668 2692 2693
f 2668 2693 2669
f 2669 2693 2694
f 2669 2694 2670
f 2670 2694 2695
f 2670 2695 2671
f 2671 2695 2696
f 2671 2696 2672
f 2672 2696 2697
f 2672 2697 2673
f 2673 2697 2698
f 2673 2698 2674
f 2674 2698 2699
f 2674 2699 2675
f 2675 2699 2700
f 2675 2700 2676
f 2676 2700 2701
f 2676 2701 2677
f 2677 2701 2702
f 2677 2702 2678
f 2678 2702 2703
f 2678 2703 2679
f 2679 2703 2704
f 2679 2704 2680
f 2680 2704 2705
f 2680 2705 2681
f 2681 2705 2706
f 2681 2706 2682
f 2682 2706 2707
f 2682 2707 2683
f 2683 2707 2708
f 2683 2708 2684
f 2684 2708 2709
f 2684 2709 2685
f 2685 2709 2710
f 2685 2710 2686
f 2686 2710 2711
f 2686 2711 2687
f 2687 2711 2712
f 2687 2712 2688
f 2688 2712 2689
f 2688 2689 2665
f 2689 2713 2714
f 2689 2714 2690
f 2690 2714 2715
f 2690 2715 2691
f 2691 2715 2716
f 2691 2716 2692
f 2692 2716 2717
f 2692 2717 2693
f 2693 2717 2718
f 2693 2718 2694
f 2694 2718 2719
f 2694 2719 2695
f 2695 2719 2720
f 2695 2720 2696
f 2696 2720 2721
f 2696 2721 2697
f 2697 2721 2722
f 2697 2722 2698
f 2698 2722 2723
f 2698 2723 2699
f 2699 2723 2724
f 2699 2724 2700
f 2700 2724 2725
f 2700 2725 2701
f 2701 2725 2726
f 2701 2726 2702
f 2702 2726 2727
f 2702 2727 2703
f 2703 2727 2728
f 2703 2728 2704
f 2704 2728 2729
f 2704 2729 2705
f 2705 2729 2730
f 2705 2730 2706
f 2706 2730 2731
f 2706 2731 2707
f 2707 2731 2732
f 2707 2732 2708
f 2708 2732 2733
f 2708 2733 2709
f 2709 2733 2734
f 2709 2734 2710
f 2710 2734 2735
f 2710 2735 2711
f 2711 2735 2736
f 2711 2736 2712
f 2712 2736 2713
f 2712 2713 2689
f 2713 2737 2738
f 2713 2738 2714
f 2714 2738 2739
f 2714 2739 2715
f 2715 2739 2740
f 2715 2740 2716
f 2716 2740 2741
f 2716 2741 2717
f 2717 2741 2742
f 2717 2742 2718
f 2718 2742 2743
f 2718 2743 2719
f 2719 2743 2744
f 2719 2744 2720
f 2720 2744 2745
f 2720 2745 2721
f 2721 2745 2746
f 2721 2746 2722
f 2722 2746 2747
f 2722 2747 2723
f 2723 2747 2748
f 2723 2748 2724
f 2724 2748 2749
f 2724 2749 2725
f 2725 2749 2750
f 2725 2750 2726
f 2726 2750 2751
f 2726 2751 2727
f 2727 2751 2752
f 2727 2752 2728
f 2728 2752 2753
f 2728 2753 2729
f 2729 2753 2754
f 2729 2754 2730
f 2730 2754 2755
f 2730 2755 2731
f 2731 2755 2756
f 2731 2756 2732
f 2732 2756 2757
f 2732 2757 2733
f 2733 2757 2758
f 2733 2758 2734
f 2734 2758 2759
f 2734 2759 2735
f 2735 2759 2760
f 2735 2760 2736
f 2736 2760 2737
f 2736 2737 2713
f 2737 2761 2762
f 2737 2762 2738
f 2738 2762 2763
f 2738 2763 2739
f 2739 2763 2764
f 2739 2764 2740
f 2740 2764 2765
f 2740 2765 2741
f 2741 2765 2766
f 2741 2766 2742
f 2742 2766 2767
f 2742 2767 2743
f 2743 2767 2768
f 2743 2768 2744
f 2744 2768 2769
f 2744 2769 2745
f 2745 2769 2770
f 2745 2770 2746
f 2746 2770 2771
f 2746 2771 2747
f 2747 2771 2772
f 2747 2772 2748
f 2748 2772 2773
f 2748 2773 2749
f 2749 2773 2774
f 2749 2774 2750
f 2750 2774 2775
f 2750 2775 2751
f 2751 2775 2776
f 2751 2776 2752
f 2752 2776 2777
f 2752 2777 2753
f 2753 2777 2778
f 2753 2778 2754
f 2754 2778 2779
f 2754 2779 2755
f 2755 2779 2780
f 2755 2780 2756
f 2756 2780 2781
f 2756 2781 2757
f 2757 2781 2782
f 2757 2782 2758
f 2758 2782 2783
f 2758 2783 2759
f 2759 2783 2784
f 2759 2784 2760
f 2760 2784 2761
f 2760 2761 2737
f 2761 2785 2786
f 2761 2786 2762
f 2762 2786 2787
f 2762 2787 2763
f 2763 2787 2788
f 2763 2788 2764
f 2764 2788 2789
f 2764 2789 2765
f 2765 2789 2790
f 2765 2790 2766
f 2766 2790 2791
f 2766 2791 2767
f 2767 2791 2792
f 2767 2792 2768
f 2768 2792 2793
f 2768 2793 2769
f 2769 2793 2794
f 2769 2794 2770
f 2770 2794 2795
f 2770 2795 2771
f 2771 2795 2796
f 2771 2796 2772
f 2772 2796 2797
f 2772 2797 2773
f 2773 2797 2798
f 2773 2798 2774
f 2774 2798 2799
f 2774 2799 2775
f 2775 2799 2800
f 2775 2800 2776
f 2776 2800 2801
f 2776 2801 2777
f 2777 2801 2802
f 2777 2802 2778
f 2778 2802 2803
f 2778 2803 2779
f 2779 2803 2804
f 2779 2804 2780
f 2780 2804 2805
f 2780 2805 2781
f 2781 2805 2806
f 2781 2806 2782
f 2782 2806 2807
f 2782 2807 2783
f 2783 2807 2808
f 2783 2808 2784
f 2784 2808 2785
f 2784 2785 2761
f 2785 2809 2810
f 2785 2810 2786
f 2786 2810 2811
f 2786 2811 2787
f 2787 2811 2812
f 2787 2812 2788
f 2788 2812 2813
f 2788 2813 2789
f 2789 2813 2814
f 2789 2814 2790
f 2790 2814 2815
f 2790 2815 2791
f 2791 2815 2816
f 2791 2816 2792
f 2792 2816 2817
f 2792 2817 2793
f 2793 2817 2818
f 2793 2818 2794
f 2794 2818 2819
f 2794 2819 2795
f 2795 2819 2820
f 2795 2820 2796
f 2796 2820 2821
f 2796 2821 2797
f 2797 2821 2822
f 2797 2822 2798
f 2798 2822 2823
f 2798 2823 2799
f 2799 2823 2824
f 2799 2824 2800
f 2800 2824 2825
f 2800 2825 2801
f 2801 2825 2826
f 2801 2826 2802
f 2802 2826 2827
f 2802 2827 2803
f 2803 2827 2828
f 2803 2828 2804
f 2804 2828 2829
f 2804 2829 2805
f 2805 2829 2830
f 2805 2830 2806
f 2806 2830 2831
f 2806 2831 2807
f 2807 2831 2832
f 2807 2832 2808
f 2808 2832 2809
f 2808 2809 2785
f 2809 2833 2834
f 2809 2834 2810
f 2810 2834 2835
f 2810 2835 2811
f 2811 2835 2836
f 2811 2836 2812
f 2812 2836 2837
f 2812 2837 2813
f 2813 2837 2838
f 2813 2838 2814
f 2814 2838 2839
f 2814 2839 2815
f 2815 2839 2840
f 2815 2840 2816
f 2816 2840 2841
f 2816 2841 2817
f 2817 2841 2842
f 2817 2842 2818
f 2818 2842 2843
f 2818 2843 2819
f 2819 2843 2844
f 2819 2844 2820
f 2820 2844 2845
f 2820 2845 2821
f 2821 2845 2846
f 2821 2846 2822
f 2822 2846 2847
f 2822 2847 2823
f 2823 2847 2848
f 2823 2848 2824
f 2824 2848 2849
f 2824 2849 2825
f 2825 2849 2850
f 2825 2850 2826
f 2826 2850 2851
f 2826 2851 2827
f 2827 2851 2852
f 2827 2852 2828
f 2828 2852 2853
f 2828 2853 2829
f 2829 2853 2854
f 2829 2854 2830
f 2830 2854 2855
f 2830 2855 2831
f 2831 2855 2856
f 2831 2856 2832
f 2832 2856 2833
f 2832 2833 2809
f 2833 2857 2858
f 2833 2858 2834
f 2834 2858 2859
f 2834 2859 2835
f 2835 2859 2860
f 2835 2860 2836
f 2836 2860 2861
f 2836 2861 2837
f 2837 2861 2862
f 2837 2862 2838
f 2838 2862 2863
f 2838 2863 2839
f 2839 2863 2864
f 2839 2864 2840
f 2840 2864 2865
f 2840 2865 2841
f 2841 2865 2866
f 2841 2866 2842
f 2842 2866 2867
f 2842 2867 2843
f 2843 2867 2868
f 2843 2868 2844
f 2844 2868 2869
f 2844 2869 2845
f 2845 2869 2870
f 2845 2870 2846
f 2846 2870 2871
f 2846 2871 2847
f 2847 2871 2872
f 2847 2872 2848
f 2848 2872 2873
f 2848 2873 2849
f 2849 2873 2874
f 2849 2874 2850
f 2850 2874 2875
f 2850 2875 2851
f 2851 2875 2876
f 2851 2876 2852
f 2852 2876 2877
f 2852 2877 2853
f 2853 2877 2878
f 2853 2878 2854
f 2854 2878 2879
f 2854 2879 2855
f 2855 2879 2880
f 2855 2880 2856
f 2856 2880 2857
f 2856 2857 2833
f 2857 2881 2882
f 2857 2882 2858
f 2858 2882 2883
f 2858 2883 2859
f 2859 2883 2884
f 2859 2884 2860
f 2860 2884 2885
f 2860 2885 2861
f 2861 2885 2886
f 2861 2886 2862
f 2862 2886 2887
f 2862 2887 2863
f 2863 2887 2888
f 2863 2888 2864
f 2864 2888 2889
f 2864 2889 2865
f 2865 2889 2890
f 2865 2890 2866
f 2866 2890 2891
f 2866 2891 2867
f 2867 2891 2892
f 2867 2892 2868
f 2868 2892 2893
f 2868 2893 2869
f 2869 2893 2894
f 2869 2894 2870
f 2870 2894 2895
f 2870 2895 2871
f 2871 2895 2896
f 2871 2896 2872
f 2872 2896 2897
f 2872 2897 2873
f 2873 2897 2898
f 2873 2898 2874
f 2874 2898 2899
f 2874 2899 2875
f 2875 2899 2900
f 2875 2900 2876
f 2876 2900 2901
f 2876 2901 2877
f 2877 2901 2902
f 2877 2902 2878
f 2878 2902 2903
f 2878 2903 2879
f 2879 2903 2904
f 2879 2904 2880
f 2880 2904 2881
f 2880 2881 2857
f 2881 2905 2906
f 2881 2906 2882
f 2882 2906 2907
f 2882 2907 2883
f 2883 2907 2908
f 2883 2908 2884
f 2884 2908 2909
f 2884 2909 2885
f 2885 2909 2910
f 2885 2910 2886
f 2886 2910 2911
f 2886 2911 2887
f 2887 2911 2912
f 2887 2912 2888
f 2888 2912 2913
f 2888 2913 2889
f 2889 2913 2914
f 2889 2914 2890
f 2890 2914 2915
f 2890 2915 2891
f 2891 2915 2916
f 2891 2916 2892
f 2892 2916 2917
f 2892 2917 2893
f 2893 2917 2918
f 2893 2918 2894
f 2894 2918 2919
f 2894 2919 2895
f 2895 2919 2920
f 2895 2920 2896
f 2896 2920 2921
f 2896 2921 2897
f 2897 2921 2922
f 2897 2922 2898
f 2898 2922 2923
f 2898 2923 2899
f 2899 2923 2924
f 2899 2924 2900
f 2900 2924 2925
f 2900 2925 2901
f 2901 2925 2926
f 2901 2926 2902
f 2902 2926 2927
f 2902 2927 2903
f 2903 2927 2928
f 2903 2928 2904
f 2904 2928 2905
f 2904 2905 2881
f 2905 2929 2930
f 2905 2930 2906
f 2906 2930 2931
f 2906 2931 2907
f 2907 2931 2932
f 2907 2932 2908
f 2908 2932 2933
f 2908 2933 2909
f 2909 2933 2934
f 2909 2934 2910
f 2910 2934 2935
f 2910 2935 2911
f 2911 2935 2936
f 2911 2936 2912
f 2912 2936 2937
f 2912 2937 2913
f 2913 2937 2938
f 2913 2938 2914
f 2914 2938 2939
f 2914 2939 2915
f 2915 2939 2940
f 2915 2940 2916
f 2916 2940 2941
f 2916 2941 2917
f 2917 2941 2942
f 2917 2942 2918
f 2918 2942 2943
f 2918 2943 2919
f 2919 2943 2944
f 2919 2944 2920
f 2920 2944 2945
f 2920 2945 2921
f 2921 2945 2946
f 2921 2946 2922
f 2922 2946 2947
f 2922 2947 2923
f 2923 2947 2948
f 2923 2948 2924
f 2924 2948 2949
f 2924 2949 2925
f 2925 2949 2950
f 2925 2950 2926
f 2926 2950 2951
f 2926 2951 2927
f 2927 2951 2952
f 2927 2952 2928
f 2928 2952 2929
f 2928 2929 2905
f 2929 2953 2954
f 2929 2954 2930
f 2930 2954 2955
f 2930 2955 2931
f 2931 2955 2956
f 2931 2956 2932
f 2932 2956 2957
f 2932 2957 2933
f 2933 2957 2958
f 2933 2958 2934
f 2934 2958 2959
f 2934 2959 2935
f 2935 2959 2960
f 2935 2960 2936
f 2936 2960 2961
f 2936 2961 2937
f 2937 2961 2962
f 2937 2962 2938
f 2938 2962 2963
f 2938 2963 2939
f 2939 2963 2964
f 2939 2964 2940
f 2940 2964 2965
f 2940 2965 2941
f 2941 2965 2966
f 2941 2966 2942
f 2942 2966 2967
f 2942 2967 2943
f 2943 2967 2968
f 2943 2968 2944
f 2944 2968 2969
f 2944 2969 2945
f 2945 2969 2970
f 2945 2970 2946
f 2946 2970 2971
f 2946 2971 2947
f 2947 2971 2972
f 2947 2972 2948
f 2948 2972 2973
f 2948 2973 2949
f 2949 2973 2974
f 2949 2974 2950
f 2950 2974 2975
f 2950 2975 2951
f 2951 2975 2976
f 2951 2976 2952
f 2952 2976 2953
f 2952 2953 2929
f 2953 2977 2978
f 2953 2978 2954
f 2954 2978 2979
f 2954 2979 2955
f 2955 2979 2980
f 2955 2980 2956
f 2956 2980 2981
f 2956 2981 2957
f 2957 2981 2982
f 2957 2982 2958
f 2958 2982 2983
f 2958 2983 2959
f 2959 2983 2984
f 2959 2984 2960
f 2960 2984 2985
f 2960 2985 2961
f 2961 2985 2986
f 2961 2986 2962
f 2962 2986 2987
f 2962 2987 2963
f 2963 2987 2988
f 2963 2988 2964
f 2964 2988 2989
f 2964 2989 2965
f 2965 2989 2990
f 2965 2990 2966
f 2966 2990 2991
f 2966 2991 2967
f 2967 2991 2992
f 2967 2992 2968
f 2968 2992 2993
f 2968 2993 2969
f 2969 2993 2994
f 2969 2994 2970
f 2970 2994 2995
f 2970 2995 2971
f 2971 2995 2996
f 2971 2996 2972
f 2972 2996 2997
f 2972 2997 2973
f 2973 2997 2998
f 2973 2998 2974
f 2974 2998 2999
f 2974 2999 2975
f 2975 2999 3000
f 2975 3000 2976
f 2976 3000 2977
f 2976 2977 2953
f 2977 3001 3002
f 2977 3002 2978
f 2978 3002 3003
f 2978 3003 2979
f 2979 3003 3004
f 2979 3004 2980
f 2980 3004 3005
f 2980 3005 2981
f 2981 3005 3006
f 2981 3006 2982
f 2982 3006 3007
f 2982 3007 2983
f 2983 3007 3008
f 2983 3008 2984
f 2984 3008 3009
f 2984 3009 2985
f 2985 3009 3010
f 2985 3010 2986
f 2986 3010 3011
f 2986 3011 2987
f 2987 3011 3012
f 2987 3012 2988
f 2988 3012 3013
f 2988 3013 2989
f 2989 3013 3014
f 2989 3014 2990
f 2990 3014 3015
f 2990 3015 2991
f 2991 3015 3016
f 2991 3016 2992
f 2992 3016 3017
f 2992 3017 2993
f 2993 3017 3018
f 2993 3018 2994
f 2994 3018 3019
f 2994 3019 2995
f 2995 3019 3020
f 2995 3020 2996
f 2996 3020 3021
f 2996 3021 2997
f 2997 3021 3022
f 2997 3022 2998
f 2998 3022 3023
f 2998 3023 2999
f 2999 3023 3024
f 2999 3024 3000
f 3000 3024 3001
f 3000 3001 2977
f 3001 3025 3026
f 3001 3026 3002
f 3002 3026 3027
f 3002 3027 3003
f 3003 3027 3028
f 3003 3028 3004
f 3004 3028 3029
f 3004 3029 3005
f 3005 3029 3030
f 3005 3030 3006
f 3006 3030 3031
f 3006 3031 3007
f 3007 3031 3032
f 3007 3032 3008
f 3008 3032 3033
f 3008 3033 3009
f 3009 3033 3034
f 3009 3034 3010
f 3010 3034 3035
f 3010 3035 3011
f 3011 3035 3036
f 3011 3036 3012
f 3012 3036 3037
f 3012 3037 3013
f 3013 3037 3038
f 3013 3038 3014
f 3014 3038 3039
f 3014 3039 3015
f 3015 3039 3040
f 3015 3040 3016
f 3016 3040 3041
f 3016 3041 3017
f 3017 3041 3042
f 3017 3042 3018
f 3018 3042 3043
f 3018 3043 3019
f 3019 3043 3044
f 3019 3044 3020
f 3020 3044 3045
f 3020 3045 3021
f 3021 3045 3046
f 3021 3046 3022
f 3022 3046 3047
f 3022 3047 3023
f 3023 3047 3048
f 3023 3048 3024
f 3024 3048 3025
f 3024 3025 3001
f 3025 3049 3050
f 3025 3050 3026
f 3026 3050 3051
f 3026 3051 3027
f 3027 3051 3052
f 3027 3052 3028
f 3028 3052 3053
f 3028 3053 3029
f 3029 3053 3054
f 3029 3054 3030
f 3030 3054 3055
f 3030 3055 3031
f 3031 3055 3056
f 3031 3056 3032
f 3032 3056 3057
f 3032 3057 3033
f 3033 3057 3058
f 3033 3058 3034
f 3034 3058 3059
f 3034 3059 3035
f 3035 3059 3060
f 3035 3060 3036
f 3036 3060 3061
f 3036 3061 3037
f 3037 3061 3062
f 3037 3062 3038
f 3038 3062 3063
f 3038 3063 3039
f 3039 3063 3064
f 3039 3064 3040
f 3040 3064 3065
f 3040 3065 3041
f 3041 3065 3066
f 3041 3066 3042
f 3042 3066 3067
f 3042 3067 3043
f 3043 3067 3068
f 3043 3068 3044
f 3044 3068 3069
f 3044 3069 3045
f 3045 3069 3070
f 3045 3070 3046
f 3046 3070 3071
f 3046 3071 3047
f 3047 3071 3072
f 3047 3072 3048
f 3048 3072 3049
f 3048 3049 3025
f 3049 3073 3074
f 3049 3074 3050
f 3050 3074 3075
f 3050 3075 3051
f 3051 3075 3076
f 3051 3076 3052
f 3052 3076 3077
f 3052 3077 3053
f 3053 3077 3078
f 3053 3078 3054
f 3054 3078 3079
f 3054 3079 3055
f 3055 3079 3080
f 3055 3080 3056
f 3056 3080 3081
f 3056 3081 3057
f 3057 3081 3082
f 3057 3082 3058
f 3058 3082 3083
f 3058 3083 3059
f 3059 3083 3084
f 3059 3084 3060
f 3060 3084 3085
f 3060 3085 3061
f 3061 3085 3086
f 3061 3086 3062
f 3062 3086 3087
f 3062 3087 3063
f 3063 3087 3088
f 3063 3088 3064
f 3064 3088 3089
f 3064 3089 3065
f 3065 3089 3090
f 3065 3090 3066
f 3066 3090 3091
f 3066 3091 3067
f 3067 3091 3092
f 3067 3092 3068
f 3068 3092 3093
f 3068 3093 3069
f 3069 3093 3094
f 3069 3094 3070
f 3070 3094 3095
f 3070 3095 3071
f 3071 3095 3096
f 3071 3096 3072
f 3072 3096 3073
f 3072 3073 3049
f 3073 3097 3098
f 3073 3098 3074
f 3074 3098 3099
f 3074 3099 3075
f 3075 3099 3100
f 3075 3100 3076
f 3076 3100 3101
f 3076 3101 3077
f 3077 3101 3102
f 3077 3102 3078
f 3078 3102 3103
f 3078 3103 3079
f 3079 3103 3104
f 3079 3104 3080
f 3080 3104 3105
f 3080 3105 3081
f 3081 3105 3106
f 3081 3106 3082
f 3082 3106 3107
f 3082 3107 3083
f 3083 3107 3108
f 3083 3108 3084
f 3084 3108 3109
f 3084 3109 3085
f 3085 3109 3110
f 3085 3110 3086
f 3086 3110 3111
f 3086 3111 3087
f 3087 3111 3112
f 3087 3112 3088
f 3088 3112 3113
f 3088 3113 3089
f 3089 3113 3114
f 3089 3114 3090
f 3090 3114 3115
f 3090 3115 3091
f 3091 3115 3116
f 3091 3116 3092
f 3092 3116 3117
f 3092 3117 3093
f 3093 3117 3118
f 3093 3118 3094
f 3094 3118 3119
f 3094 3119 3095
f 3095 3119 3120
f 3095 3120 3096
f 3096 3120 3097
f 3096 3097 3073
f 3097 3121 3122
f 3097 3122 3098
f 3098 3122 3123
f 3098 3123 3099
f 3099 3123 3124
f 3099 3124 3100
f 3100 3124 3125
f 3100 3125 3101
f 3101 3125 3126
f 3101 3126 3102
f 3102 3126 3127
f 3102 3127 3103
f 3103 3127 3128
f 3103 3128 3104
f 3104 3128 3129
f 3104 3129 3105
f 3105 3129 3130
f 3105 3130 3106
f 3106 3130 3131
f 3106 3131 3107
f 3107 3131 3132
f 3107 3132 3108
f 3108 3132 3133
f 3108 3133 3109
f 3109 3133 3134
f 3109 3134 3110
f 3110 3134 3135
f 3110 3135 3111
f 3111 3135 3136
f 3111 3136 3112
f 3112 3136 3137
f 3112 3137 3113
f 3113 3137 3138
f 3113 3138 3114
f 3114 3138 3139
f 3114 3139 3115
f 3115 3139 3140
f 3115 3140 3116
f 3116 3140 3141
f 3116 3141 3117
f 3117 3141 3142
f 3117 3142 3118
f 3118 3142 3143
f 3118 3143 3119
f 3119 3143 3144
f 3119 3144 3120
f 3120 3144 3121
f 3120 3121 3097
f 3121 3145 3146
f 3121 3146 3122
f 3122 3146 3147
f 3122 3147 3123
f 3123 3147 3148
f 3123 3148 3124
f 3124 3148 3149
f 3124 3149 3125
f 3125 3149 3150
f 3125 3150 3126
f 3126 3150 3151
f 3126 3151 3127
f 3127 3151 3152
f 3127 3152 3128
f 3128 3152 3153
f 3128 3153 3129
f 3129 3153 3154
f 3129 3154 3130
f 3130 3154 3155
f 3130 3155 3131
f 3131 3155 3156
f 3131 3156 3132
f 3132 3156 3157
f 3132 3157 3133
f 3133 3157 3158
f 3133 3158 3134
f 3134 3158 3159
f 3134 3159 3135
f 3135 3159 3160
f 3135 3160 3136
f 3136 3160 3161
f 3136 3161 3137
f 3137 3161 3162
f 3137 3162 3138
f 3138 3162 3163
f 3138 3163 3139
f 3139 3163 3164
f 3139 3164 3140
f 3140 3164 3165
f 3140 3165 3141
f 3141 3165 3166
f 3141 3166 3142
f 3142 3166 3167
f 3142 3167 3143
f 3143 3167 3168
f 3143 3168 3144
f 3144 3168 3145
f 3144 3145 3121
f 3145 3169 3170
f 3145 3170 3146
f 3146 3170 3171
f 3146 3171 3147
f 3147 3171 3172
f 3147 3172 3148
f 3148 3172 3173
f 3148 3173 3149
f 3149 3173 3174
f 3149 3174 3150
f 3150 3174 3175
f 3150 3175 3151
f 3151 3175 3176
f 3151 3176 3152
f 3152 3176 3177
f 3152 3177 3153
f 3153 3177 3178
f 3153 3178 3154
f 3154 3178 3179
f 3154 3179 3155
f 3155 3179 3180
f 3155 3180 3156
f 3156 3180 3181
f 3156 3181 3157
f 3157 3181 3182
f 3157 3182 3158
f 3158 3182 3183
f 3158 3183 3159
f 3159 3183 3184
f 3159 3184 3160
f 3160 3184 3185
f 3160 3185 3161
f 3161 3185 3186
f 3161 3186 3162
f 3162 3186 3187
f 3162 3187 3163
f 3163 3187 3188
f 3163 3188 3164
f 3164 3188 3189
f 3164 3189 3165
f 3165 3189 3190
f 3165 3190 3166
f 3166 3190 3191
f 3166 3191 3167
f 3167 3191 3192
f 3167 3192 3168
f 3168 3192 3169
f 3168 3169 3145
f 3169 3193 3194
f 3169 3194 3170
f 3170 3194 3195
f 3170 3195 3171
f 3171 3195 3196
f 3171 3196 3172
f 3172 3196 3197
f 3172 3197 3173
f 3173 3197 3198
f 3173 3198 3174
f 3174 3198 3199
f 3174 3199 3175
f 3175 3199 3200
f 3175 3200 3176
f 3176 3200 3201
f 3176 3201 3177
f 3177 3201 3202
f 3177 3202 3178
f 3178 3202 3203
f 3178 3203 3179
f 3179 3203 3204
f 3179 3204 3180
f 3180 3204 3205
f 3180 3205 3181
f 3181 3205 3206
f 3181 3206 3182
f 3182 3206 3207
f 3182 3207 3183
f 3183 3207 3208
f 3183 3208 3184
f 3184 3208 3209
f 3184 3209 3185
f 3185 3209 3210
f 3185 3210 3186
f 3186 3210 3211
f 3186 3211 3187
f 3187 3211 3212
f 3187 3212 3188
f 3188 3212 3213
f 3188 3213 3189
f 3189 3213 3214
f 3189 3214 3190
f 3190 3214 3215
f 3190 3215 3191
f 3191 3215 3216
f 3191 3216 3192
f 3192 3216 3193
f 3192 3193 3169
f 3193 3217 3218
f 3193 3218 3194
f 3194 3218 3219
f 3194 3219 3195
f 3195 3219 3220
f 3195 3220 3196
f 3196 3220 3221
f 3196 3221 3197
f 3197 3221 3222
f 3197 3222 3198
f 3198 3222 3223
f 3198 3223 3199
f 3199 3223 3224
f 3199 3224 3200
f 3200 3224 3225
f 3200 3225 3201
f 3201 3225 3226
f 3201 3226 3202
f 3202 3226 3227
f 3202 3227 3203
f 3203 3227 3228
f 3203 3228 3204
f 3204 3228 3229
f 3204 3229 3205
f 3205 3229 3230
f 3205 3230 3206
f 3206 3230 3231
f 3206 3231 3207
f 3207 3231 3232
f 3207 3232 3208
f 3208 3232 3233
f 3208 3233 3209
f 3209 3233 3234
f 3209 3234 3210
f 3210 3234 3235
f 3210 3235 3211
f 3211 3235 3236
f 3211 3236 3212
f 3212 3236 3237
f 3212 3237 3213
f 3213 3237 3238
f 3213 3238 3214
f 3214 3238 3239
f 3214 3239 3215
f 3215 3239 3240
f 3215 3240 3216
f 3216 3240 3217
f 3216 3217 3193
f 3217 3241 3242
f 3217 3242 3218
f 3218 3242 3243
f 3218 3243 3219
f 3219 3243 3244
f 3219 3244 3220
f 3220 3244 3245
f 3220 3245 3221
f 3221 3245 3246
f 3221 3246 3222
f 3222 3246 3247
f 3222 3247 3223
f 3223 3247 3248
f 3223 3248 3224
f 3224 3248 3249
f 3224 3249 3225
f 3225 3249 3250
f 3225 3250 3226
f 3226 3250 3251
f 3226 3251 3227
f 3227 3251 3252
f 3227 3252 3228
f 3228 3252 3253
f 3228 3253 3229
f 3229 3253 3254
f 3229 3254 3230
f 3230 3254 3255
f 3230 3255 3231
f 3231 3255 3256
f 3231 3256 3232
f 3232 3256 3257
f 3232 3257 3233
f 3233 3257 3258
f 3233 3258 3234
f 3234 3258 3259
f 3234 3259 3235
f 3235 3259 3260
f 3235 3260 3236
f 3236 3260 3261
f 3236 3261 3237
f 3237 3261 3262
f 3237 3262 3238
f 3238 3262 3263
f 3238 3263 3239
f 3239 3263 3264
f 3239 3264 3240
f 3240 3264 3241
f 3240 3241 3217
f 3241 3265 3266
f 3241 3266 3242
f 3242 3266 3267
f 3242 3267 3243
f 3243 3267 3268
f 3243 3268 3244
f 3244 3268 3269
f 3244 3269 3245
f 3245 3269 3270
f 3245 3270 3246
f 3246 3270 3271
f 3246 3271 3247
f 3247 3271 3272
f 3247 3272 3248
f 3248 3272 3273
f 3248 3273 3249
f 3249 3273 3274
f 3249 3274 3250
f 3250 3274 3275
f 3250 3275 3251
f 3251 3275 3276
f 3251 3276 3252
f 3252 3276 3277
f 3252 3277 3253
f 3253 3277 3278
f 3253 3278 3254
f 3254 3278 3279
f 3254 3279 3255
f 3255 3279 3280
f 3255 3280 3256
f 3256 3280 3281
f 3256 3281 3257
f 3257 3281 3282
f 3257 3282 3258
f 3258 3282 3283
f 3258 3283 3259
f 3259 3283 3284
f 3259 3284 3260
f 3260 3284 3285
f 3260 3285 3261
f 3261 3285 3286
f 3261 3286 3262
f 3262 3286 3287
f 3262 3287 3263
f 3263 3287 3288
f 3263 3288 3264
f 3264 3288 3265
f 3264 3265 3241
f 3265 3289 3290
f 3265 3290 3266
f 3266 3290 3291
f 3266 3291 3267
f 3267 3291 3292
f 3267 3292 3268
f 3268 3292 3293
f 3268 3293 3269
f 3269 3293 3294
f 3269 3294 3270
f 3270 3294 3295
f 3270 3295 3271
f 3271 3295 3296
f 3271 3296 3272
f 3272 3296 3297
f 3272 3297 3273
f 3273 3297 3298
f 3273 3298 3274
f 3274 3298 3299
f 3274 3299 3275
f 3275 3299 3300
f 3275 3300 3276
f 3276 3300 3301
f 3276 3301 3277
f 3277 3301 3302
f 3277 3302 3278
f 3278 3302 3303
f 3278 3303 3279
f 3279 3303 3304
f 3279 3304 3280
f 3280 3304 3305
f 3280 3305 3281
f 3281 3305 3306
f 3281 3306 3282
f 3282 3306 3307
f 3282 3307 3283
f 3283 3307 3308
f 3283 3308 3284
f 3284 3308 3309
f 3284 3309 3285
f 3285 3309 3310
f 3285 3310 3286
f 3286 3310 3311
f 3286 3311 3287
f 3287 3311 3312
f 3287 3312 3288
f 3288 3312 3289
f 3288 3289 3265
f 3289 3313 3314
f 3289 3314 3290
f 3290 3314 3315
f 3290 3315 3291
f 3291 3315 3316
f 3291 3316 3292
f 3292 3316 3317
f 3292 3317 3293
f 3293 3317 3318
f 3293 3318 3294
f 3294 3318 3319
f 3294 3319 3295
f 3295 3319 3320
f 3295 3320 3296
f 3296 3320 3321
f 3296 3321 3297
f 3297 3321 3322
f 3297 3322 3298
f 3298 3322 3323
f 3298 3323 3299
f 3299 3323 3324
f 3299 3324 3300
f 3300 3324 3325
f 3300 3325 3301
f 3301 3325 3326
f 3301 3326 3302
f 3302 3326 3327
f 3302 3327 3303
f 3303 3327 3328
f 3303 3328 3304
f 3304 3328 3329
f 3304 3329 3305
f 3305 3329 3330
f 3305 3330 3306
f 3306 3330 3331
f 3306 3331 3307
f 3307 3331 3332
f 3307 3332 3308
f 3308 3332 3333
f 3308 3333 3309
f 3309 3333 3334
f 3309 3334 3310
f 3310 3334 3335
f 3310 3335 3311
f 3311 3335 3336
f 3311 3336 3312
f 3312 3336 3313
f 3312 3313 3289
f 3313 3337 3338
f 3313 3338 3314
f 3314 3338 3339
f 3314 3339 3315
f 3315 3339 3340
f 3315 3340 3316
f 3316 3340 3341
f 3316 3341 3317
f 3317 3341 3342
f 3317 3342 3318
f 3318 3342 3343
f 3318 3343 3319
f 3319 3343 3344
f 3319 3344 3320
f 3320 3344 3345
f 3320 3345 3321
f 3321 3345 3346
f 3321 3346 3322
f 3322 3346 3347
f 3322 3347 3323
f 3323 3347 3348
f 3323 3348 3324
f 3324 3348 3349
f 3324 3349 3325
f 3325 3349 3350
f 3325 3350 3326
f 3326 3350 3351
f 3326 3351 3327
f 3327 3351 3352
f 3327 3352 3328
f 3328 3352 3353
f 3328 3353 3329
f 3329 3353 3354
f 3329 3354 3330
f 3330 3354 3355
f 3330 3355 3331
f 3331 3355 3356
f 3331 3356 3332
f 3332 3356 3357
f 3332 3357 3333
f 3333 3357 3358
f 3333 3358 3334
f 3334 3358 3359
f 3334 3359 3335
f 3335 3359 3360
f 3335 3360 3336
f 3336 3360 3337
f 3336 3337 3313
f 3337 3361 3362
f 3337 3362 3338
f 3338 3362 3363
f 3338 3363 3339
f 3339 3363 3364
f 3339 3364 3340
f 3340 3364 3365
f 3340 3365 3341
f 3341 3365 3366
f 3341 3366 3342
f 3342 3366 3367
f 3342 3367 3343
f 3343 3367 3368
f 3343 3368 3344
f 3344 3368 3369
f 3344 3369 3345
f 3345 3369 3370
f 3345 3370 3346
f 3346 3370 3371
f 3346 3371 3347
f 3347 3371 3372
f 3347 3372 3348
f 3348 3372 3373
f 3348 3373 3349
f 3349 3373 3374
f 3349 3374 3350
f 3350 3374 3375
f 3350 3375 3351
f 3351 3375 3376
f 3351 3376 3352
f 3352 3376 3377
f 3352 3377 3353
f 3353 3377 3378
f 3353 3378 3354
f 3354 3378 3379
f 3354 3379 3355
f 3355 3379 3380
f 3355 3380 3356
f 3356 3380 3381
f 3356 3381 3357
f 3357 3381 3382
f 3357 3382 3358
f 3358 3382 3383
f 3358 3383 3359
f 3359 3383 3384
f 3359 3384 3360
f 3360 3384 3361
f 3360 3361 3337
f 3361 3385 3386
f 3361 3386 3362
f 3362 3386 3387
f 3362 3387 3363
f 3363 3387 3388
f 3363 3388 3364
f 3364 3388 3389
f 3364 3389 3365
f 3365 3389 3390
f 3365 3390 3366
f 3366 3390 3391
f 3366 3391 3367
f 3367 3391 3392
f 3367 3392 3368
f 3368 3392 3393
f 3368 3393 3369
f 3369 3393 3394
f 3369 3394 3370
f 3370 3394 3395
f 3370 3395 3371
f 3371 3395 3396
f 3371 3396 3372
f 3372 3396 3397
f 3372 3397 3373
f 3373 3397 3398
f 3373 3398 3374
f 3374 3398 3399
f 3374 3399 3375
f 3375 3399 3400
f 3375 3400 3376
f 3376 3400 3401
f 3376 3401 3377
f 3377 3401 3402
f 3377 3402 3378
f 3378 3402 3403
f 3378 3403 3379
f 3379 3403 3404
f 3379 3404 3380
f 3380 3404 3405
f 3380 3405 3381
f 3381 3405 3406
f 3381 3406 3382
f 3382 3406 3407
f 3382 3407 3383
f 3383 3407 3408
f 3383 3408 3384
f 3384 3408 3385
f 3384 3385 3361
f 3385 3409 3410
f 3385 3410 3386
f 3386 3410 3411
f 3386 3411 3387
f 3387 3411 3412
f 3387 3412 3388
f 3388 3412 3413
f 3388 3413 3389
f 3389 3413 3414
f 3389 3414 3390
f 3390 3414 3415
f 3390 3415 3391
f 3391 3415 3416
f 3391 3416 3392
f 3392 3416 3417
f 3392 3417 3393
f 3393 3417 3418
f 3393 3418 3394
f 3394 3418 3419
f 3394 3419 3395
f 3395 3419 3420
f 3395 3420 3396
f 3396 3420 3421
f 3396 3421 3397
f 3397 3421 3422
f 3397 3422 3398
f 3398 3422 3423
f 3398 3423 3399
f 3399 3423 3424
f 3399 3424 3400
f 3400 3424 3425
f 3400 3425 3401
f 3401 3425 3426
f 3401 3426 3402
f 3402 3426 3427
f 3402 3427 3403
f 3403 3427 3428
f 3403 3428 3404
f 3404 3428 3429
f 3404 3429 3405
f 3405 3429 3430
f 3405 3430 3406
f 3406 3430 3431
f 3406 3431 3407
f 3407 3431 3432
f 3407 3432 3408
f 3408 3432 3409
f 3408 3409 3385
f 3409 3433 3434
f 3409 3434 3410
f 3410 3434 3435
f 3410 3435 3411
f 3411 3435 3436
f 3411 3436 3412
f 3412 3436 3437
f 3412 3437 3413
f 3413 3437 3438
f 3413 3438 3414
f 3414 3438 3439
f 3414 3439 3415
f 3415 3439 3440
f 3415 3440 3416
f 3416 3440 3441
f 3416 3441 3417
f 3417 3441 3442
f 3417 3442 3418
f 3418 3442 3443
f 3418 3443 3419
f 3419 3443 3444
f 3419 3444 3420
f 3420 3444 3445
f 3420 3445 3421
f 3421 3445 3446
f 3421 3446 3422
f 3422 3446 3447
f 3422 3447 3423
f 3423 3447 3448
f 3423 3448 3424
f 3424 3448 3449
f 3424 3449 3425
f 3425 3449 3450
f 3425 3450 3426
f 3426 3450 3451
f 3426 3451 3427
f 3427 3451 3452
f 3427 3452 3428
f 3428 3452 3453
f 3428 3453 3429
f 3429 3453 3454
f 3429 3454 3430
f 3430 3454 3455
f 3430 3455 3431
f 3431 3455 3456
f 3431 3456 3432
f 3432 3456 3433
f 3432 3433 3409
f 3433 3457 3458
f 3433 3458 3434
f 3434 3458 3459
f 3434 3459 3435
f 3435 3459 3460
f 3435 3460 3436
f 3436 3460 3461
f 3436 3461 3437
f 3437 3461 3462
f 3437 3462 3438
f 3438 3462 3463
f 3438 3463 3439
f 3439 3463 3464
f 3439 3464 3440
f 3440 3464 3465
f 3440 3465 3441
f 3441 3465 3466
f 3441 3466 3442
f 3442 3466 3467
f 3442 3467 3443
f 3443 3467 3468
f 3443 3468 3444
f 3444 3468 3469
f 3444 3469 3445
f 3445 3469 3470
f 3445 3470 3446
f 3446 3470 3471
f 3446 3471 3447
f 3447 3471 3472
f 3447 3472 3448
f 3448 3472 3473
f 3448 3473 3449
f 3449 3473 3474
f 3449 3474 3450
f 3450 3474 3475
f 3450 3475 3451
f 3451 3475 3476
f 3451 3476 3452
f 3452 3476 3477
f 3452 3477 3453
f 3453 3477 3478
f 3453 3478 3454
f 3454 3478 3479
f 3454 3479 3455
f 3455 3479 3480
f 3455 3480 3456
f 3456 3480 3457
f 3456 3457 3433
f 3457 3481 3482
f 3457 3482 3458
f 3458 3482 3483
f 3458 3483 3459
f 3459 3483 3484
f 3459 3484 3460
f 3460 3484 3485
f 3460 3485 3461
f 3461 3485 3486
f 3461 3486 3462
f 3462 3486 3487
f 3462 3487 3463
f 3463 3487 3488
f 3463 3488 3464
f 3464 3488 3489
f 3464 3489 3465
f 3465 3489 3490
f 3465 3490 3466
f 3466 3490 3491
f 3466 3491 3467
f 3467 3491 3492
f 3467 3492 3468
f 3468 3492 3493
f 3468 3493 3469
f 3469 3493 3494
f 3469 3494 3470
f 3470 3494 3495
f 3470 3495 3471
f 3471 3495 3496
f 3471 3496 3472
f 3472 3496 3497
f 3472 3497 3473
f 3473 3497 3498
f 3473 3498 3474
f 3474 3498 3499
f 3474 3499 3475
f 3475 3499 3500
f 3475 3500 3476
f 3476 3500 3501
f 3476 3501 3477
f 3477 3501 3502
f 3477 3502 3478
f 3478 3502 3503
f 3478 3503 3479
f 3479 3503 3504
f 3479 3504 3480
f 3480 3504 3481
f 3480 3481 3457
f 3481 3505 3506
f 3481 3506 3482
f 3482 3506 3507
f 3482 3507 3483
f 3483 3507 3508
f 3483 3508 3484
f 3484 3508 3509
f 3484 3509 3485
f 3485 3509 3510
f 3485 3510 3486
f 3486 3510 3511
f 3486 3511 3487
f 3487 3511 3512
f 3487 3512 3488
f 3488 3512 3513
f 3488 3513 3489
f 3489 3513 3514
f 3489 3514 3490
f 3490 3514 3515
f 3490 3515 3491
f 3491 3515 3516
f 3491 3516 3492
f 3492 3516 3517
f 3492 3517 3493
f 3493 3517 3518
f 3493 3518 3494
f 3494 3518 3519
f 3494 3519 3495
f 3495 3519 3520
f 3495 3520 3496
f 3496 3520 3521
f 3496 3521 3497
f 3497 3521 3522
f 3497 3522 3498
f 3498 3522 3523
f 3498 3523 3499
f 3499 3523 3524
f 3499 3524 3500
f 3500 3524 3525
f 3500 3525 3501
f 3501 3525 3526
f 3501 3526 3502
f 3502 3526 3527
f 3502 3527 3503
f 3503 3527 3528
f 3503 3528 3504
f 3504 3528 3505
f 3504 3505 3481
f 3505 3529 3530
f 3505 3530 3506
f 3506 3530 3531
f 3506 3531 3507
f 3507 3531 3532
f 3507 3532 3508
f 3508 3532 3533
f 3508 3533 3509
f 3509 3533 3534
f 3509 3534 3510
f 3510 3534 3535
f 3510 3535 3511
f 3511 3535 3536
f 3511 3536 3512
f 3512 3536 3537
f 3512 3537 3513
f 3513 3537 3538
f 3513 3538 3514
f 3514 3538 3539
f 3514 3539 3515
f 3515 3539 3540
f 3515 3540 3516
f 3516 3540 3541
f 3516 3541 3517
f 3517 3541 3542
f 3517 3542 3518
f 3518 3542 3543
f 3518 3543 3519
f 3519 3543 3544
f 3519 3544 3520
f 3520 3544 3545
f 3520 3545 3521
f 3521 3545 3546
f 3521 3546 3522
f 3522 3546 3547
f 3522 3547 3523
f 3523 3547 3548
f 3523 3548 3524
f 3524 3548 3549
f 3524 3549 3525
f 3525 3549 3550
f 3525 3550 3526
f 3526 3550 3551
f 3526 3551 3527
f 3527 3551 3552
f 3527 3552 3528
f 3528 3552 3529
f 3528 3529 3505
f 3529 3553 3554
f 3529 3554 3530
f 3530 3554 3555
f 3530 3555 3531
f 3531 3555 3556
f 3531 3556 3532
f 3532 3556 3557
f 3532 3557 3533
f 3533 3557 3558
f 3533 3558 3534
f 3534 3558 3559
f 3534 3559 3535
f 3535 3559 3560
f 3535 3560 3536
f 3536 3560 3561
f 3536 3561 3537
f 3537 3561 3562
f 3537 3562 3538
f 3538 3562 3563
f 3538 3563 3539
f 3539 3563 3564
f 3539 3564 3540
f 3540 3564 3565
f 3540 3565 3541
f 3541 3565 3566
f 3541 3566 3542
f 3542 3566 3567
f 3542 3567 3543
f 3543 3567 3568
f 3543 3568 3544
f 3544 3568 3569
f 3544 3569 3545
f 3545 3569 3570
f 3545 3570 3546
f 3546 3570 3571
f 3546 3571 3547
f 3547 3571 3572
f 3547 3572 3548
f 3548 3572 3573
f 3548 3573 3549
f 3549 3573 3574
f 3549 3574 3550
f 3550 3574 3575
f 3550 3575 3551
f 3551 3575 3576
f 3551 3576 3552
f 3552 3576 3553
f 3552 3553 3529
f 3553 3577 3578
f 3553 3578 3554
f 3554 3578 3579
f 3554 3579 3555
f 3555 3579 3580
f 3555 3580 3556
f 3556 3580 3581
f 3556 3581 3557
f 3557 3581 3582
f 3557 3582 3558
f 3558 3582 3583
f 3558 3583 3559
f 3559 3583 3584
f 3559 3584 3560
f 3560 3584 3585
f 3560 3585 3561
f 3561 3585 3586
f 3561 3586 3562
f 3562 3586 3587
f 3562 3587 3563
f 3563 3587 3588
f 3563 3588 3564
f 3564 3588 3589
f 3564 3589 3565
f 3565 3589 3590
f 3565 3590 3566
f 3566 3590 3591
f 3566 3591 3567
f 3567 3591 3592
f 3567 3592 3568
f 3568 3592 3593
f 3568 3593 3569
f 3569 3593 3594
f 3569 3594 3570
f 3570 3594 3595
f 3570 3595 3571
f 3571 3595 3596
f 3571 3596 3572
f 3572 3596 3597
f 3572 3597 3573
f 3573 3597 3598
f 3573 3598 3574
f 3574 3598 3599
f 3574 3599 3575
f 3575 3599 3600
f 3575 3600 3576
f 3576 3600 3577
f 3576 3577 3553
f 3577 3601 3602
f 3577 3602 3578
f 3578 3602 3603
f 3578 3603 3579
f 3579 3603 3604
f 3579 3604 3580
f 3580 3604 3605
f 3580 3605 3581
f 3581 3605 3606
f 3581 3606 3582
f 3582 3606 3607
f 3582 3607 3583
f 3583 3607 3608
f 3583 3608 3584
f 3584 3608 3609
f 3584 3609 3585
f 3585 3609 3610
f 3585 3610 3586
f 3586 3610 3611
f 3586 3611 3587
f 3587 3611 3612
f 3587 3612 3588
f 3588 3612 3613
f 3588 3613 3589
f 3589 3613 3614
f 3589 3614 3590
f 3590 3614 3615
f 3590 3615 3591
f 3591 3615 3616
f 3591 3616 3592
f 3592 3616 3617
f 3592 3617 3593
f 3593 3617 3618
f 3593 3618 3594
f 3594 3618 3619
f 3594 3619 3595
f 3595 3619 3620
f 3595 3620 3596
f 3596 3620 3621
f 3596 3621 3597
f 3597 3621 3622
f 3597 3622 3598
f 3598 3622 3623
f 3598 3623 3599
f 3599 3623 3624
f 3599 3624 3600
f 3600 3624 3601
f 3600 3601 3577
f 3601 3625 3626
f 3601 3626 3602
f 3602 3626 3627
f 3602 3627 3603
f 3603 3627 3628
f 3603 3628 3604
f 3604 3628 3629
f 3604 3629 3605
f 3605 3629 3630
f 3605 3630 3606
f 3606 3630 3631
f 3606 3631 3607
f 3607 3631 3632
f 3607 3632 3608
f 3608 3632 3633
f 3608 3633 3609
f 3609 3633 3634
f 3609 3634 3610
f 3610 3634 3635
f 3610 3635 3611
f 3611 3635 3636
f 3611 3636 3612
f 3612 3636 3637
f 3612 3637 3613
f 3613 3637 3638
f 3613 3638 3614
f 3614 3638 3639
f 3614 3639 3615
f 3615 3639 3640
f 3615 3640 3616
f 3616 3640 3641
f 3616 3641 3617
f 3617 3641 3642
f 3617 3642 3618
f 3618 3642 3643
f 3618 3643 3619
f 3619 3643 3644
f 3619 3644 3620
f 3620 3644 3645
f 3620 3645 3621
f 3621 3645 3646
f 3621 3646 3622
f 3622 3646 3647
f 3622 3647 3623
f 3623 3647 3648
f 3623 3648 3624
f 3624 3648 3625
f 3624 3625 3601
f 3625 3649 3650
f 3625 3650 3626
f 3626 3650 3651
f 3626 3651 3627
f 3627 3651 3652
f 3627 3652 3628
f 3628 3652 3653
f 3628 3653 3629
f 3629 3653 3654
f 3629 3654 3630
f 3630 3654 3655
f 3630 3655 3631
f 3631 3655 3656
f 3631 3656 3632
f 3632 3656 3657
f 3632 3657 3633
f 3633 3657 3658
f 3633 3658 3634
f 3634 3658 3659
f 3634 3659 3635
f 3635 3659 3660
f 3635 3660 3636
f 3636 3660 3661
f 3636 3661 3637
f 3637 3661 3662
f 3637 3662 3638
f 3638 3662 3663
f 3638 3663 3639
f 3639 3663 3664
f 3639 3664 3640
f 3640 3664 3665
f 3640 3665 3641
f 3641 3665 3666
f 3641 3666 3642
f 3642 3666 3667
f 3642 3667 3643
f 3643 3667 3668
f 3643 3668 3644
f 3644 3668 3669
f 3644 3669 3645
f 3645 3669 3670
f 3645 3670 3646
f 3646 3670 3671
f 3646 3671 3647
f 3647 3671 3672
f 3647 3672 3648
f 3648 3672 3649
f 3648 3649 3625
f 3649 3673 3674
f 3649 3674 3650
f 3650 3674 3675
f 3650 3675 3651
f 3651 3675 3676
f 3651 3676 3652
f 3652 3676 3677
f 3652 3677 3653
f 3653 3677 3678
f 3653 3678 3654
f 3654 3678 3679
f 3654 3679 3655
f 3655 3679 3680
f 3655 3680 3656
f 3656 3680 3681
f 3656 3681 3657
f 3657 3681 3682
f 3657 3682 3658
f 3658 3682 3683
f 3658 3683 3659
f 3659 3683 3684
f 3659 3684 3660
f 3660 3684 3685
f 3660 3685 3661
f 3661 3685 3686
f 3661 3686 3662
f 3662 3686 3687
f 3662 3687 3663
f 3663 3687 3688
f 3663 3688 3664
f 3664 3688 3689
f 3664 3689 3665
f 3665 3689 3690
f 3665 3690 3666
f 3666 3690 3691
f 3666 3691 3667
f 3667 3691 3692
f 3667 3692 3668
f 3668 3692 3693
f 3668 3693 3669
f 3669 3693 3694
f 3669 3694 3670
f 3670 3694 3695
f 3670 3695 3671
f 3671 3695 3696
f 3671 3696 3672
f 3672 3696 3673
f 3672 3673 3649
f 3673 3697 3698
f 3673 3698 3674
f 3674 3698 3699
f 3674 3699 3675
f 3675 3699 3700
f 3675 3700 3676
f 3676 3700 3701
f 3676 3701 3677
f 3677 3701 3702
f 3677 3702 3678
f 3678 3702 3703
f 3678 3703 3679
f 3679 3703 3704
f 3679 3704 3680
f 3680 3704 3705
f 3680 3705 3681
f 3681 3705 3706
f 3681 3706 3682
f 3682 3706 3707
f 3682 3707 3683
f 3683 3707 3708
f 3683 3708 3684
f 3684 3708 3709
f 3684 3709 3685
f 3685 3709 3710
f 3685 3710 3686
f 3686 3710 3711
f 3686 3711 3687
f 3687 3711 3712
f 3687 3712 3688
f 3688 3712 3713
f 3688 3713 3689
f 3689 3713 3714
f 3689 3714 3690
f 3690 3714 3715
f 3690 3715 3691
f 3691 3715 3716
f 3691 3716 3692
f 3692 3716 3717
f 3692 3717 3693
f 3693 3717 3718
f 3693 3718 3694
f 3694 3718 3719
f 3694 3719 3695
f 3695 3719 3720
f 3695 3720 3696
f 3696 3720 3697
f 3696 3697 3673
f 3697 3721 3722
f 3697 3722 3698
f 3698 3722 3723
f 3698 3723 3699
f 3699 3723 3724
f 3699 3724 3700
f 3700 3724 3725
f 3700 3725 3701
f 3701 3725 3726
f 3701 3726 3702
f 3702 3726 3727
f 3702 3727 3703
f 3703 3727 3728
f 3703 3728 3704
f 3704 3728 3729
f 3704 3729 3705
f 3705 3729 3730
f 3705 3730 3706
f 3706 3730 3731
f 3706 3731 3707
f 3707 3731 3732
f 3707 3732 3708
f 3708 3732 3733
f 3708 3733 3709
f 3709 3733 3734
f 3709 3734 3710
f 3710 3734 3735
f 3710 3735 3711
f 3711 3735 3736
f 3711 3736 3712
f 3712 3736 3737
f 3712 3737 3713
f 3713 3737 3738
f 3713 3738 3714
f 3714 3738 3739
f 3714 3739 3715
f 3715 3739 3740
f 3715 3740 3716
f 3716 3740 3741
f 3716 3741 3717
f 3717 3741 3742
f 3717 3742 3718
f 3718 3742 3743
f 3718 3743 3719
f 3719 3743 3744
f 3719 3744 3720
f 3720 3744 3721
f 3720 3721 3697
f 3721 3745 3746
f 3721 3746 3722
f 3722 3746 3747
f 3722 3747 3723
f 3723 3747 3748
f 3723 3748 3724
f 3724 3748 3749
f 3724 3749 3725
f 3725 3749 3750
f 3725 3750 3726
f 3726 3750 3751
f 3726 3751 3727
f 3727 3751 3752
f 3727 3752 3728
f 3728 3752 3753
f 3728 3753 3729
f 3729 3753 3754
f 3729 3754 3730
f 3730 3754 3755
f 3730 3755 3731
f 3731 3755 3756
f 3731 3756 3732
f 3732 3756 3757
f 3732 3757 3733
f 3733 3757 3758
f 3733 3758 3734
f 3734 3758 3759
f 3734 3759 3735
f 3735 3759 3760
f 3735 3760 3736
f 3736 3760 3761
f 3736 3761 3737
f 3737 3761 3762
f 3737 3762 3738
f 3738 3762 3763
f 3738 3763 3739
f 3739 3763 3764
f 3739 3764 3740
f 3740 3764 3765
f 3740 3765 3741
f 3741 3765 3766
f 3741 3766 3742
f 3742 3766 3767
f 3742 3767 3743
f 3743 3767 3768
f 3743 3768 3744
f 3744 3768 3745
f 3744 3745 3721
f 3745 3769 3770
f 3745 3770 3746
f 3746 3770 3771
f 3746 3771 3747
f 3747 3771 3772
f 3747 3772 3748
f 3748 3772 3773
f 3748 3773 3749
f 3749 3773 3774
f 3749 3774 3750
f 3750 3774 3775
f 3750 3775 3751
f 3751 3775 3776
f 3751 3776 3752
f 3752 3776 3777
f 3752 3777 3753
f 3753 3777 3778
f 3753 3778 3754
f 3754 3778 3779
f 3754 3779 3755
f 3755 3779 3780
f 3755 3780 3756
f 3756 3780 3781
f 3756 3781 3757
f 3757 3781 3782
f 3757 3782 3758
f 3758 3782 3783
f 3758 3783 3759
f 3759 3783 3784
f 3759 3784 3760
f 3760 3784 3785
f 3760 3785 3761
f 3761 3785 3786
f 3761 3786 3762
f 3762 3786 3787
f 3762 3787 3763
f 3763 3787 3788
f 3763 3788 3764
f 3764 3788 3789
f 3764 3789 3765
f 3765 3789 3790
f 3765 3790 3766
f 3766 3790 3791
f 3766 3791 3767
f 3767 3791 3792
f 3767 3792 3768
f 3768 3792 3769
f 3768 3769 3745
f 3769 3793 3794
f 3769 3794 3770
f 3770 3794 3795
f 3770 3795 3771
f 3771 3795 3796
f 3771 3796 3772
f 3772 3796 3797
f 3772 3797 3773
f 3773 3797 3798
f 3773 3798 3774
f 3774 3798 3799
f 3774 3799 3775
f 3775 3799 3800
f 3775 3800 3776
f 3776 3800 3801
f 3776 3801 3777
f 3777 3801 3802
f 3777 3802 3778
f 3778 3802 3803
f 3778 3803 3779
f 3779 3803 3804
f 3779 3804 3780
f 3780 3804 3805
f 3780 3805 3781
f 3781 3805 3806
f 3781 3806 3782
f 3782 3806 3807
f 3782 3807 3783
f 3783 3807 3808
f 3783 3808 3784
f 3784 3808 3809
f 3784 3809 3785
f 3785 3809 3810
f 3785 3810 3786
f 3786 3810 3811
f 3786 3811 3787
f 3787 3811 3812
f 3787 3812 3788
f 3788 3812 3813
f 3788 3813 3789
f 3789 3813 3814
f 3789 3814 3790
f 3790 3814 3815
f 3790 3815 3791
f 3791 3815 3816
f 3791 3816 3792
f 3792 3816 3793
f 3792 3793 3769
f 3793 3817 3818
f 3793 3818 3794
f 3794 3818 3819
f 3794 3819 3795
f 3795 3819 3820
f 3795 3820 3796
f 3796 3820 3821
f 3796 3821 3797
f 3797 3821 3822
f 3797 3822 3798
f 3798 3822 3823
f 3798 3823 3799
f 3799 3823 3824
f 3799 3824 3800
f 3800 3824 3825
f 3800 3825 3801
f 3801 3825 3826
f 3801 3826 3802
f 3802 3826 3827
f 3802 3827 3803
f 3803 3827 3828
f 3803 3828 3804
f 3804 3828 3829
f 3804 3829 3805
f 3805 3829 3830
f 3805 3830 3806
f 3806 3830 3831
f 3806 3831 3807
f 3807 3831 3832
f 3807 3832 3808
f 3808 3832 3833
f 3808 3833 3809
f 3809 3833 3834
f 3809 3834 3810
f 3810 3834 3835
f 3810 3835 3811
f 3811 3835 3836
f 3811 3836 3812
f 3812 3836 3837
f 3812 3837 3813
f 3813 3837 3838
f 3813 3838 3814
f 3814 3838 3839
f 3814 3839 3815
f 3815 3839 3840
f 3815 3840 3816
f 3816 3840 3817
f 3816 3817 3793
f 3817 3841 3842
f 3817 3842 3818
f 3818 3842 3843
f 3818 3843 3819
f 3819 3843 3844
f 3819 3844 3820
f 3820 3844 3845
f 3820 3845 3821
f 3821 3845 3846
f 3821 3846 3822
f 3822 3846 3847
f 3822 3847 3823
f 3823 3847 3848
f 3823 3848 3824
f 3824 3848 3849
f 3824 3849 3825
f 3825 3849 3850
f 3825 3850 3826
f 3826 3850 3851
f 3826 3851 3827
f 3827 3851 3852
f 3827 3852 3828
f 3828 3852 3853
f 3828 3853 3829
f 3829 3853 3854
f 3829 3854 3830
f 3830 3854 3855
f 3830 3855 3831
f 3831 3855 3856
f 3831 3856 3832
f 3832 3856 3857
f 3832 3857 3833
f 3833 3857 3858
f 3833 3858 3834
f 3834 3858 3859
f 3834 3859 3835
f 3835 3859 3860
f 3835 3860 3836
f 3836 3860 3861
f 3836 3861 3837
f 3837 3861 3862
f 3837 3862 3838
f 3838 3862 3863
f 3838 3863 3839
f 3839 3863 3864
f 3839 3864 3840
f 3840 3864 3841
f 3840 3841 3817
f 3841 3865 3866
f 3841 3866 3842
f 3842 3866 3867
f 3842 3867 3843
f 3843 3867 3868
f 3843 3868 3844
f 3844 3868 3869
f 3844 3869 3845
f 3845 3869 3870
f 3845 3870 3846
f 3846 3870 3871
f 3846 3871 3847
f 3847 3871 3872
f 3847 3872 3848
f 3848 3872 3873
f 3848 3873 3849
f 3849 3873 3874
f 3849 3874 3850
f 3850 3874 3875
f 3850 3875 3851
f 3851 3875 3876
f 3851 3876 3852
f 3852 3876 3877
f 3852 3877 3853
f 3853 3877 3878
f 3853 3878 3854
f 3854 3878 3879
f 3854 3879 3855
f 3855 3879 3880
f 3855 3880 3856
f 3856 3880 3881
f 3856 3881 3857
f 3857 3881 3882
f 3857 3882 3858
f 3858 3882 3883
f 3858 3883 3859
f 3859 3883 3884
f 3859 3884 3860
f 3860 3884 3885
f 3860 3885 3861
f 3861 3885 3886
f 3861 3886 3862
f 3862 3886 3887
f 3862 3887 3863
f 3863 3887 3888
f 3863 3888 3864
f 3864 3888 3865
f 3864 3865 3841
f 3865 3889 3890
f 3865 3890 3866
f 3866 3890 3891
f 3866 3891 3867
f 3867 3891 3892
f 3867 3892 3868
f 3868 3892 3893
f 3868 3893 3869
f 3869 3893 3894
f 3869 3894 3870
f 3870 3894 3895
f 3870 3895 3871
f 3871 3895 3896
f 3871 3896 3872
f 3872 3896 3897
f 3872 3897 3873
f 3873 3897 3898
f 3873 3898 3874
f 3874 3898 3899
f 3874 3899 3875
f 3875 3899 3900
f 3875 3900 3876
f 3876 3900 3901
f 3876 3901 3877
f 3877 3901 3902
f 3877 3902 3878
f 3878 3902 3903
f 3878 3903 3879
f 3879 3903 3904
f 3879 3904 3880
f 3880 3904 3905
f 3880 3905 3881
f 3881 3905 3906
f 3881 3906 3882
f 3882 3906 3907
f 3882 3907 3883
f 3883 3907 3908
f 3883 3908 3884
f 3884 3908 3909
f 3884 3909 3885
f 3885 3909 3910
f 3885 3910 3886
f 3886 3910 3911
f 3886 3911 3887
f 3887 3911 3912
f 3887 3912 3888
f 3888 3912 3889
f 3888 3889 3865
f 3889 3913 3914
f 3889 3914 3890
f 3890 3914 3915
f 3890 3915 3891
f 3891 3915 3916
f 3891 3916 3892
f 3892 3916 3917
f 3892 3917 3893
f 3893 3917 3918
f 3893 3918 3894
f 3894 3918 3919
f 3894 3919 3895
f 3895 3919 3920
f 3895 3920 3896
f 3896 3920 3921
f 3896 3921 3897
f 3897 3921 3922
f 3897 3922 3898
f 3898 3922 3923
f 3898 3923 3899
f 3899 3923 3924
f 3899 3924 3900
f 3900 3924 3925
f 3900 3925 3901
f 3901 3925 3926
f 3901 3926 3902
f 3902 3926 3927
f 3902 3927 3903
f 3903 3927 3928
f 3903 3928 3904
f 3904 3928 3929
f 3904 3929 3905
f 3905 3929 3930
f 3905 3930 3906
f 3906 3930 3931
f 3906 3931 3907
f 3907 3931 3932
f 3907 3932 3908
f 3908 3932 3933
f 3908 3933 3909
f 3909 3933 3934
f 3909 3934 3910
f 3910 3934 3935
f 3910 3935 3911
f 3911 3935 3936
f 3911 3936 3912
f 3912 3936 3913
f 3912 3913 3889
f 3913 3937 3938
f 3913 3938 3914
f 3914 3938 3939
f 3914 3939 3915
f 3915 3939 3940
f 3915 3940 3916
f 3916 3940 3941
f 3916 3941 3917
f 3917 3941 3942
f 3917 3942 3918
f 3918 3942 3943
f 3918 3943 3919
f 3919 3943 3944
f 3919 3944 3920
f 3920 3944 3945
f 3920 3945 3921
f 3921 3945 3946
f 3921 3946 3922
f 3922 3946 3947
f 3922 3947 3923
f 3923 3947 3948
f 3923 3948 3924
f 3924 3948 3949
f 3924 3949 3925
f 3925 3949 3950
f 3925 3950 3926
f 3926 3950 3951
f 3926 3951 3927
f 3927 3951 3952
f 3927 3952 3928
f 3928 3952 3953
f 3928 3953 3929
f 3929 3953 3954
f 3929 3954 3930
f 3930 3954 3955
f 3930 3955 3931
f 3931 3955 3956
f 3931 3956 3932
f 3932 3956 3957
f 3932 3957 3933
f 3933 3957 3958
f 3933 3958 3934
f 3934 3958 3959
f 3934 3959 3935
f 3935 3959 3960
f 3935 3960 3936
f 3936 3960 3937
f 3936 3937 3913
f 3937 3961 3962
f 3937 3962 3938
f 3938 3962 3963
f 3938 3963 3939
f 3939 3963 3964
f 3939 3964 3940
f 3940 3964 3965
f 3940 3965 3941
f 3941 3965 3966
f 3941 3966 3942
f 3942 3966 3967
f 3942 3967 3943
f 3943 3967 3968
f 3943 3968 3944
f 3944 3968 3969
f 3944 3969 3945
f 3945 3969 3970
f 3945 3970 3946
f 3946 3970 3971
f 3946 3971 3947
f 3947 3971 3972
f 3947 3972 3948
f 3948 3972 3973
f 3948 3973 3949
f 3949 3973 3974
f 3949 3974 3950
f 3950 3974 3975
f 3950 3975 3951
f 3951 3975 3976
f 3951 3976 3952
f 3952 3976 3977
f 3952 3977 3953
f 3953 3977 3978
f 3953 3978 3954
f 3954 3978 3979
f 3954 3979 3955
f 3955 3979 3980
f 3955 3980 3956
f 3956 3980 3981
f 3956 3981 3957
f 3957 3981 3982
f 3957 3982 3958
f 3958 3982 3983
f 3958 3983 3959
f 3959 3983 3984
f 3959 3984 3960
f 3960 3984 3961
f 3960 3961 3937
f 3961 3985 3986
f 3961 3986 3962
f 3962 3986 3987
f 3962 3987 3963
f 3963 3987 3988
f 3963 3988 3964
f 3964 3988 3989
f 3964 3989 3965
f 3965 3989 3990
f 3965 3990 3966
f 3966 3990 3991
f 3966 3991 3967
f 3967 3991 3992
f 3967 3992 3968
f 3968 3992 3993
f 3968 3993 3969
f 3969 3993 3994
f 3969 3994 3970
f 3970 3994 3995
f 3970 3995 3971
f 3971 3995 3996
f 3971 3996 3972
f 3972 3996 3997
f 3972 3997 3973
f 3973 3997 3998
f 3973 3998 3974
f 3974 3998 3999
f 3974 3999 3975
f 3975 3999 4000
f 3975 4000 3976
f 3976 4000 4001
f 3976 4001 3977
f 3977 4001 4002
f 3977 4002 3978
f 3978 4002 4003
f 3978 4003 3979
f 3979 4003 4004
f 3979 4004 3980
f 3980 4004 4005
f 3980 4005 3981
f 3981 4005 4006
f 3981 4006 3982
f 3982 4006 4007
f 3982 4007 3983
f 3983 4007 4008
f 3983 4008 3984
f 3984 4008 3985
f 3984 3985 3961
f 3985 4009 4010
f 3985 4010 3986
f 3986 4010 4011
f 3986 4011 3987
f 3987 4011 4012
f 3987 4012 3988
f 3988 4012 4013
f 3988 4013 3989
f 3989 4013 4014
f 3989 4014 3990
f 3990 4014 4015
f 3990 4015 3991
f 3991 4015 4016
f 3991 4016 3992
f 3992 4016 4017
f 3992 4017 3993
f 3993 4017 4018
f 3993 4018 3994
f 3994 4018 4019
f 3994 4019 3995
f 3995 4019 4020
f 3995 4020 3996
f 3996 4020 4021
f 3996 4021 3997
f 3997 4021 4022
f 3997 4022 3998
f 3998 4022 4023
f 3998 4023 3999
f 3999 4023 4024
f 3999 4024 4000
f 4000 4024 4025
f 4000 4025 4001
f 4001 4025 4026
f 4001 4026 4002
f 4002 4026 4027
f 4002 4027 4003
f 4003 4027 4028
f 4003 4028 4004
f 4004 4028 4029
f 4004 4029 4005
f 4005 4029 4030
f 4005 4030 4006
f 4006 4030 4031
f 4006 4031 4007
f 4007 4031 4032
f 4007 4032 4008
f 4008 4032 4009
f 4008 4009 3985
f 4009 4033 4034
f 4009 4034 4010
f 4010 4034 4035
f 4010 4035 4011
f 4011 4035 4036
f 4011 4036 4012
f 4012 4036 4037
f 4012 4037 4013
f 4013 4037 4038
f 4013 4038 4014
f 4014 4038 4039
f 4014 4039 4015
f 4015 4039 4040
f 4015 4040 4016
f 4016 4040 4041
f 4016 4041 4017
f 4017 4041 4042
f 4017 4042 4018
f 4018 4042 4043
f 4018 4043 4019
f 4019 4043 4044
f 4019 4044 4020
f 4020 4044 4045
f 4020 4045 4021
f 4021 4045 4046
f 4021 4046 4022
f 4022 4046 4047
f 4022 4047 4023
f 4023 4047 4048
f 4023 4048 4024
f 4024 4048 4049
f 4024 4049 4025
f 4025 4049 4050
f 4025 4050 4026
f 4026 4050 4051
f 4026 4051 4027
f 4027 4051 4052
f 4027 4052 4028
f 4028 4052 4053
f 4028 4053 4029
f 4029 4053 4054
f 4029 4054 4030
f 4030 4054 4055
f 4030 4055 4031
f 4031 4055 4056
f 4031 4056 4032
f 4032 4056 4033
f 4032 4033 4009
f 4033 4057 4058
f 4033 4058 4034
f 4034 4058 4059
f 4034 4059 4035
f 4035 4059 4060
f 4035 4060 4036
f 4036 4060 4061
f 4036 4061 4037
f 4037 4061 4062
f 4037 4062 4038
f 4038 4062 4063
f 4038 4063 4039
f 4039 4063 4064
f 4039 4064 4040
f 4040 4064 4065
f 4040 4065 4041
f 4041 4065 4066
f 4041 4066 4042
f 4042 4066 4067
f 4042 4067 4043
f 4043 4067 4068
f 4043 4068 4044
f 4044 4068 4069
f 4044 4069 4045
f 4045 4069 4070
f 4045 4070 4046
f 4046 4070 4071
f 4046 4071 4047
f 4047 4071 4072
f 4047 4072 4048
f 4048 4072 4073
f 4048 4073 4049
f 4049 4073 4074
f 4049 4074 4050
f 4050 4074 4075
f 4050 4075 4051
f 4051 4075 4076
f 4051 4076 4052
f 4052 4076 4077
f 4052 4077 4053
f 4053 4077 4078
f 4053 4078 4054
f 4054 4078 4079
f 4054 4079 4055
f 4055 4079 4080
f 4055 4080 4056
f 4056 4080 4057
f 4056 4057 4033
f 4057 4081 4082
f 4057 4082 4058
f 4058 4082 4083
f 4058 4083 4059
f 4059 4083 4084
f 4059 4084 4060
f 4060 4084 4085
f 4060 4085 4061
f 4061 4085 4086
f 4061 4086 4062
f 4062 4086 4087
f 4062 4087 4063
f 4063 4087 4088
f 4063 4088 4064
f 4064 4088 4089
f 4064 4089 4065
f 4065 4089 4090
f 4065 4090 4066
f 4066 4090 4091
f 4066 4091 4067
f 4067 4091 4092
f 4067 4092 4068
f 4068 4092 4093
f 4068 4093 4069
f 4069 4093 4094
f 4069 4094 4070
f 4070 4094 4095
f 4070 4095 4071
f 4071 4095 4096
f 4071 4096 4072
f 4072 4096 4097
f 4072 4097 4073
f 4073 4097 4098
f 4073 4098 4074
f 4074 4098 4099
f 4074 4099 4075
f 4075 4099 4100
f 4075 4100 4076
f 4076 4100 4101
f 4076 4101 4077
f 4077 4101 4102
f 4077 4102 4078
f 4078 4102 4103
f 4078 4103 4079
f 4079 4103 4104
f 4079 4104 4080
f 4080 4104 4081
f 4080 4081 4057
f 4081 4105 4106
f 4081 4106 4082
f 4082 4106 4107
f 4082 4107 4083
f 4083 4107 4108
f 4083 4108 4084
f 4084 4108 4109
f 4084 4109 4085
f 4085 4109 4110
f 4085 4110 4086
f 4086 4110 4111
f 4086 4111 4087
f 4087 4111 4112
f 4087 4112 4088
f 4088 4112 4113
f 4088 4113 4089
f 4089 4113 4114
f 4089 4114 4090
f 4090 4114 4115
f 4090 4115 4091
f 4091 4115 4116
f 4091 4116 4092
f 4092 4116 4117
f 4092 4117 4093
f 4093 4117 4118
f 4093 4118 4094
f 4094 4118 4119
f 4094 4119 4095
f 4095 4119 4120
f 4095 4120 4096
f 4096 4120 4121
f 4096 4121 4097
f 4097 4121 4122
f 4097 4122 4098
f 4098 4122 4123
f 4098 4123 4099
f 4099 4123 4124
f 4099 4124 4100
f 4100 4124 4125
f 4100 4125 4101
f 4101 4125 4126
f 4101 4126 4102
f 4102 4126 4127
f 4102 4127 4103
f 4103 4127 4128
f 4103 4128 4104
f 4104 4128 4105
f 4104 4105 4081
f 4105 4129 4130
f 4105 4130 4106
f 4106 4130 4131
f 4106 4131 4107
f 4107 4131 4132
f 4107 4132 4108
f 4108 4132 4133
f 4108 4133 4109
f 4109 4133 4134
f 4109 4134 4110
f 4110 4134 4135
f 4110 4135 4111
f 4111 4135 4136
f 4111 4136 4112
f 4112 4136 4137
f 4112 4137 4113
f 4113 4137 4138
f 4113 4138 4114
f 4114 4138 4139
f 4114 4139 4115
f 4115 4139 4140
f 4115 4140 4116
f 4116 4140 4141
f 4116 4141 4117
f 4117 4141 4142
f 4117 4142 4118
f 4118 4142 4143
f 4118 4143 4119
f 4119 4143 4144
f 4119 4144 4120
f 4120 4144 4145
f 4120 4145 4121
f 4121 4145 4146
f 4121 4146 4122
f 4122 4146 4147
f 4122 4147 4123
f 4123 4147 4148
f 4123 4148 4124
f 4124 4148 4149
f 4124 4149 4125
f 4125 4149 4150
f 4125 4150 4126
f 4126 4150 4151
f 4126 4151 4127
f 4127 4151 4152
f 4127 4152 4128
f 4128 4152 4129
f 4128 4129 4105
f 4129 4153 4154
f 4129 4154 4130
f 4130 4154 4155
f 4130 4155 4131
f 4131 4155 4156
f 4131 4156 4132
f 4132 4156 4157
f 4132 4157 4133
f 4133 4157 4158
f 4133 4158 4134
f 4134 4158 4159
f 4134 4159 4135
f 4135 4159 4160
f 4135 4160 4136
f 4136 4160 4161
f 4136 4161 4137
f 4137 4161 4162
f 4137 4162 4138
f 4138 4162 4163
f 4138 4163 4139
f 4139 4163 4164
f 4139 4164 4140
f 4140 4164 4165
f 4140 4165 4141
f 4141 4165 4166
f 4141 4166 4142
f 4142 4166 4167
f 4142 4167 4143
f 4143 4167 4168
f 4143 4168 4144
f 4144 4168 4169
f 4144 4169 4145
f 4145 4169 4170
f 4145 4170 4146
f 4146 4170 4171
f 4146 4171 4147
f 4147 4171 4172
f 4147 4172 4148
f 4148 4172 4173
f 4148 4173 4149
f 4149 4173 4174
f 4149 4174 4150
f 4150 4174 4175
f 4150 4175 4151
f 4151 4175 4176
f 4151 4176 4152
f 4152 4176 4153
f 4152 4153 4129
f 4153 4177 4178
f 4153 4178 4154
f 4154 4178 4179
f 4154 4179 4155
f 4155 4179 4180
f 4155 4180 4156
f 4156 4180 4181
f 4156 4181 4157
f 4157 4181 4182
f 4157 4182 4158
f 4158 4182 4183
f 4158 4183 4159
f 4159 4183 4184
f 4159 4184 4160
f 4160 4184 4185
f 4160 4185 4161
f 4161 4185 4186
f 4161 4186 4162
f 4162 4186 4187
f 4162 4187 4163
f 4163 4187 4188
f 4163 4188 4164
f 4164 4188 4189
f 4164 4189 4165
f 4165 4189 4190
f 4165 4190 4166
f 4166 4190 4191
f 4166 4191 4167
f 4167 4191 4192
f 4167 4192 4168
f 4168 4192 4193
f 4168 4193 4169
f 4169 4193 4194
f 4169 4194 4170
f 4170 4194 4195
f 4170 4195 4171
f 4171 4195 4196
f 4171 4196 4172
f 4172 4196 4197
f 4172 4197 4173
f 4173 4197 4198
f 4173 4198 4174
f 4174 4198 4199
f 4174 4199 4175
f 4175 4199 4200
f 4175 4200 4176
f 4176 4200 4177
f 4176 4177 4153
f 4177 4201 4202
f 4177 4202 4178
f 4178 4202 4203
f 4178 4203 4179
f 4179 4203 4204
f 4179 4204 4180
f 4180 4204 4205
f 4180 4205 4181
f 4181 4205 4206
f 4181 4206 4182
f 4182 4206 4207
f 4182 4207 4183
f 4183 4207 4208
f 4183 4208 4184
f 4184 4208 4209
f 4184 4209 4185
f 4185 4209 4210
f 4185 4210 4186
f 4186 4210 4211
f 4186 4211 4187
f 4187 4211 4212
f 4187 4212 4188
f 4188 4212 4213
f 4188 4213 4189
f 4189 4213 4214
f 4189 4214 4190
f 4190 4214 4215
f 4190 4215 4191
f 4191 4215 4216
f 4191 4216 4192
f 4192 4216 4217
f 4192 4217 4193
f 4193 4217 4218
f 4193 4218 4194
f 4194 4218 4219
f 4194 4219 4195
f 4195 4219 4220
f 4195 4220 4196
f 4196 4220 4221
f 4196 4221 4197
f 4197 4221 4222
f 4197 4222 4198
f 4198 4222 4223
f 4198 4223 4199
f 4199 4223 4224
f 4199 4224 4200
f 4200 4224 4201
f 4200 4201 4177
f 4201 4225 4226
f 4201 4226 4202
f 4202 4226 4227
f 4202 4227 4203
f 4203 4227 4228
f 4203 4228 4204
f 4204 4228 4229
f 4204 4229 4205
f 4205 4229 4230
f 4205 4230 4206
f 4206 4230 4231
f 4206 4231 4207
f 4207 4231 4232
f 4207 4232 4208
f 4208 4232 4233
f 4208 4233 4209
f 4209 4233 4234
f 4209 4234 4210
f 4210 4234 4235
f 4210 4235 4211
f 4211 4235 4236
f 4211 4236 4212
f 4212 4236 4237
f 4212 4237 4213
f 4213 4237 4238
f 4213 4238 4214
f 4214 4238 4239
f 4214 4239 4215
f 4215 4239 4240
f 4215 4240 4216
f 4216 4240 4241
f 4216 4241 4217
f 4217 4241 4242
f 4217 4242 4218
f 4218 4242 4243
f 4218 4243 4219
f 4219 4243 4244
f 4219 4244 4220
f 4220 4244 4245
f 4220 4245 4221
f 4221 4245 4246
f 4221 4246 4222
f 4222 4246 4247
f 4222 4247 4223
f 4223 4247 4248
f 4223 4248 4224
f 4224 4248 4225
f 4224 4225 4201
f 4225 4249 4250
f 4225 4250 4226
f 4226 4250 4251
f 4226 4251 4227
f 4227 4251 4252
f 4227 4252 4228
f 4228 4252 4253
f 4228 4253 4229
f 4229 4253 4254
f 4229 4254 4230
f 4230 4254 4255
f 4230 4255 4231
f 4231 4255 4256
f 4231 4256 4232
f 4232 4256 4257
f 4232 4257 4233
f 4233 4257 4258
f 4233 4258 4234
f 4234 4258 4259
f 4234 4259 4235
f 4235 4259 4260
f 4235 4260 4236
f 4236 4260 4261
f 4236 4261 4237
f 4237 4261 4262
f 4237 4262 4238
f 4238 4262 4263
f 4238 4263 4239
f 4239 4263 4264
f 4239 4264 4240
f 4240 4264 4265
f 4240 4265 4241
f 4241 4265 4266
f 4241 4266 4242
f 4242 4266 4267
f 4242 4267 4243
f 4243 4267 4268
f 4243 4268 4244
f 4244 4268 4269
f 4244 4269 4245
f 4245 4269 4270
f 4245 4270 4246
f 4246 4270 4271
f 4246 4271 4247
f 4247 4271 4272
f 4247 4272 4248
f 4248 4272 4249
f 4248 4249 4225
f 4249 4273 4274
f 4249 4274 4250
f 4250 4274 4275
f 4250 4275 4251
f 4251 4275 4276
f 4251 4276 4252
f 4252 4276 4277
f 4252 4277 4253
f 4253 4277 4278
f 4253 4278 4254
f 4254 4278 4279
f 4254 4279 4255
f 4255 4279 4280
f 4255 4280 4256
f 4256 4280 4281
f 4256 4281 4257
f 4257 4281 4282
f 4257 4282 4258
f 4258 4282 4283
f 4258 4283 4259
f 4259 4283 4284
f 4259 4284 4260
f 4260 4284 4285
f 4260 4285 4261
f 4261 4285 4286
f 4261 4286 4262
f 4262 4286 4287
f 4262 4287 4263
f 4263 4287 4288
f 4263 4288 4264
f 4264 4288 4289
f 4264 4289 4265
f 4265 4289 4290
f 4265 4290 4266
f 4266 4290 4291
f 4266 4291 4267
f 4267 4291 4292
f 4267 4292 4268
f 4268 4292 4293
f 4268 4293 4269
f 4269 4293 4294
f 4269 4294 4270
f 4270 4294 4295
f 4270 4295 4271
f 4271 4295 4296
f 4271 4296 4272
f 4272 4296 4273
f 4272 4273 4249
f 4273 4297 4298
f 4273 4298 4274
f 4274 4298 4299
f 4274 4299 4275
f 4275 4299 4300
f 4275 4300 4276
f 4276 4300 4301
f 4276 4301 4277
f 4277 4301 4302
f 4277 4302 4278
f 4278 4302 4303
f 4278 4303 4279
f 4279 4303 4304
f 4279 4304 4280
f 4280 4304 4305
f 4280 4305 4281
f 4281 4305 4306
f 4281 4306 4282
f 4282 4306 4307
f 4282 4307 4283
f 4283 4307 4308
f 4283 4308 4284
f 4284 4308 4309
f 4284 4309 4285
f 4285 4309 4310
f 4285 4310 4286
f 4286 4310 4311
f 4286 4311 4287
f 4287 4311 4312
f 4287 4312 4288
f 4288 4312 4313
f 4288 4313 4289
f 4289 4313 4314
f 4289 4314 4290
f 4290 4314 4315
f 4290 4315 4291
f 4291 4315 4316
f 4291 4316 4292
f 4292 4316 4317
f 4292 4317 4293
f 4293 4317 4318
f 4293 4318 4294
f 4294 4318 4319
f 4294 4319 4295
f 4295 4319 4320
f 4295 4320 4296
f 4296 4320 4297
f 4296 4297 4273
f 4297 4321 4322
f 4297 4322 4298
f 4298 4322 4323
f 4298 4323 4299
f 4299 4323 4324
f 4299 4324 4300
f 4300 4324 4325
f 4300 4325 4301
f 4301 4325 4326
f 4301 4326 4302
f 4302 4326 4327
f 4302 4327 4303
f 4303 4327 4328
f 4303 4328 4304
f 4304 4328 4329
f 4304 4329 4305
f 4305 4329 4330
f 4305 4330 4306
f 4306 4330 4331
f 4306 4331 4307
f 4307 4331 4332
f 4307 4332 4308
f 4308 4332 4333
f 4308 4333 4309
f 4309 4333 4334
f 4309 4334 4310
f 4310 4334 4335
f 4310 4335 4311
f 4311 4335 4336
f 4311 4336 4312
f 4312 4336 4337
f 4312 4337 4313
f 4313 4337 4338
f 4313 4338 4314
f 4314 4338 4339
f 4314 4339 4315
f 4315 4339 4340
f 4315 4340 4316
f 4316 4340 4341
f 4316 4341 4317
f 4317 4341 4342
f 4317 4342 4318
f 4318 4342 4343
f 4318 4343 4319
f 4319 4343 4344
f 4319 4344 4320
f 4320 4344 4321
f 4320 4321 4297
f 4321 4345 4346
f 4321 4346 4322
f 4322 4346 4347
f 4322 4347 4323
f 4323 4347 4348
f 4323 4348 4324
f 4324 4348 4349
f 4324 4349 4325
f 4325 4349 4350
f 4325 4350 4326
f 4326 4350 4351
f 4326 4351 4327
f 4327 4351 4352
f 4327 4352 4328
f 4328 4352 4353
f 4328 4353 4329
f 4329 4353 4354
f 4329 4354 4330
f 4330 4354 4355
f 4330 4355 4331
f 4331 4355 4356
f 4331 4356 4332
f 4332 4356 4357
f 4332 4357 4333
f 4333 4357 4358
f 4333 4358 4334
f 4334 4358 4359
f 4334 4359 4335
f 4335 4359 4360
f 4335 4360 4336
f 4336 4360 4361
f 4336 4361 4337
f 4337 4361 4362
f 4337 4362 4338
f 4338 4362 4363
f 4338 4363 4339
f 4339 4363 4364
f 4339 4364 4340
f 4340 4364 4365
f 4340 4365 4341
f 4341 4365 4366
f 4341 4366 4342
f 4342 4366 4367
f 4342 4367 4343
f 4343 4367 4368
f 4343 4368 4344
f 4344 4368 4345
f 4344 4345 4321
f 4345 4369 4370
f 4345 4370 4346
f 4346 4370 4371
f 4346 4371 4347
f 4347 4371 4372
f 4347 4372 4348
f 4348 4372 4373
f 4348 4373 4349
f 4349 4373 4374
f 4349 4374 4350
f 4350 4374 4375
f 4350 4375 4351
f 4351 4375 4376
f 4351 4376 4352
f 4352 4376 4377
f 4352 4377 4353
f 4353 4377 4378
f 4353 4378 4354
f 4354 4378 4379
f 4354 4379 4355
f 4355 4379 4380
f 4355 4380 4356
f 4356 4380 4381
f 4356 4381 4357
f 4357 4381 4382
f 4357 4382 4358
f 4358 4382 4383
f 4358 4383 4359
f 4359 4383 4384
f 4359 4384 4360
f 4360 4384 4385
f 4360 4385 4361
f 4361 4385 4386
f 4361 4386 4362
f 4362 4386 4387
f 4362 4387 4363
f 4363 4387 4388
f 4363 4388 4364
f 4364 4388 4389
f 4364 4389 4365
f 4365 4389 4390
f 4365 4390 4366
f 4366 4390 4391
f 4366 4391 4367
f 4367 4391 4392
f 4367 4392 4368
f 4368 4392 4369
f 4368 4369 4345
f 4369 4393 4394
f 4369 4394 4370
f 4370 4394 4395
f 4370 4395 4371
f 4371 4395 4396
f 4371 4396 4372
f 4372 4396 4397
f 4372 4397 4373
f 4373 4397 4398
f 4373 4398 4374
f 4374 4398 4399
f 4374 4399 4375
f 4375 4399 4400
f 4375 4400 4376
f 4376 4400 4401
f 4376 4401 4377
f 4377 4401 4402
f 4377 4402 4378
f 4378 4402 4403
f 4378 4403 4379
f 4379 4403 4404
f 4379 4404 4380
f 4380 4404 4405
f 4380 4405 4381
f 4381 4405 4406
f 4381 4406 4382
f 4382 4406 4407
f 4382 4407 4383
f 4383 4407 4408
f 4383 4408 4384
f 4384 4408 4409
f 4384 4409 4385
f 4385 4409 4410
f 4385 4410 4386
f 4386 4410 4411
f 4386 4411 4387
f 4387 4411 4412
f 4387 4412 4388
f 4388 4412 4413
f 4388 4413 4389
f 4389 4413 4414
f 4389 4414 4390
f 4390 4414 4415
f 4390 4415 4391
f 4391 4415 4416
f 4391 4416 4392
f 4392 4416 4393
f 4392 4393 4369
f 4393 4417 4418
f 4393 4418 4394
f 4394 4418 4419
f 4394 4419 4395
f 4395 4419 4420
f 4395 4420 4396
f 4396 4420 4421
f 4396 4421 4397
f 4397 4421 4422
f 4397 4422 4398
f 4398 4422 4423
f 4398 4423 4399
f 4399 4423 4424
f 4399 4424 4400
f 4400 4424 4425
f 4400 4425 4401
f 4401 4425 4426
f 4401 4426 4402
f 4402 4426 4427
f 4402 4427 4403
f 4403 4427 4428
f 4403 4428 4404
f 4404 4428 4429
f 4404 4429 4405
f 4405 4429 4430
f 4405 4430 4406
f 4406 4430 4431
f 4406 4431 4407
f 4407 4431 4432
f 4407 4432 4408
f 4408 4432 4433
f 4408 4433 4409
f 4409 4433 4434
f 4409 4434 4410
f 4410 4434 4435
f 4410 4435 4411
f 4411 4435 4436
f 4411 4436 4412
f 4412 4436 4437
f 4412 4437 4413
f 4413 4437 4438
f 4413 4438 4414
f 4414 4438 4439
f 4414 4439 4415
f 4415 4439 4440
f 4415 4440 4416
f 4416 4440 4417
f 4416 4417 4393
f 4417 4441 4442
f 4417 4442 4418
f 4418 4442 4443
f 4418 4443 4419
f 4419 4443 4444
f 4419 4444 4420
f 4420 4444 4445
f 4420 4445 4421
f 4421 4445 4446
f 4421 4446 4422
f 4422 4446 4447
f 4422 4447 4423
f 4423 4447 4448
f 4423 4448 4424
f 4424 4448 4449
f 4424 4449 4425
f 4425 4449 4450
f 4425 4450 4426
f 4426 4450 4451
f 4426 4451 4427
f 4427 4451 4452
f 4427 4452 4428
f 4428 4452 4453
f 4428 4453 4429
f 4429 4453 4454
f 4429 4454 4430
f 4430 4454 4455
f 4430 4455 4431
f 4431 4455 4456
f 4431 4456 4432
f 4432 4456 4457
f 4432 4457 4433
f 4433 4457 4458
f 4433 4458 4434
f 4434 4458 4459
f 4434 4459 4435
f 4435 4459 4460
f 4435 4460 4436
f 4436 4460 4461
f 4436 4461 4437
f 4437 4461 4462
f 4437 4462 4438
f 4438 4462 4463
f 4438 4463 4439
f 4439 4463 4464
f 4439 4464 4440
f 4440 4464 4441
f 4440 4441 4417
f 4441 4465 4466
f 4441 4466 4442
f 4442 4466 4467
f 4442 4467 4443
f 4443 4467 4468
f 4443 4468 4444
f 4444 4468 4469
f 4444 4469 4445
f 4445 4469 4470
f 4445 4470 4446
f 4446 4470 4471
f 4446 4471 4447
f 4447 4471 4472
f 4447 4472 4448
f 4448 4472 4473
f 4448 4473 4449
f 4449 4473 4474
f 4449 4474 4450
f 4450 4474 4475
f 4450 4475 4451
f 4451 4475 4476
f 4451 4476 4452
f 4452 4476 4477
f 4452 4477 4453
f 4453 4477 4478
f 4453 4478 4454
f 4454 4478 4479
f 4454 4479 4455
f 4455 4479 4480
f 4455 4480 4456
f 4456 4480 4481
f 4456 4481 4457
f 4457 4481 4482
f 4457 4482 4458
f 4458 4482 4483
f 4458 4483 4459
f 4459 4483 4484
f 4459 4484 4460
f 4460 4484 4485
f 4460 4485 4461
f 4461 4485 4486
f 4461 4486 4462
f 4462 4486 4487
f 4462 4487 4463
f 4463 4487 4488
f 4463 4488 4464
f 4464 4488 4465
f 4464 4465 4441
f 4465 4489 4490
f 4465 4490 4466
f 4466 4490 4491
f 4466 4491 4467
f 4467 4491 4492
f 4467 4492 4468
f 4468 4492 4493
f 4468 4493 4469
f 4469 4493 4494
f 4469 4494 4470
f 4470 4494 4495
f 4470 4495 4471
f 4471 4495 4496
f 4471 4496 4472
f 4472 4496 4497
f 4472 4497 4473
f 4473 4497 4498
f 4473 4498 4474
f 4474 4498 4499
f 4474 4499 4475
f 4475 4499 4500
f 4475 4500 4476
f 4476 4500 4501
f 4476 4501 4477
f 4477 4501 4502
f 4477 4502 4478
f 4478 4502 4503
f 4478 4503 4479
f 4479 4503 4504
f 4479 4504 4480
f 4480 4504 4505
f 4480 4505 4481
f 4481 4505 4506
f 4481 4506 4482
f 4482 4506 4507
f 4482 4507 4483
f 4483 4507 4508
f 4483 4508 4484
f 4484 4508 4509
f 4484 4509 4485
f 4485 4509 4510
f 4485 4510 4486
f 4486 4510 4511
f 4486 4511 4487
f 4487 4511 4512
f 4487 4512 4488
f 4488 4512 4489
f 4488 4489 4465
f 4489 4513 4514
f 4489 4514 4490
f 4490 4514 4515
f 4490 4515 4491
f 4491 4515 4516
f 4491 4516 4492
f 4492 4516 4517
f 4492 4517 4493
f 4493 4517 4518
f 4493 4518 4494
f 4494 4518 4519
f 4494 4519 4495
f 4495 4519 4520
f 4495 4520 4496
f 4496 4520 4521
f 4496 4521 4497
f 4497 4521 4522
f 4497 4522 4498
f 4498 4522 4523
f 4498 4523 4499
f 4499 4523 4524
f 4499 4524 4500
f 4500 4524 4525
f 4500 4525 4501
f 4501 4525 4526
f 4501 4526 4502
f 4502 4526 4527
f 4502 4527 4503
f 4503 4527 4528
f 4503 4528 4504
f 4504 4528 4529
f 4504 4529 4505
f 4505 4529 4530
f 4505 4530 4506
f 4506 4530 4531
f 4506 4531 4507
f 4507 4531 4532
f 4507 4532 4508
f 4508 4532 4533
f 4508 4533 4509
f 4509 4533 4534
f 4509 4534 4510
f 4510 4534 4535
f 4510 4535 4511
f 4511 4535 4536
f 4511 4536 4512
f 4512 4536 4513
f 4512 4513 4489
f 4513 4537 4538
f 4513 4538 4514
f 4514 4538 4539
f 4514 4539 4515
f 4515 4539 4540
f 4515 4540 4516
f 4516 4540 4541
f 4516 4541 4517
f 4517 4541 4542
f 4517 4542 4518
f 4518 4542 4543
f 4518 4543 4519
f 4519 4543 4544
f 4519 4544 4520
f 4520 4544 4545
f 4520 4545 4521
f 4521 4545 4546
f 4521 4546 4522
f 4522 4546 4547
f 4522 4547 4523
f 4523 4547 4548
f 4523 4548 4524
f 4524 4548 4549
f 4524 4549 4525
f 4525 4549 4550
f 4525 4550 4526
f 4526 4550 4551
f 4526 4551 4527
f 4527 4551 4552
f 4527 4552 4528
f 4528 4552 4553
f 4528 4553 4529
f 4529 4553 4554
f 4529 4554 4530
f 4530 4554 4555
f 4530 4555 4531
f 4531 4555 4556
f 4531 4556 4532
f 4532 4556 4557
f 4532 4557 4533
f 4533 4557 4558
f 4533 4558 4534
f 4534 4558 4559
f 4534 4559 4535
f 4535 4559 4560
f 4535 4560 4536
f 4536 4560 4537
f 4536 4537 4513
f 4537 4561 4562
f 4537 4562 4538
f 4538 4562 4563
f 4538 4563 4539
f 4539 4563 4564
f 4539 4564 4540
f 4540 4564 4565
f 4540 4565 4541
f 4541 4565 4566
f 4541 4566 4542
f 4542 4566 4567
f 4542 4567 4543
f 4543 4567 4568
f 4543 4568 4544
f 4544 4568 4569
f 4544 4569 4545
f 4545 4569 4570
f 4545 4570 4546
f 4546 4570 4571
f 4546 4571 4547
f 4547 4571 4572
f 4547 4572 4548
f 4548 4572 4573
f 4548 4573 4549
f 4549 4573 4574
f 4549 4574 4550
f 4550 4574 4575
f 4550 4575 4551
f 4551 4575 4576
f 4551 4576 4552
f 4552 4576 4577
f 4552 4577 4553
f 4553 4577 4578
f 4553 4578 4554
f 4554 4578 4579
f 4554 4579 4555
f 4555 4579 4580
f 4555 4580 4556
f 4556 4580 4581
f 4556 4581 4557
f 4557 4581 4582
f 4557 4582 4558
f 4558 4582 4583
f 4558 4583 4559
f 4559 4583 4584
f 4559 4584 4560
f 4560 4584 4561
f 4560 4561 4537
f 4561 4585 4586
f 4561 4586 4562
f 4562 4586 4587
f 4562 4587 4563
f 4563 4587 4588
f 4563 4588 4564
f 4564 4588 4589
f 4564 4589 4565
f 4565 4589 4590
f 4565 4590 4566
f 4566 4590 4591
f 4566 4591 4567
f 4567 4591 4592
f 4567 4592 4568
f 4568 4592 4593
f 4568 4593 4569
f 4569 4593 4594
f 4569 4594 4570
f 4570 4594 4595
f 4570 4595 4571
f 4571 4595 4596
f 4571 4596 4572
f 4572 4596 4597
f 4572 4597 4573
f 4573 4597 4598
f 4573 4598 4574
f 4574 4598 4599
f 4574 4599 4575
f 4575 4599 4600
f 4575 4600 4576
f 4576 4600 4601
f 4576 4601 4577
f 4577 4601 4602
f 4577 4602 4578
f 4578 4602 4603
f 4578 4603 4579
f 4579 4603 4604
f 4579 4604 4580
f 4580 4604 4605
f 4580 4605 4581
f 4581 4605 4606
f 4581 4606 4582
f 4582 4606 4607
f 4582 4607 4583
f 4583 4607 4608
f 4583 4608 4584
f 4584 4608 4585
f 4584 4585 4561
f 4585 4609 4610
f 4585 4610 4586
f 4586 4610 4611
f 4586 4611 4587
f 4587 4611 4612
f 4587 4612 4588
f 4588 4612 4613
f 4588 4613 4589
f 4589 4613 4614
f 4589 4614 4590
f 4590 4614 4615
f 4590 4615 4591
f 4591 4615 4616
f 4591 4616 4592
f 4592 4616 4617
f 4592 4617 4593
f 4593 4617 4618
f 4593 4618 4594
f 4594 4618 4619
f 4594 4619 4595
f 4595 4619 4620
f 4595 4620 4596
f 4596 4620 4621
f 4596 4621 4597
f 4597 4621 4622
f 4597 4622 4598
f 4598 4622 4623
f 4598 4623 4599
f 4599 4623 4624
f 4599 4624 4600
f 4600 4624 4625
f 4600 4625 4601
f 4601 4625 4626
f 4601 4626 4602
f 4602 4626 4627
f 4602 4627 4603
f 4603 4627 4628
f 4603 4628 4604
f 4604 4628 4629
f 4604 4629 4605
f 4605 4629 4630
f 4605 4630 4606
f 4606 4630 4631
f 4606 4631 4607
f 4607 4631 4632
f 4607 4632 4608
f 4608 4632 4609
f 4608 4609 4585
f 4609 4633 4634
f 4609 4634 4610
f 4610 4634 4635
f 4610 4635 4611
f 4611 4635 4636
f 4611 4636 4612
f 4612 4636 4637
f 4612 4637 4613
f 4613 4637 4638
f 4613 4638 4614
f 4614 4638 4639
f 4614 4639 4615
f 4615 4639 4640
f 4615 4640 4616
f 4616 4640 4641
f 4616 4641 4617
f 4617 4641 4642
f 4617 4642 4618
f 4618 4642 4643
f 4618 4643 4619
f 4619 4643 4644
f 4619 4644 4620
f 4620 4644 4645
f 4620 4645 4621
f 4621 4645 4646
f 4621 4646 4622
f 4622 4646 4647
f 4622 4647 4623
f 4623 4647 4648
f 4623 4648 4624
f 4624 4648 4649
f 4624 4649 4625
f 4625 4649 4650
f 4625 4650 4626
f 4626 4650 4651
f 4626 4651 4627
f 4627 4651 4652
f 4627 4652 4628
f 4628 4652 4653
f 4628 4653 4629
f 4629 4653 4654
f 4629 4654 4630
f 4630 4654 4655
f 4630 4655 4631
f 4631 4655 4656
f 4631 4656 4632
f 4632 4656 4633
f 4632 4633 4609
f 4633 4657 4658
f 4633 4658 4634
f 4634 4658 4659
f 4634 4659 4635
f 4635 4659 4660
f 4635 4660 4636
f 4636 4660 4661
f 4636 4661 4637
f 4637 4661 4662
f 4637 4662 4638
f 4638 4662 4663
f 4638 4663 4639
f 4639 4663 4664
f 4639 4664 4640
f 4640 4664 4665
f 4640 4665 4641
f 4641 4665 4666
f 4641 4666 4642
f 4642 4666 4667
f 4642 4667 4643
f 4643 4667 4668
f 4643 4668 4644
f 4644 4668 4669
f 4644 4669 4645
f 4645 4669 4670
f 4645 4670 4646
f 4646 4670 4671
f 4646 4671 4647
f 4647 4671 4672
f 4647 4672 4648
f 4648 4672 4673
f 4648 4673 4649
f 4649 4673 4674
f 4649 4674 4650
f 4650 4674 4675
f 4650 4675 4651
f 4651 4675 4676
f 4651 4676 4652
f 4652 4676 4677
f 4652 4677 4653
f 4653 4677 4678
f 4653 4678 4654
f 4654 4678 4679
f 4654 4679 4655
f 4655 4679 4680
f 4655 4680 4656
f 4656 4680 4657
f 4656 4657 4633
f 4657 4681 4682
f 4657 4682 4658
f 4658 4682 4683
f 4658 4683 4659
f 4659 4683 4684
f 4659 4684 4660
f 4660 4684 4685
f 4660 4685 4661
f 4661 4685 4686
f 4661 4686 4662
f 4662 4686 4687
f 4662 4687 4663
f 4663 4687 4688
f 4663 4688 4664
f 4664 4688 4689
f 4664 4689 4665
f 4665 4689 4690
f 4665 4690 4666
f 4666 4690 4691
f 4666 4691 4667
f 4667 4691 4692
f 4667 4692 4668
f 4668 4692 4693
f 4668 4693 4669
f 4669 4693 4694
f 4669 4694 4670
f 4670 4694 4695
f 4670 4695 4671
f 4671 4695 4696
f 4671 4696 4672
f 4672 4696 4697
f 4672 4697 4673
f 4673 4697 4698
f 4673 4698 4674
f 4674 4698 4699
f 4674 4699 4675
f 4675 4699 4700
f 4675 4700 4676
f 4676 4700 4701
f 4676 4701 4677
f 4677 4701 4702
f 4677 4702 4678
f 4678 4702 4703
f 4678 4703 4679
f 4679 4703 4704
f 4679 4704 4680
f 4680 4704 4681
f 4680 4681 4657
f 4681 4705 4706
f 4681 4706 4682
f 4682 4706 4707
f 4682 4707 4683
f 4683 4707 4708
f 4683 4708 4684
f 4684 4708 4709
f 4684 4709 4685
f 4685 4709 4710
f 4685 4710 4686
f 4686 4710 4711
f 4686 4711 4687
f 4687 4711 4712
f 4687 4712 4688
f 4688 4712 4713
f 4688 4713 4689
f 4689 4713 4714
f 4689 4714 4690
f 4690 4714 4715
f 4690 4715 4691
f 4691 4715 4716
f 4691 4716 4692
f 4692 4716 4717
f 4692 4717 4693
f 4693 4717 4718
f 4693 4718 4694
f 4694 4718 4719
f 4694 4719 4695
f 4695 4719 4720
f 4695 4720 4696
f 4696 4720 4721
f 4696 4721 4697
f 4697 4721 4722
f 4697 4722 4698
f 4698 4722 4723
f 4698 4723 4699
f 4699 4723 4724
f 4699 4724 4700
f 4700 4724 4725
f 4700 4725 4701
f 4701 4725 4726
f 4701 4726 4702
f 4702 4726 4727
f 4702 4727 4703
f 4703 4727 4728
f 4703 4728 4704
f 4704 4728 4705
f 4704 4705 4681
f 4705 4729 4730
f 4705 4730 4706
f 4706 4730 4731
f 4706 4731 4707
f 4707 4731 4732
f 4707 4732 4708
f 4708 4732 4733
f 4708 4733 4709
f 4709 4733 4734
f 4709 4734 4710
f 4710 4734 4735
f 4710 4735 4711
f 4711 4735 4736
f 4711 4736 4712
f 4712 4736 4737
f 4712 4737 4713
f 4713 4737 4738
f 4713 4738 4714
f 4714 4738 4739
f 4714 4739 4715
f 4715 4739 4740
f 4715 4740 4716
f 4716 4740 4741
f 4716 4741 4717
f 4717 4741 4742
f 4717 4742 4718
f 4718 4742 4743
f 4718 4743 4719
f 4719 4743 4744
f 4719 4744 4720
f 4720 4744 4745
f 4720 4745 4721
f 4721 4745 4746
f 4721 4746 4722
f 4722 4746 4747
f 4722 4747 4723
f 4723 4747 4748
f 4723 4748 4724
f 4724 4748 4749
f 4724 4749 4725
f 4725 4749 4750
f 4725 4750 4726
f 4726 4750 4751
f 4726 4751 4727
f 4727 4751 4752
f 4727 4752 4728
f 4728 4752 4729
f 4728 4729 4705
f 4729 4753 4754
f 4729 4754 4730
f 4730 4754 4755
f 4730 4755 4731
f 4731 4755 4756
f 4731 4756 4732
f 4732 4756 4757
f 4732 4757 4733
f 4733 4757 4758
f 4733 4758 4734
f 4734 4758 4759
f 4734 4759 4735
f 4735 4759 4760
f 4735 4760 4736
f 4736 4760 4761
f 4736 4761 4737
f 4737 4761 4762
f 4737 4762 4738
f 4738 4762 4763
f 4738 4763 4739
f 4739 4763 4764
f 4739 4764 4740
f 4740 4764 4765
f 4740 4765 4741
f 4741 4765 4766
f 4741 4766 4742
f 4742 4766 4767
f 4742 4767 4743
f 4743 4767 4768
f 4743 4768 4744
f 4744 4768 4769
f 4744 4769 4745
f 4745 4769 4770
f 4745 4770 4746
f 4746 4770 4771
f 4746 4771 4747
f 4747 4771 4772
f 4747 4772 4748
f 4748 4772 4773
f 4748 4773 4749
f 4749 4773 4774
f 4749 4774 4750
f 4750 4774 4775
f 4750 4775 4751
f 4751 4775 4776
f 4751 4776 4752
f 4752 4776 4753
f 4752 4753 4729
f 4753 4777 4778
f 4753 4778 4754
f 4754 4778 4779
f 4754 4779 4755
f 4755 4779 4780
f 4755 4780 4756
f 4756 4780 4781
f 4756 4781 4757
f 4757 4781 4782
f 4757 4782 4758
f 4758 4782 4783
f 4758 4783 4759
f 4759 4783 4784
f 4759 4784 4760
f 4760 4784 4785
f 4760 4785 4761
f 4761 4785 4786
f 4761 4786 4762
f 4762 4786 4787
f 4762 4787 4763
f 4763 4787 4788
f 4763 4788 4764
f 4764 4788 4789
f 4764 4789 4765
f 4765 4789 4790
f 4765 4790 4766
f 4766 4790 4791
f 4766 4791 4767
f 4767 4791 4792
f 4767 4792 4768
f 4768 4792 4793
f 4768 4793 4769
f 4769 4793 4794
f 4769 4794 4770
f 4770 4794 4795
f 4770 4795 4771
f 4771 4795 4796
f 4771 4796 4772
f 4772 4796 4797
f 4772 4797 4773
f 4773 4797 4798
f 4773 4798 4774
f 4774 4798 4799
f 4774 4799 4775
f 4775 4799 4800
f 4775 4800 4776
f 4776 4800 4777
f 4776 4777 4753
